kelurahan,datetime,suhu,kelembapan,curah_hujan,kecepatan_angin,arah_angin,tutupan_awan,jarak_pandang,cuaca
Kel.Amban,2025-08-20 22:00:00,25,92,1.3,21.1,E,100,< 6 km,Hujan Ringan
Kel.Amban,2025-08-21 00:00:00,25,91,1.3,17.2,E,100,< 7 km,Hujan Ringan
Kel.Amban,2025-08-21 01:00:00,25,90,1.3,23.4,E,100,< 6 km,Hujan Ringan
Kel.Amban,2025-08-21 02:00:00,25,90,1.3,18.2,SE,100,< 6 km,Hujan Ringan
Kel.Amban,2025-08-21 03:00:00,25,91,0.7,18.2,SE,100,< 6 km,Hujan Ringan
Kel.Amban,2025-08-21 04:00:00,25,91,0.6,15.8,E,100,< 6 km,Berawan
Kel.Amban,2025-08-21 05:00:00,25,90,0.7,10.8,E,100,< 6 km,Hujan Ringan
Kel.Amban,2025-08-21 06:00:00,25,91,1.3,10.8,E,100,< 6 km,Hujan Ringan
Kel.Amban,2025-08-21 07:00:00,25,90,1.3,16.5,E,100,< 7 km,Hujan Ringan
Kel.Amban,2025-08-21 08:00:00,25,91,1.3,13.9,E,100,< 5 km,Hujan Ringan
Kel.Amban,2025-08-21 09:00:00,25,91,1.3,13.9,E,100,< 5 km,Hujan Ringan
Kel.Amban,2025-08-21 10:00:00,25,92,1.3,14.4,E,100,< 6 km,Hujan Ringan
Kel.Amban,2025-08-21 11:00:00,25,91,1.3,7.3,E,100,< 6 km,Hujan Ringan
Kel.Amban,2025-08-21 12:00:00,26,88,0.9,15.9,E,100,< 6 km,Hujan Ringan
Kel.Amban,2025-08-21 13:00:00,26,89,0.9,9.0,E,100,< 7 km,Berawan
Kel.Amban,2025-08-21 14:00:00,26,90,0.9,9.0,E,100,< 7 km,Berawan
Kel.Amban,2025-08-21 15:00:00,25,90,1.1,9.0,E,100,< 7 km,Hujan Ringan
Kel.Amban,2025-08-21 16:00:00,25,90,1.1,1.7,N,100,< 8 km,Hujan Ringan
Kel.Amban,2025-08-21 17:00:00,25,90,1.1,1.7,N,100,< 8 km,Hujan Ringan
Kel.Amban,2025-08-21 18:00:00,25,92,0.0,1.7,N,98,< 8 km,Hujan Ringan
Kel.Amban,2025-08-21 19:00:00,25,92,0.0,11.3,W,100,< 8 km,Hujan Ringan
Kel.Amban,2025-08-21 20:00:00,25,93,0.0,11.3,W,100,< 8 km,Berawan
Kel.Amban,2025-08-21 21:00:00,24,92,1.4,11.3,W,100,< 8 km,Hujan Ringan
Kel.Amban,2025-08-21 22:00:00,24,94,1.4,4.9,NW,100,< 7 km,Hujan Ringan
Kel.Amban,2025-08-21 23:00:00,24,93,1.4,4.9,NW,100,< 7 km,Hujan Ringan
Kel.Amban,2025-08-22 00:00:00,24,92,0.4,7.2,NW,100,< 6 km,Berawan
Kel.Amban,2025-08-22 01:00:00,24,94,0.4,4.7,SW,100,< 8 km,Berawan
Kel.Amban,2025-08-22 02:00:00,24,93,0.4,4.7,SW,100,< 8 km,Berawan
Kel.Amban,2025-08-22 03:00:00,24,92,0.1,4.7,SW,100,< 8 km,Berawan
Kel.Amban,2025-08-22 04:00:00,24,90,0.1,3.1,SW,100,> 10 km,Berawan
Kel.Amban,2025-08-22 05:00:00,24,90,0.1,3.1,SW,100,> 10 km,Berawan
Kel.Amban,2025-08-22 06:00:00,24,91,0.1,3.1,SW,100,> 10 km,Berawan
Kel.Amban,2025-08-22 07:00:00,25,90,0.1,2.9,N,100,> 10 km,Berawan
Kel.Amban,2025-08-22 08:00:00,26,86,0.1,2.9,N,100,> 10 km,Berawan
Kel.Amban,2025-08-22 09:00:00,26,88,0.1,2.9,N,100,> 10 km,Berawan
Kel.Amban,2025-08-22 10:00:00,27,84,0.1,3.6,N,100,> 10 km,Berawan
Kel.Amban,2025-08-22 11:00:00,28,76,0.1,6.3,NW,100,< 9 km,Berawan
Kel.Amban,2025-08-22 12:00:00,28,76,0.2,6.3,NW,100,< 9 km,Hujan Ringan
Kel.Amban,2025-08-22 13:00:00,28,76,0.1,9.8,N,99,> 10 km,Berawan
Kel.Amban,2025-08-22 14:00:00,28,76,0.2,9.9,NW,98,< 8 km,Hujan Ringan
Kel.Amban,2025-08-22 15:00:00,27,77,0.4,9.9,NW,100,< 8 km,Hujan Ringan
Kel.Amban,2025-08-22 16:00:00,27,82,0.4,15.6,W,100,< 9 km,Berawan
Kel.Amban,2025-08-22 17:00:00,26,86,0.4,15.6,W,100,< 9 km,Berawan
Kel.Amban,2025-08-22 18:00:00,26,87,0.1,15.6,W,99,< 9 km,Berawan
Kel.Amban,2025-08-22 19:00:00,26,88,0.1,13.5,W,99,< 8 km,Berawan
Kel.Amban,2025-08-22 20:00:00,25,89,0.1,13.5,W,100,< 8 km,Berawan
Kel.Amban,2025-08-22 21:00:00,25,89,0.1,13.5,W,100,< 8 km,Berawan
Kel.Amban,2025-08-22 22:00:00,25,90,0.1,7.0,W,99,< 9 km,Berawan
Kel.Amban,2025-08-22 23:00:00,25,91,0.1,7.0,W,100,< 9 km,Berawan
Kel.Amban,2025-08-23 00:00:00,24,92,0.3,7.5,NW,100,< 9 km,Berawan
Kel.Amban,2025-08-23 01:00:00,24,92,0.3,7.6,W,99,< 8 km,Berawan
Kel.Amban,2025-08-23 02:00:00,24,91,0.3,7.6,W,100,< 8 km,Berawan
Kel.Amban,2025-08-23 03:00:00,24,92,0.2,7.6,W,99,< 8 km,Hujan Ringan
Kel.Amban,2025-08-23 04:00:00,24,91,0.2,1.9,NE,100,< 8 km,Hujan Ringan
Kel.Amban,2025-08-23 05:00:00,24,89,0.2,1.9,NE,100,< 8 km,Berawan
Kel.Amban,2025-08-23 06:00:00,24,91,1.0,1.9,NE,100,< 8 km,Hujan Ringan
Kel.Amban,2025-08-23 07:00:00,25,90,1.0,5.9,NW,100,< 8 km,Hujan Ringan
Kel.Amban,2025-08-23 08:00:00,25,88,1.0,5.9,NW,100,< 8 km,Hujan Ringan
Kel.Amban,2025-08-23 09:00:00,26,87,0.1,5.9,NW,99,< 8 km,Hujan Ringan
Kel.Amban,2025-08-23 10:00:00,27,82,0.1,10.0,N,100,< 9 km,Hujan Ringan
Kel.Amban,2025-08-23 11:00:00,26,90,1.3,5.2,N,100,< 6 km,Hujan Ringan
Kel.Amban,2025-08-23 12:00:00,26,89,0.8,5.2,N,100,< 6 km,Cerah Berawan
Kel.Amban,2025-08-23 13:00:00,26,90,0.8,7.3,NW,100,< 6 km,Hujan Ringan
Kel.Amban,2025-08-23 14:00:00,26,89,0.8,7.3,NW,100,< 6 km,Hujan Ringan
Kel.Amban,2025-08-23 15:00:00,26,89,1.3,7.3,NW,100,< 6 km,Hujan Ringan
Kel.Amban,2025-08-23 16:00:00,25,90,1.3,3.9,NW,100,< 6 km,Hujan Ringan
Kel.Amban,2025-08-23 17:00:00,25,92,1.3,3.9,NW,100,< 6 km,Hujan Ringan
Kel.Amban,2025-08-23 18:00:00,25,92,0.5,3.9,NW,100,< 6 km,Berawan
Kel.Amban,2025-08-23 19:00:00,25,91,0.5,2.8,N,100,< 7 km,Berawan
Kel.Amban,2025-08-23 20:00:00,25,90,0.5,2.8,N,100,< 7 km,Berawan
Kel.Amban,2025-08-23 21:00:00,25,90,0.0,2.8,N,100,< 7 km,Berawan
Kel.Amban,2025-08-23 22:00:00,25,91,0.0,3.5,SW,98,< 6 km,Berawan
Kel.Amban,2025-08-23 23:00:00,24,92,0.0,3.5,SW,100,< 6 km,Berawan
Kel.Amban,2025-08-24 00:00:00,24,92,0.0,3.5,SW,100,< 6 km,Berawan
Kel.Amban,2025-08-24 01:00:00,26,89,0.1,12.7,E,100,< 7 km,Berawan
Kel.Amban,2025-08-24 02:00:00,24,91,0.0,6.3,S,100,< 7 km,Berawan
Kel.Amban,2025-08-24 03:00:00,24,93,0.2,6.3,S,100,< 7 km,Berawan
Kel.Amban,2025-08-24 04:00:00,24,92,1.3,11.3,SE,100,< 7 km,Hujan Ringan
Kel.Amban,2025-08-24 05:00:00,25,88,0.2,10.6,SE,100,< 7 km,Berawan
Kel.Amban,2025-08-24 06:00:00,26,89,1.3,10.6,SE,100,< 7 km,Hujan Ringan
Kel.Amban,2025-08-24 07:00:00,25,90,0.3,12.7,E,100,< 7 km,Berawan
Kel.Amban,2025-08-24 08:00:00,26,88,1.3,8.7,NE,100,< 6 km,Hujan Ringan
Kel.Amban,2025-08-24 09:00:00,26,89,1.2,12.7,E,100,< 7 km,Hujan Ringan
Kel.Amban,2025-08-24 10:00:00,26,88,1.2,19.0,SE,100,< 6 km,Hujan Ringan
Kel.Amban,2025-08-24 11:00:00,27,83,0.8,10.7,E,45,< 6 km,Cerah
Kel.Amban,2025-08-24 12:00:00,26,86,0.0,19.0,SE,62,< 6 km,Hujan Ringan
Kel.Amban,2025-08-24 13:00:00,27,80,0.0,10.5,E,72,< 6 km,Cerah Berawan
Kel.Amban,2025-08-24 14:00:00,27,79,1.3,7.0,NE,83,< 7 km,Hujan Ringan
Kel.Amban,2025-08-24 15:00:00,27,80,0.0,10.5,E,55,< 6 km,Cerah
Kel.Amban,2025-08-24 16:00:00,27,82,0.0,8.1,SE,63,< 7 km,Cerah Berawan
Kel.Amban,2025-08-24 17:00:00,26,86,0.4,9.4,SE,68,< 8 km,Cerah Berawan
Kel.Amban,2025-08-24 18:00:00,26,84,0.0,8.1,SE,96,< 7 km,Berawan
Kel.Amban,2025-08-24 19:00:00,26,86,0.0,13.1,E,94,< 8 km,Hujan Ringan
Kel.Amban,2025-08-24 20:00:00,26,85,0.0,13.1,E,78,< 8 km,Cerah Berawan
Kel.Amban,2025-08-24 21:00:00,26,85,0.0,13.1,E,89,< 8 km,Cerah Berawan
Kel.Amban,2025-08-24 22:00:00,26,85,0.0,15.2,SE,66,< 8 km,Cerah Berawan
Kel.Amban,2025-08-24 23:00:00,26,84,0.0,15.2,SE,32,< 8 km,Cerah
Kel.Amban,2025-08-25 00:00:00,26,85,1.4,15.2,SE,69,< 8 km,Hujan Ringan
Kel.Amban,2025-08-25 01:00:00,25,89,1.4,16.5,E,96,< 9 km,Hujan Ringan
Kel.Amban,2025-08-25 02:00:00,24,92,1.4,16.5,E,99,< 9 km,Hujan Ringan
Kel.Amban,2025-08-25 03:00:00,25,89,0.9,16.5,E,77,< 9 km,Cerah Berawan
Kel.Amban,2025-08-25 04:00:00,25,90,0.9,17.3,SE,79,< 8 km,Cerah Berawan
Kel.Amban,2025-08-25 05:00:00,25,89,0.9,17.3,SE,59,< 8 km,Cerah
Kel.Amban,2025-08-25 06:00:00,26,88,0.1,17.3,SE,55,< 8 km,Cerah
Kel.Amban,2025-08-25 07:00:00,27,85,0.1,17.2,E,35,< 9 km,Cerah
Kel.Amban,2025-08-25 08:00:00,27,83,0.1,17.2,E,49,< 9 km,Cerah
Kel.Amban,2025-08-25 09:00:00,26,84,0.0,4.8,SW,100,> 10 km,Berawan
Kel.Amban,2025-08-25 10:00:00,28,79,2.0,19.6,SE,44,< 8 km,Hujan Ringan
Kel.Amban,2025-08-25 11:00:00,28,76,0.2,9.4,N,69,< 9 km,Hujan Ringan
Kel.Amban,2025-08-25 12:00:00,28,77,0.0,7.6,SE,98,> 10 km,Hujan Ringan
Kel.Amban,2025-08-25 13:00:00,28,78,2.0,13.6,SE,23,< 8 km,Hujan Ringan
Kel.Amban,2025-08-25 14:00:00,28,78,0.3,14.2,NW,80,< 8 km,Cerah Berawan
Kel.Amban,2025-08-25 15:00:00,28,78,0.3,9.1,SE,79,> 10 km,Cerah Berawan
Kel.Amban,2025-08-25 16:00:00,27,82,2.0,7.7,SW,56,< 9 km,Hujan Ringan
Kel.Amban,2025-08-25 17:00:00,26,86,0.5,12.4,W,94,< 9 km,Berawan
Kel.Amban,2025-08-25 18:00:00,26,89,0.0,8.4,W,92,> 10 km,Berawan
Kel.Amban,2025-08-25 19:00:00,25,89,0.3,8.9,W,29,< 9 km,Cerah
Kel.Amban,2025-08-25 20:00:00,25,90,0.0,3.7,NW,74,< 9 km,Cerah Berawan
Kel.Amban,2025-08-25 21:00:00,25,92,0.0,8.7,W,73,> 10 km,Cerah Berawan
Kel.Amban,2025-08-25 22:00:00,25,90,0.1,6.6,W,57,< 9 km,Cerah
Kel.Amban,2025-08-25 23:00:00,24,93,0.0,10.0,SW,100,< 10 km,Berawan
Kel.Amban,2025-08-26 00:00:00,24,92,0.0,8.8,SW,90,> 10 km,Berawan
Kel.Amban,2025-08-26 01:00:00,24,92,0.0,9.7,W,100,< 9 km,Berawan
Kel.Amban,2025-08-26 02:00:00,24,92,0.0,9.7,W,99,< 9 km,Berawan
Kel.Amban,2025-08-26 03:00:00,24,92,0.0,8.2,SW,89,> 10 km,Cerah Berawan
Kel.Amban,2025-08-26 04:00:00,24,91,0.0,4.4,S,100,> 10 km,Berawan
Kel.Amban,2025-08-26 05:00:00,24,90,0.0,4.4,S,100,> 10 km,Berawan
Kel.Amban,2025-08-26 06:00:00,24,91,0.0,7.5,W,96,< 8 km,Berawan
Kel.Amban,2025-08-26 07:00:00,26,89,0.0,5.4,E,100,> 10 km,Berawan
Kel.Amban,2025-08-26 08:00:00,27,83,0.0,5.4,E,100,> 10 km,Berawan
Kel.Amban,2025-08-26 09:00:00,28,79,0.0,5.4,E,100,> 10 km,Berawan
Kel.Amban,2025-08-26 10:00:00,28,76,0.0,7.6,E,100,> 10 km,Berawan
Kel.Amban,2025-08-26 11:00:00,28,76,0.0,7.6,E,95,> 10 km,Berawan
Kel.Amban,2025-08-26 12:00:00,28,78,1.3,11.5,E,100,< 6 km,Hujan Ringan
Kel.Amban,2025-08-26 13:00:00,29,75,0.2,12.3,N,68,> 10 km,Cerah Berawan
Kel.Amban,2025-08-26 14:00:00,28,76,0.2,12.3,N,91,> 10 km,Berawan
Kel.Amban,2025-08-26 15:00:00,27,83,1.3,7.1,N,98,< 6 km,Hujan Ringan
Kel.Amban,2025-08-26 16:00:00,26,85,0.8,6.6,NW,100,< 10 km,Berawan
Kel.Amban,2025-08-26 17:00:00,26,88,0.8,6.6,NW,100,< 10 km,Berawan
Kel.Amban,2025-08-26 18:00:00,25,94,0.1,5.8,S,99,< 7 km,Berawan
Kel.Amban,2025-08-26 19:00:00,24,92,1.5,10.6,NW,99,< 10 km,Hujan Ringan
Kel.Amban,2025-08-26 20:00:00,24,91,1.5,10.6,NW,95,< 10 km,Hujan Ringan
Kel.Amban,2025-08-26 21:00:00,25,91,0.0,10.9,SE,94,< 6 km,Berawan
Kel.Amban,2025-08-26 22:00:00,25,90,0.0,7.2,SE,97,< 7 km,Berawan
Kel.Amban,2025-08-26 23:00:00,25,90,0.0,7.2,SE,96,< 7 km,Berawan
Kel.Amban,2025-08-27 00:00:00,25,89,0.1,7.2,SE,99,< 7 km,Berawan
Kel.Amban,2025-08-27 01:00:00,25,90,0.1,6.7,E,100,< 7 km,Berawan
Kel.Amban,2025-08-27 02:00:00,25,90,0.1,4.1,SE,100,< 7 km,Berawan
Kel.Amban,2025-08-27 03:00:00,25,89,0.0,4.1,SE,100,< 7 km,Berawan
Kel.Amban,2025-08-27 04:00:00,26,86,1.3,13.1,E,100,< 7 km,Hujan Ringan
Kel.Amban,2025-08-27 05:00:00,25,88,0.0,4.1,E,100,< 6 km,Berawan
Kel.Amban,2025-08-27 06:00:00,25,89,0.2,4.1,E,100,< 6 km,Berawan
Kel.Amban,2025-08-27 07:00:00,26,87,0.1,15.7,E,100,< 7 km,Berawan
Kel.Amban,2025-08-27 08:00:00,27,86,0.2,3.1,NW,100,< 6 km,Berawan
Kel.Amban,2025-08-27 09:00:00,27,84,0.2,3.1,NW,100,< 6 km,Berawan
Kel.Amban,2025-08-27 10:00:00,28,80,0.1,16.8,E,100,< 6 km,Hujan Ringan
Kel.Amban,2025-08-27 11:00:00,27,81,0.2,10.1,N,97,< 6 km,Berawan
Kel.Amban,2025-08-27 12:00:00,28,79,1.3,10.1,N,84,< 6 km,Hujan Ringan
Kel.Amban,2025-08-27 13:00:00,28,78,2.1,12.5,NW,100,< 7 km,Hujan Ringan
Kel.Amban,2025-08-27 14:00:00,26,90,2.1,12.5,NW,100,< 7 km,Hujan Ringan
Kel.Amban,2025-08-27 15:00:00,25,91,0.7,12.5,NW,100,< 7 km,Hujan Ringan
Kel.Amban,2025-08-27 16:00:00,25,92,0.7,8.0,W,100,< 9 km,Berawan
Kel.Amban,2025-08-27 17:00:00,25,92,0.7,8.0,W,100,< 9 km,Cerah Berawan
Kel.Amban,2025-08-27 18:00:00,25,94,0.2,8.0,W,100,< 9 km,Berawan
Kel.Amban,2025-08-27 19:00:00,25,93,0.2,9.9,W,100,< 8 km,Berawan
Kel.Amban,2025-08-27 20:00:00,25,93,0.2,9.9,W,100,< 8 km,Hujan Ringan
Kel.Amban,2025-08-27 21:00:00,24,94,0.5,9.9,W,100,< 8 km,Berawan
Kel.Amban,2025-08-27 22:00:00,24,94,0.5,7.0,SW,100,< 8 km,Berawan
Kel.Amban,2025-08-27 23:00:00,24,94,0.5,7.0,SW,99,< 8 km,Hujan Ringan
Kel.Amban,2025-08-28 00:00:00,24,94,0.0,7.0,SW,99,< 8 km,Hujan Ringan
Kel.Amban,2025-08-28 01:00:00,25,92,0.0,11.6,SE,100,< 8 km,Hujan Ringan
Kel.Amban,2025-08-28 02:00:00,25,91,0.0,11.6,SE,100,< 8 km,Berawan
Kel.Amban,2025-08-28 03:00:00,25,90,0.0,11.6,SE,100,< 8 km,Berawan
Kel.Amban,2025-08-28 04:00:00,25,90,0.0,3.9,S,100,< 8 km,Berawan
Kel.Amban,2025-08-28 05:00:00,24,92,0.0,3.9,S,100,< 8 km,Berawan
Kel.Amban,2025-08-28 06:00:00,25,93,0.0,3.9,S,100,< 8 km,Berawan
Kel.Amban,2025-08-28 07:00:00,26,92,0.0,7.4,SE,99,< 8 km,Berawan
Kel.Amban,2025-08-28 08:00:00,27,82,0.0,7.4,SE,100,< 8 km,Berawan
Kel.Amban,2025-08-28 09:00:00,28,81,0.0,7.4,SE,100,< 8 km,Berawan
Kel.Amban,2025-08-28 10:00:00,28,76,0.0,9.1,SE,92,< 9 km,Berawan
Kel.Amban,2025-08-28 11:00:00,29,72,0.0,9.1,SE,52,< 9 km,Cerah
Kel.Amban,2025-08-28 12:00:00,29,71,2.0,9.1,SE,80,< 9 km,Hujan Ringan
Kel.Amban,2025-08-28 13:00:00,29,70,2.0,6.5,SE,96,< 9 km,Hujan Ringan
Kel.Amban,2025-08-28 14:00:00,29,70,2.0,6.5,SE,80,< 9 km,Hujan Ringan
Kel.Amban,2025-08-28 15:00:00,28,75,2.0,6.5,SE,99,< 9 km,Hujan Ringan
Kel.Amban,2025-08-28 16:00:00,28,80,2.0,13.7,SW,99,< 9 km,Hujan Ringan
Kel.Amban,2025-08-28 17:00:00,27,86,2.0,13.7,SW,96,< 9 km,Hujan Ringan
Kel.Amban,2025-08-28 18:00:00,26,83,0.0,7.0,SE,99,< 9 km,Berawan
Kel.Amban,2025-08-28 19:00:00,25,91,0.9,9.5,S,70,< 8 km,Cerah Berawan
Kel.Amban,2025-08-28 20:00:00,26,85,0.0,3.0,SE,30,< 8 km,Cerah
Kel.Amban,2025-08-28 21:00:00,26,86,0.0,3.0,SE,24,< 8 km,Cerah
Kel.Amban,2025-08-28 22:00:00,26,85,0.0,9.7,SE,49,< 8 km,Cerah
Kel.Amban,2025-08-28 23:00:00,26,89,0.0,6.9,W,100,< 6 km,Berawan
Kel.Amban,2025-08-29 00:00:00,25,89,0.0,6.9,W,100,< 6 km,Berawan
Kel.Amban,2025-08-29 01:00:00,25,89,0.0,7.3,W,100,< 6 km,Berawan
Kel.Amban,2025-08-29 02:00:00,25,89,0.0,7.3,W,100,< 6 km,Berawan
Kel.Amban,2025-08-29 03:00:00,25,89,0.0,7.3,W,100,< 6 km,Berawan
Kel.Amban,2025-08-29 04:00:00,25,88,0.0,8.7,SW,100,< 7 km,Berawan
Kel.Amban,2025-08-29 05:00:00,25,86,0.0,8.7,SW,100,< 7 km,Berawan
Kel.Amban,2025-08-29 06:00:00,25,86,0.0,8.7,SW,86,< 7 km,Cerah Berawan
Kel.Amban,2025-08-29 07:00:00,27,83,0.0,4.1,S,95,< 7 km,Berawan
Kel.Amban,2025-08-29 08:00:00,28,79,0.0,4.1,S,100,< 7 km,Berawan
Kel.Amban,2025-08-29 09:00:00,29,75,1.3,4.1,S,100,< 7 km,Hujan Ringan
Kel.Amban,2025-08-29 10:00:00,29,74,1.3,12.0,E,100,< 6 km,Hujan Ringan
Kel.Amban,2025-08-29 11:00:00,29,75,1.3,12.0,E,100,< 6 km,Hujan Ringan
Kel.Amban,2025-08-29 12:00:00,28,82,1.3,7.1,SE,100,< 6 km,Berawan
Kel.Amban,2025-08-29 13:00:00,28,76,1.3,3.9,E,100,< 7 km,Hujan Ringan
Kel.Amban,2025-08-29 14:00:00,28,78,1.3,3.9,E,99,< 7 km,Hujan Ringan
Kel.Amban,2025-08-29 15:00:00,28,75,0.0,4.0,N,100,< 6 km,Berawan
Kel.Amban,2025-08-29 16:00:00,27,85,0.4,6.6,SW,100,< 7 km,Berawan
Kel.Amban,2025-08-29 17:00:00,26,88,0.4,6.6,SW,100,< 7 km,Berawan
Kel.Amban,2025-08-29 18:00:00,26,83,0.0,3.3,NE,92,< 6 km,Berawan
Kel.Amban,2025-08-29 19:00:00,26,88,0.0,5.5,SE,99,< 7 km,Berawan
Kel.Amban,2025-08-29 20:00:00,26,87,0.0,5.5,SE,96,< 7 km,Berawan
Kel.Amban,2025-08-29 21:00:00,26,90,0.1,8.6,W,85,< 7 km,Cerah Berawan
Kel.Amban,2025-08-29 22:00:00,26,83,0.0,8.6,SE,100,< 6 km,Berawan
Kel.Amban,2025-08-29 23:00:00,26,84,0.0,8.6,SE,100,< 6 km,Berawan
Kel.Amban,2025-08-30 00:00:00,25,88,0.0,9.1,S,100,< 9 km,Hujan Ringan
Kel.Amban,2025-08-30 01:00:00,25,86,0.0,8.4,S,97,< 9 km,Berawan
Kel.Amban,2025-08-30 02:00:00,26,87,0.0,16.4,SE,64,< 7 km,Cerah Berawan
Kel.Amban,2025-08-30 03:00:00,25,84,0.0,8.4,S,99,< 9 km,Berawan
Kel.Amban,2025-08-30 04:00:00,25,86,0.0,4.5,NW,97,< 8 km,Berawan
Kel.Amban,2025-08-30 05:00:00,26,88,0.0,24.4,SE,30,< 6 km,Cerah
Kel.Amban,2025-08-30 06:00:00,25,90,0.0,4.5,NW,94,< 8 km,Berawan
Kel.Amban,2025-08-30 07:00:00,27,86,0.0,8.1,NE,98,< 9 km,Berawan
Kel.Amban,2025-08-30 08:00:00,28,80,0.0,28.8,SE,13,> 10 km,Cerah
Kel.Amban,2025-08-30 09:00:00,29,76,0.0,8.1,NE,86,< 9 km,Cerah Berawan
Kel.Amban,2025-08-30 10:00:00,29,73,0.0,14.4,SE,89,< 8 km,Cerah Berawan
Kel.Amban,2025-08-30 11:00:00,29,74,0.0,14.4,SE,18,< 8 km,Cerah
Kel.Amban,2025-08-30 12:00:00,28,80,0.2,13.9,E,32,< 8 km,Berawan
Kel.Amban,2025-08-30 13:00:00,29,78,0.2,15.1,SE,22,< 8 km,Cerah
Kel.Amban,2025-08-30 14:00:00,28,80,0.2,15.1,SE,48,< 8 km,Cerah
Kel.Amban,2025-08-30 15:00:00,28,81,0.1,15.1,SE,94,< 8 km,Berawan
Kel.Amban,2025-08-30 16:00:00,27,84,0.1,15.3,S,85,< 8 km,Cerah Berawan
Kel.Amban,2025-08-30 17:00:00,26,88,0.1,15.3,S,92,< 8 km,Berawan
Kel.Amban,2025-08-30 18:00:00,26,88,0.2,15.3,S,58,< 8 km,Cerah
Kel.Amban,2025-08-30 19:00:00,26,90,0.2,6.6,S,85,< 8 km,Cerah Berawan
Kel.Amban,2025-08-30 20:00:00,26,90,0.2,6.6,S,72,< 8 km,Cerah Berawan
Kel.Amban,2025-08-30 21:00:00,25,90,0.0,6.6,S,74,< 8 km,Cerah Berawan
Kel.Amban,2025-08-30 22:00:00,25,93,0.0,9.0,SW,99,< 8 km,Berawan
Kel.Amban,2025-08-30 23:00:00,25,92,0.0,9.7,W,91,< 7 km,Berawan
Kel.Amban,2025-08-31 00:00:00,25,89,0.0,9.7,W,99,< 7 km,Berawan
Kel.Amban,2025-08-31 01:00:00,25,92,0.0,11.3,W,100,< 7 km,Berawan
Kel.Amban,2025-08-31 02:00:00,25,94,0.0,11.3,W,99,< 7 km,Berawan
Kel.Amban,2025-08-31 03:00:00,25,94,0.3,11.3,W,100,< 7 km,Berawan
Kel.Amban,2025-08-31 04:00:00,25,90,0.3,3.9,S,100,< 7 km,Berawan
Kel.Amban,2025-08-31 05:00:00,25,89,0.3,3.9,S,100,< 7 km,Berawan
Kel.Amban,2025-08-31 06:00:00,25,88,0.0,3.9,S,100,< 7 km,Berawan
Kel.Amban,2025-08-31 07:00:00,26,85,0.0,9.6,E,99,< 6 km,Berawan
Kel.Amban,2025-08-31 08:00:00,27,81,0.0,9.6,E,100,< 6 km,Berawan
Kel.Amban,2025-08-31 09:00:00,28,78,0.0,9.6,E,99,< 6 km,Berawan
Kel.Amban,2025-08-31 10:00:00,28,76,0.0,11.5,E,100,< 7 km,Berawan
Kel.Amban,2025-08-31 11:00:00,29,76,0.0,12.1,E,89,< 9 km,Hujan Ringan
Kel.Amban,2025-08-31 12:00:00,28,78,0.1,12.1,E,99,< 9 km,Hujan Ringan
Kel.Amban,2025-08-31 13:00:00,28,77,0.1,6.7,NE,96,< 8 km,Berawan
Kel.Amban,2025-08-31 14:00:00,29,75,0.1,6.7,NE,86,< 8 km,Cerah Berawan
Kel.Amban,2025-08-31 15:00:00,28,77,0.0,6.7,NE,85,< 8 km,Cerah Berawan
Kel.Amban,2025-08-31 16:00:00,28,79,0.0,5.3,SE,88,< 9 km,Cerah Berawan
Kel.Amban,2025-08-31 17:00:00,27,85,0.0,5.3,SE,86,< 9 km,Cerah Berawan
Kel.Amban,2025-08-31 18:00:00,27,88,0.0,5.3,SE,90,< 9 km,Cerah Berawan
Kel.Amban,2025-08-31 19:00:00,26,89,0.0,9.3,SE,92,< 8 km,Berawan
Kel.Amban,2025-08-31 20:00:00,26,88,0.0,9.3,SE,66,< 8 km,Cerah Berawan
Kel.Amban,2025-08-31 21:00:00,26,88,0.1,9.3,SE,60,< 8 km,Cerah
Kel.Amban,2025-08-31 22:00:00,26,86,0.1,14.2,SE,98,< 8 km,Berawan
Kel.Amban,2025-08-31 23:00:00,26,88,0.1,14.2,SE,99,< 8 km,Berawan
Kel.Amban,2025-09-01 00:00:00,25,91,0.2,11.2,E,97,< 7 km,Berawan
Kel.Amban,2025-09-01 01:00:00,26,88,0.6,21.8,E,99,< 9 km,Berawan
Kel.Amban,2025-09-01 02:00:00,26,87,0.6,21.8,E,100,< 9 km,Berawan
Kel.Amban,2025-09-01 03:00:00,26,90,0.4,22.7,SE,99,< 7 km,Berawan
Kel.Amban,2025-09-01 04:00:00,26,89,0.3,25.3,E,100,< 6 km,Berawan
Kel.Amban,2025-09-01 05:00:00,26,88,0.3,25.3,E,100,< 6 km,Berawan
Kel.Amban,2025-09-01 06:00:00,25,90,1.9,24.1,E,100,< 7 km,Hujan Ringan
Kel.Amban,2025-09-01 07:00:00,26,89,0.9,26.2,E,100,< 7 km,Berawan
Kel.Amban,2025-09-01 08:00:00,26,88,0.9,26.2,E,100,< 7 km,Berawan
Kel.Amban,2025-09-01 09:00:00,26,90,0.5,24.5,E,100,< 7 km,Berawan
Kel.Amban,2025-09-01 10:00:00,26,87,0.5,27.3,E,100,< 6 km,Hujan Ringan
Kel.Amban,2025-09-01 11:00:00,26,88,0.9,23.0,E,100,< 5 km,Hujan Ringan
Kel.Amban,2025-09-01 12:00:00,26,90,0.4,23.0,E,100,< 5 km,Hujan Ringan
Kel.Amban,2025-09-01 13:00:00,26,89,0.4,22.0,E,100,< 7 km,Berawan
Kel.Amban,2025-09-01 14:00:00,26,87,0.4,22.0,E,100,< 7 km,Berawan
Kel.Amban,2025-09-01 15:00:00,27,86,0.0,22.0,E,100,< 7 km,Berawan
Kel.Amban,2025-09-01 16:00:00,27,86,0.0,23.0,E,100,< 7 km,Berawan
Kel.Amban,2025-09-01 17:00:00,26,86,0.0,23.0,E,100,< 7 km,Berawan
Kel.Amban,2025-09-01 18:00:00,27,85,0.0,23.0,E,100,< 7 km,Berawan
Kel.Amban,2025-09-01 19:00:00,27,86,0.0,24.8,E,100,< 7 km,Berawan
Kel.Amban,2025-09-01 20:00:00,27,85,0.0,24.8,E,100,< 7 km,Berawan
Kel.Amban,2025-09-01 21:00:00,27,83,0.1,24.8,E,98,< 7 km,Berawan
Kel.Amban,2025-09-01 22:00:00,27,82,0.1,28.6,E,99,< 7 km,Hujan Ringan
Kel.Amban,2025-09-01 23:00:00,26,85,0.1,28.6,E,94,< 7 km,Berawan
Kel.Amban,2025-09-02 00:00:00,26,86,0.4,25.6,E,99,> 10 km,Berawan
Kel.Amban,2025-09-02 01:00:00,26,87,0.4,25.3,E,99,< 7 km,Berawan
Kel.Amban,2025-09-02 02:00:00,26,87,0.5,24.2,E,100,< 6 km,Berawan
Kel.Amban,2025-09-02 03:00:00,25,90,0.7,25.3,E,100,< 7 km,Berawan
Kel.Amban,2025-09-02 04:00:00,25,89,0.7,20.0,E,100,< 10 km,Berawan
Kel.Amban,2025-09-02 05:00:00,26,86,0.2,21.1,E,100,< 6 km,Berawan
Kel.Amban,2025-09-02 06:00:00,26,87,1.1,20.0,E,100,< 10 km,Hujan Ringan
Kel.Amban,2025-09-02 07:00:00,26,86,1.1,21.7,E,100,< 7 km,Hujan Ringan
Kel.Amban,2025-09-02 08:00:00,26,86,0.6,17.8,E,100,< 6 km,Berawan
Kel.Amban,2025-09-02 09:00:00,26,90,0.6,21.7,E,100,< 7 km,Hujan Ringan
Kel.Amban,2025-09-02 10:00:00,26,87,0.6,22.5,E,100,> 10 km,Hujan Ringan
Kel.Amban,2025-09-02 11:00:00,28,80,0.2,25.2,E,100,< 9 km,Hujan Ringan
Kel.Amban,2025-09-02 12:00:00,27,81,0.2,25.2,E,100,< 9 km,Hujan Ringan
Kel.Amban,2025-09-02 13:00:00,27,81,0.2,18.8,NE,98,< 9 km,Hujan Ringan
Kel.Amban,2025-09-02 14:00:00,27,82,0.2,18.8,NE,91,< 9 km,Hujan Ringan
Kel.Amban,2025-09-02 15:00:00,27,81,0.0,18.8,NE,86,< 9 km,Cerah Berawan
Kel.Amban,2025-09-02 16:00:00,27,82,0.0,12.3,NE,86,< 9 km,Cerah Berawan
Kel.Amban,2025-09-02 17:00:00,27,83,0.0,12.3,NE,79,< 9 km,Cerah Berawan
Kel.Amban,2025-09-02 18:00:00,27,83,0.0,12.3,NE,92,< 9 km,Berawan
Kel.Amban,2025-09-02 19:00:00,27,82,0.0,18.2,E,77,< 8 km,Hujan Ringan
Kel.Amban,2025-09-02 20:00:00,27,83,0.0,18.2,E,62,< 8 km,Cerah Berawan
Kel.Amban,2025-09-02 21:00:00,27,84,0.1,18.2,E,41,< 8 km,Cerah
Kel.Amban,2025-09-02 22:00:00,27,83,0.1,20.5,E,35,< 8 km,Cerah
Kel.Amban,2025-09-02 23:00:00,27,83,0.1,20.5,E,32,< 8 km,Cerah
Kel.Amban,2025-09-03 00:00:00,26,87,0.8,20.5,E,77,< 8 km,Cerah Berawan
Kel.Amban,2025-09-03 01:00:00,26,87,0.8,24.3,E,87,< 8 km,Cerah Berawan
Kel.Amban,2025-09-03 02:00:00,25,90,0.8,24.3,E,86,< 8 km,Cerah Berawan
Kel.Amban,2025-09-03 03:00:00,24,92,0.2,24.3,E,84,< 8 km,Cerah Berawan
Kel.Amban,2025-09-03 04:00:00,24,91,0.2,17.7,SE,51,< 8 km,Cerah
Kel.Amban,2025-09-03 05:00:00,25,90,0.2,17.7,SE,40,< 8 km,Cerah
Kel.Amban,2025-09-03 06:00:00,26,87,0.2,17.7,SE,42,< 8 km,Cerah
Kel.Amban,2025-09-03 07:00:00,26,84,0.2,20.2,SE,52,< 9 km,Cerah
Kel.Amban,2025-09-03 08:00:00,26,82,0.2,20.2,SE,49,< 9 km,Cerah
Kel.Amban,2025-09-03 09:00:00,26,84,0.3,20.2,SE,31,< 9 km,Cerah
Kel.Amban,2025-09-03 10:00:00,27,81,0.2,20.2,E,47,< 9 km,Cerah
Kel.Amban,2025-09-03 11:00:00,28,78,0.3,20.8,E,15,< 9 km,Cerah
Kel.Amban,2025-09-03 12:00:00,28,80,0.0,20.2,E,30,< 9 km,Cerah
Kel.Amban,2025-09-03 13:00:00,28,80,0.0,15.7,E,20,< 8 km,Cerah
Kel.Amban,2025-09-03 14:00:00,28,80,0.0,15.7,E,14,< 8 km,Hujan Ringan
Kel.Amban,2025-09-03 15:00:00,28,80,0.1,15.7,E,20,< 8 km,Cerah Berawan
Kel.Amban,2025-09-03 16:00:00,27,78,0.1,9.7,E,41,< 9 km,Cerah
Kel.Amban,2025-09-03 17:00:00,27,83,0.1,9.7,E,43,< 9 km,Cerah
Kel.Amban,2025-09-03 18:00:00,27,83,0.1,9.7,E,40,< 9 km,Cerah
Kel.Amban,2025-09-03 19:00:00,27,83,0.1,9.6,E,36,< 9 km,Cerah
Kel.Amban,2025-09-03 20:00:00,26,84,0.1,9.6,E,60,< 9 km,Cerah Berawan
Kel.Amban,2025-09-03 21:00:00,26,86,1.1,9.6,E,87,< 9 km,Hujan Ringan
Kel.Amban,2025-09-03 22:00:00,25,89,1.1,12.7,E,99,< 8 km,Hujan Ringan
Kel.Amban,2025-09-03 23:00:00,25,91,1.1,12.7,E,99,< 8 km,Hujan Ringan
Kel.Amban,2025-09-04 00:00:00,24,90,0.5,4.7,NE,99,< 7 km,Berawan
Kel.Amban,2025-09-04 01:00:00,24,90,0.5,10.8,E,99,< 6 km,Berawan
Kel.Amban,2025-09-04 02:00:00,25,90,0.6,17.1,E,97,< 8 km,Berawan
Kel.Amban,2025-09-04 03:00:00,24,92,0.3,10.8,E,94,< 6 km,Berawan
Kel.Amban,2025-09-04 04:00:00,24,91,0.3,11.0,SE,83,< 6 km,Cerah Berawan
Kel.Amban,2025-09-04 05:00:00,25,90,1.3,16.7,SE,99,< 8 km,Hujan Ringan
Kel.Amban,2025-09-04 06:00:00,25,90,0.2,11.0,SE,98,< 6 km,Berawan
Kel.Amban,2025-09-04 07:00:00,26,88,0.2,12.7,SE,59,< 7 km,Cerah
Kel.Amban,2025-09-04 08:00:00,26,85,0.2,12.7,SE,54,< 7 km,Cerah
Kel.Amban,2025-09-04 09:00:00,27,81,0.1,12.7,SE,44,< 7 km,Cerah
Kel.Amban,2025-09-04 10:00:00,28,78,0.1,21.0,E,64,< 7 km,Cerah Berawan
Kel.Amban,2025-09-04 11:00:00,28,78,0.1,21.0,E,57,< 7 km,Hujan Ringan
Kel.Amban,2025-09-04 12:00:00,27,79,1.3,15.5,SE,39,< 7 km,Hujan Ringan
Kel.Amban,2025-09-04 13:00:00,28,77,0.1,18.5,E,48,< 7 km,Cerah
Kel.Amban,2025-09-04 14:00:00,27,80,1.3,14.3,E,97,< 6 km,Hujan Ringan
Kel.Amban,2025-09-04 15:00:00,27,78,1.3,14.3,E,83,< 6 km,Hujan Ringan
Kel.Amban,2025-09-04 16:00:00,27,79,1.3,12.0,SE,93,< 7 km,Hujan Ringan
Kel.Amban,2025-09-04 17:00:00,27,83,1.3,12.0,SE,100,< 7 km,Hujan Ringan
Kel.Amban,2025-09-04 18:00:00,26,84,0.1,12.0,SE,100,< 7 km,Berawan
Kel.Amban,2025-09-04 19:00:00,26,84,0.1,16.6,E,100,< 6 km,Berawan
Kel.Amban,2025-09-04 20:00:00,26,83,0.1,16.6,E,100,< 6 km,Berawan
Kel.Amban,2025-09-04 21:00:00,27,83,0.4,16.6,E,100,< 6 km,Berawan
Kel.Amban,2025-09-04 22:00:00,26,84,0.4,25.2,E,98,< 6 km,Berawan
Kel.Amban,2025-09-04 23:00:00,26,85,0.4,25.2,E,97,< 6 km,Berawan
Kel.Amban,2025-09-05 00:00:00,26,87,1.1,25.2,E,99,< 6 km,Hujan Ringan
Kel.Amban,2025-09-05 01:00:00,25,90,1.1,16.7,E,100,< 6 km,Hujan Ringan
Kel.Amban,2025-09-05 02:00:00,25,90,1.1,16.7,E,99,< 6 km,Hujan Ringan
Kel.Amban,2025-09-05 03:00:00,25,91,1.6,16.7,E,99,< 6 km,Hujan Ringan
Kel.Amban,2025-09-05 04:00:00,25,91,1.6,20.4,E,99,< 6 km,Hujan Ringan
Kel.Amban,2025-09-05 05:00:00,25,90,1.6,20.4,E,99,< 6 km,Hujan Ringan
Kel.Amban,2025-09-05 06:00:00,25,91,0.9,20.4,E,100,< 6 km,Berawan
Kel.Amban,2025-09-05 07:00:00,26,89,0.9,20.1,E,96,< 6 km,Berawan
Kel.Amban,2025-09-05 08:00:00,26,87,0.9,20.1,E,63,< 6 km,Cerah Berawan
Kel.Amban,2025-09-05 09:00:00,27,86,1.3,20.1,E,87,< 6 km,Hujan Ringan
Kel.Amban,2025-09-05 10:00:00,26,89,1.3,16.8,E,97,< 7 km,Hujan Ringan
Kel.Amban,2025-09-05 11:00:00,26,89,1.3,16.8,E,73,< 7 km,Hujan Ringan
Kel.Amban,2025-09-05 12:00:00,27,85,1.3,16.8,E,87,< 7 km,Hujan Ringan
Kel.Amban,2025-09-05 13:00:00,28,80,1.3,11.7,E,83,< 7 km,Hujan Ringan
Kel.Amban,2025-09-05 14:00:00,28,78,1.3,11.7,E,59,< 7 km,Hujan Ringan
Kel.Amban,2025-09-05 15:00:00,28,78,0.0,11.7,E,96,< 7 km,Berawan
Kel.Amban,2025-09-05 16:00:00,27,80,0.0,7.1,E,100,< 7 km,Berawan
Kel.Amban,2025-09-05 17:00:00,27,83,0.0,7.1,E,100,< 7 km,Berawan
Kel.Amban,2025-09-05 18:00:00,27,85,0.1,7.1,E,100,< 7 km,Berawan
Kel.Amban,2025-09-05 19:00:00,27,84,0.1,11.0,E,99,< 6 km,Berawan
Kel.Amban,2025-09-05 20:00:00,26,85,0.1,11.0,E,99,< 6 km,Berawan
Kel.Amban,2025-09-05 21:00:00,26,85,0.1,11.0,E,99,< 6 km,Berawan
Kel.Amban,2025-09-05 22:00:00,26,86,0.1,14.5,SE,99,< 7 km,Berawan
Kel.Amban,2025-09-05 23:00:00,25,87,0.1,14.5,SE,100,< 7 km,Berawan
Kel.Amban,2025-09-06 00:00:00,26,87,0.1,14.5,SE,100,< 7 km,Berawan
Kel.Amban,2025-09-06 01:00:00,26,85,0.1,15.7,E,100,< 7 km,Berawan
Kel.Amban,2025-09-06 02:00:00,26,86,0.1,15.7,E,100,< 7 km,Berawan
Kel.Amban,2025-09-06 03:00:00,25,90,0.9,15.7,E,98,< 7 km,Berawan
Kel.Amban,2025-09-06 04:00:00,25,90,0.9,20.4,E,94,< 6 km,Berawan
Kel.Amban,2025-09-06 05:00:00,26,88,0.9,20.4,E,82,< 6 km,Cerah Berawan
Kel.Amban,2025-09-06 06:00:00,26,89,0.1,20.4,E,47,< 6 km,Cerah
Kel.Amban,2025-09-06 07:00:00,27,85,0.1,19.5,E,43,< 6 km,Cerah
Kel.Amban,2025-09-06 08:00:00,27,83,0.1,19.5,E,20,< 6 km,Cerah
Kel.Amban,2025-09-06 09:00:00,28,80,0.2,19.5,E,51,< 6 km,Cerah
Kel.Amban,2025-09-06 10:00:00,28,82,0.2,19.5,E,27,< 6 km,Cerah
Kel.Amban,2025-09-06 11:00:00,29,79,0.2,19.5,E,26,< 6 km,Cerah
Kel.Amban,2025-09-06 12:00:00,29,76,0.2,12.7,E,20,< 6 km,Cerah
Kel.Amban,2025-09-06 13:00:00,29,75,0.2,12.7,E,18,< 6 km,Cerah
Kel.Amban,2025-09-06 14:00:00,29,77,0.2,12.7,E,74,< 6 km,Cerah Berawan
Kel.Amban,2025-09-06 15:00:00,28,78,0.6,12.7,E,94,< 6 km,Berawan
Kel.Amban,2025-09-06 16:00:00,28,80,0.6,12.7,E,95,< 6 km,Berawan
Kel.Amban,2025-09-06 17:00:00,27,83,0.6,12.7,E,97,< 6 km,Berawan
Kel.Amban,2025-09-06 18:00:00,27,85,0.6,7.8,N,99,< 7 km,Berawan
Kel.Amban,2025-09-06 19:00:00,26,92,0.6,7.8,N,100,< 7 km,Berawan
Kel.Amban,2025-09-06 20:00:00,26,89,0.6,7.8,N,99,< 7 km,Berawan
Kel.Amban,2025-09-06 21:00:00,25,90,0.5,7.8,N,95,< 7 km,Berawan
Kel.Amban,2025-09-06 22:00:00,25,91,0.5,7.8,N,94,< 7 km,Berawan
Kel.Amban,2025-09-06 23:00:00,25,91,0.5,7.8,N,92,< 7 km,Berawan
Kel.Manokwari Barat,2025-08-20 22:00:00,25,91,1.3,22.3,E,100,< 6 km,Hujan Ringan
Kel.Manokwari Barat,2025-08-21 00:00:00,25,91,1.3,18.1,E,100,< 7 km,Hujan Ringan
Kel.Manokwari Barat,2025-08-21 01:00:00,25,90,1.3,21.6,E,100,< 6 km,Hujan Ringan
Kel.Manokwari Barat,2025-08-21 02:00:00,25,90,1.3,18.7,E,100,< 6 km,Hujan Ringan
Kel.Manokwari Barat,2025-08-21 03:00:00,25,90,0.6,18.7,E,100,< 6 km,Hujan Ringan
Kel.Manokwari Barat,2025-08-21 04:00:00,25,90,0.6,13.2,E,100,< 6 km,Berawan
Kel.Manokwari Barat,2025-08-21 05:00:00,25,90,0.6,7.8,E,100,< 6 km,Hujan Ringan
Kel.Manokwari Barat,2025-08-21 06:00:00,25,91,1.3,7.8,E,100,< 6 km,Hujan Ringan
Kel.Manokwari Barat,2025-08-21 07:00:00,26,89,1.3,15.4,SE,100,< 7 km,Hujan Ringan
Kel.Manokwari Barat,2025-08-21 08:00:00,25,91,1.3,8.9,E,100,< 5 km,Hujan Ringan
Kel.Manokwari Barat,2025-08-21 09:00:00,25,90,1.3,8.9,E,100,< 5 km,Hujan Ringan
Kel.Manokwari Barat,2025-08-21 10:00:00,25,91,1.3,7.6,E,100,< 6 km,Hujan Ringan
Kel.Manokwari Barat,2025-08-21 11:00:00,25,91,1.3,2.2,SE,100,< 6 km,Hujan Ringan
Kel.Manokwari Barat,2025-08-21 12:00:00,26,88,0.9,11.3,E,100,< 6 km,Hujan Ringan
Kel.Manokwari Barat,2025-08-21 13:00:00,26,88,0.9,8.9,E,100,< 7 km,Berawan
Kel.Manokwari Barat,2025-08-21 14:00:00,26,89,0.9,8.9,E,100,< 7 km,Berawan
Kel.Manokwari Barat,2025-08-21 15:00:00,25,89,1.0,8.9,E,100,< 7 km,Hujan Ringan
Kel.Manokwari Barat,2025-08-21 16:00:00,25,90,1.0,1.6,W,100,< 8 km,Hujan Ringan
Kel.Manokwari Barat,2025-08-21 17:00:00,25,90,1.0,1.6,W,100,< 8 km,Hujan Ringan
Kel.Manokwari Barat,2025-08-21 18:00:00,25,91,0.0,1.6,W,98,< 8 km,Hujan Ringan
Kel.Manokwari Barat,2025-08-21 19:00:00,25,92,0.0,10.1,W,100,< 8 km,Hujan Ringan
Kel.Manokwari Barat,2025-08-21 20:00:00,25,93,0.0,10.1,W,100,< 8 km,Berawan
Kel.Manokwari Barat,2025-08-21 21:00:00,24,92,1.6,10.1,W,100,< 8 km,Hujan Ringan
Kel.Manokwari Barat,2025-08-21 22:00:00,24,94,1.6,8.6,NW,100,< 7 km,Hujan Ringan
Kel.Manokwari Barat,2025-08-21 23:00:00,24,93,1.6,8.6,NW,100,< 7 km,Hujan Ringan
Kel.Manokwari Barat,2025-08-22 00:00:00,24,92,0.4,11.6,W,100,< 7 km,Berawan
Kel.Manokwari Barat,2025-08-22 01:00:00,24,93,0.4,4.0,SW,100,< 9 km,Berawan
Kel.Manokwari Barat,2025-08-22 02:00:00,24,92,0.4,4.0,SW,100,< 9 km,Berawan
Kel.Manokwari Barat,2025-08-22 03:00:00,24,92,0.1,4.0,SW,100,< 9 km,Berawan
Kel.Manokwari Barat,2025-08-22 04:00:00,24,90,0.1,3.2,S,100,> 10 km,Berawan
Kel.Manokwari Barat,2025-08-22 05:00:00,24,90,0.1,3.2,S,100,> 10 km,Berawan
Kel.Manokwari Barat,2025-08-22 06:00:00,24,90,0.0,3.2,S,100,> 10 km,Berawan
Kel.Manokwari Barat,2025-08-22 07:00:00,25,90,0.0,1.9,E,100,> 10 km,Berawan
Kel.Manokwari Barat,2025-08-22 08:00:00,26,86,0.0,1.9,E,100,> 10 km,Berawan
Kel.Manokwari Barat,2025-08-22 09:00:00,26,87,0.1,1.9,E,100,> 10 km,Berawan
Kel.Manokwari Barat,2025-08-22 10:00:00,27,84,0.1,4.6,SE,100,> 10 km,Berawan
Kel.Manokwari Barat,2025-08-22 11:00:00,28,77,0.1,4.3,S,100,< 9 km,Berawan
Kel.Manokwari Barat,2025-08-22 12:00:00,28,76,0.3,4.3,S,100,< 9 km,Hujan Ringan
Kel.Manokwari Barat,2025-08-22 13:00:00,28,77,0.1,5.1,SE,99,> 10 km,Berawan
Kel.Manokwari Barat,2025-08-22 14:00:00,28,77,0.3,3.8,E,98,< 8 km,Hujan Ringan
Kel.Manokwari Barat,2025-08-22 15:00:00,27,78,0.5,3.8,E,100,< 8 km,Hujan Ringan
Kel.Manokwari Barat,2025-08-22 16:00:00,27,82,0.5,11.8,W,100,< 9 km,Berawan
Kel.Manokwari Barat,2025-08-22 17:00:00,26,86,0.5,11.8,W,100,< 9 km,Berawan
Kel.Manokwari Barat,2025-08-22 18:00:00,26,87,0.1,11.8,W,100,< 9 km,Berawan
Kel.Manokwari Barat,2025-08-22 19:00:00,26,88,0.1,12.6,W,99,< 8 km,Berawan
Kel.Manokwari Barat,2025-08-22 20:00:00,25,88,0.1,12.6,W,100,< 8 km,Berawan
Kel.Manokwari Barat,2025-08-22 21:00:00,25,89,0.1,12.6,W,100,< 8 km,Berawan
Kel.Manokwari Barat,2025-08-22 22:00:00,25,89,0.1,5.6,SW,99,< 9 km,Berawan
Kel.Manokwari Barat,2025-08-22 23:00:00,25,90,0.1,5.6,SW,100,< 9 km,Berawan
Kel.Manokwari Barat,2025-08-23 00:00:00,25,91,0.2,7.6,W,100,< 9 km,Berawan
Kel.Manokwari Barat,2025-08-23 01:00:00,24,91,0.2,8.5,W,98,< 8 km,Berawan
Kel.Manokwari Barat,2025-08-23 02:00:00,24,90,0.2,8.5,W,99,< 8 km,Berawan
Kel.Manokwari Barat,2025-08-23 03:00:00,24,90,0.2,8.5,W,99,< 8 km,Hujan Ringan
Kel.Manokwari Barat,2025-08-23 04:00:00,24,90,0.2,2.1,SW,100,< 8 km,Hujan Ringan
Kel.Manokwari Barat,2025-08-23 05:00:00,24,88,0.2,2.1,SW,100,< 8 km,Berawan
Kel.Manokwari Barat,2025-08-23 06:00:00,25,90,0.7,2.1,SW,100,< 8 km,Hujan Ringan
Kel.Manokwari Barat,2025-08-23 07:00:00,25,89,0.7,9.4,NW,100,< 8 km,Hujan Ringan
Kel.Manokwari Barat,2025-08-23 08:00:00,26,87,0.7,9.4,NW,100,< 8 km,Hujan Ringan
Kel.Manokwari Barat,2025-08-23 09:00:00,26,86,0.1,9.4,NW,99,< 8 km,Hujan Ringan
Kel.Manokwari Barat,2025-08-23 10:00:00,27,81,0.1,5.5,NE,100,< 9 km,Hujan Ringan
Kel.Manokwari Barat,2025-08-23 11:00:00,26,91,1.3,0.7,NW,100,< 6 km,Hujan Ringan
Kel.Manokwari Barat,2025-08-23 12:00:00,26,89,0.9,0.7,NW,100,< 6 km,Hujan Ringan
Kel.Manokwari Barat,2025-08-23 13:00:00,26,90,0.9,4.5,NW,100,< 6 km,Hujan Ringan
Kel.Manokwari Barat,2025-08-23 14:00:00,26,89,0.9,4.5,NW,100,< 6 km,Hujan Ringan
Kel.Manokwari Barat,2025-08-23 15:00:00,26,89,1.3,4.5,NW,100,< 6 km,Hujan Ringan
Kel.Manokwari Barat,2025-08-23 16:00:00,25,90,1.3,5.2,W,100,< 6 km,Hujan Ringan
Kel.Manokwari Barat,2025-08-23 17:00:00,25,92,1.3,5.2,W,100,< 6 km,Hujan Ringan
Kel.Manokwari Barat,2025-08-23 18:00:00,25,92,0.6,5.2,W,100,< 6 km,Berawan
Kel.Manokwari Barat,2025-08-23 19:00:00,25,91,0.6,3.3,NW,100,< 7 km,Berawan
Kel.Manokwari Barat,2025-08-23 20:00:00,25,90,0.6,3.3,NW,100,< 7 km,Berawan
Kel.Manokwari Barat,2025-08-23 21:00:00,25,90,0.0,3.3,NW,100,< 7 km,Berawan
Kel.Manokwari Barat,2025-08-23 22:00:00,25,91,0.0,5.8,SW,98,< 6 km,Berawan
Kel.Manokwari Barat,2025-08-23 23:00:00,25,91,0.0,5.8,SW,100,< 6 km,Berawan
Kel.Manokwari Barat,2025-08-24 00:00:00,24,91,0.0,5.8,SW,100,< 6 km,Berawan
Kel.Manokwari Barat,2025-08-24 01:00:00,26,89,0.1,13.5,SE,100,< 7 km,Berawan
Kel.Manokwari Barat,2025-08-24 02:00:00,24,91,0.0,7.5,SE,100,< 7 km,Berawan
Kel.Manokwari Barat,2025-08-24 03:00:00,25,92,0.2,7.5,SE,100,< 7 km,Berawan
Kel.Manokwari Barat,2025-08-24 04:00:00,24,92,1.3,11.6,SE,100,< 7 km,Hujan Ringan
Kel.Manokwari Barat,2025-08-24 05:00:00,25,88,0.2,13.6,SE,100,< 7 km,Berawan
Kel.Manokwari Barat,2025-08-24 06:00:00,26,89,1.3,13.6,SE,100,< 7 km,Hujan Ringan
Kel.Manokwari Barat,2025-08-24 07:00:00,25,90,0.3,12.6,E,100,< 7 km,Berawan
Kel.Manokwari Barat,2025-08-24 08:00:00,26,87,1.3,11.1,E,100,< 6 km,Hujan Ringan
Kel.Manokwari Barat,2025-08-24 09:00:00,26,89,1.4,12.6,E,100,< 7 km,Hujan Ringan
Kel.Manokwari Barat,2025-08-24 10:00:00,26,88,1.4,16.4,SE,100,< 6 km,Hujan Ringan
Kel.Manokwari Barat,2025-08-24 11:00:00,27,83,0.8,10.3,E,37,< 6 km,Cerah
Kel.Manokwari Barat,2025-08-24 12:00:00,26,86,0.0,16.4,SE,56,< 6 km,Hujan Ringan
Kel.Manokwari Barat,2025-08-24 13:00:00,27,80,0.0,10.8,SE,73,< 6 km,Cerah Berawan
Kel.Manokwari Barat,2025-08-24 14:00:00,28,78,1.3,5.6,E,79,< 7 km,Hujan Ringan
Kel.Manokwari Barat,2025-08-24 15:00:00,27,80,0.0,10.8,SE,55,< 6 km,Cerah
Kel.Manokwari Barat,2025-08-24 16:00:00,27,82,0.0,8.2,SE,62,< 7 km,Cerah Berawan
Kel.Manokwari Barat,2025-08-24 17:00:00,26,85,0.3,7.2,SE,63,< 8 km,Cerah Berawan
Kel.Manokwari Barat,2025-08-24 18:00:00,26,84,0.0,8.2,SE,95,< 7 km,Berawan
Kel.Manokwari Barat,2025-08-24 19:00:00,26,85,0.0,13.1,E,90,< 8 km,Berawan
Kel.Manokwari Barat,2025-08-24 20:00:00,27,84,0.0,13.1,E,78,< 8 km,Cerah Berawan
Kel.Manokwari Barat,2025-08-24 21:00:00,26,84,0.0,13.1,E,91,< 8 km,Berawan
Kel.Manokwari Barat,2025-08-24 22:00:00,26,84,0.0,17.2,SE,66,< 8 km,Cerah Berawan
Kel.Manokwari Barat,2025-08-24 23:00:00,26,84,0.0,17.2,SE,34,< 8 km,Cerah
Kel.Manokwari Barat,2025-08-25 00:00:00,26,84,1.4,17.2,SE,69,< 8 km,Hujan Ringan
Kel.Manokwari Barat,2025-08-25 01:00:00,25,89,1.4,13.2,E,94,< 9 km,Hujan Ringan
Kel.Manokwari Barat,2025-08-25 02:00:00,25,91,1.4,13.2,E,99,< 9 km,Hujan Ringan
Kel.Manokwari Barat,2025-08-25 03:00:00,25,89,0.8,13.2,E,75,< 9 km,Cerah Berawan
Kel.Manokwari Barat,2025-08-25 04:00:00,25,90,0.8,15.8,SE,80,< 8 km,Cerah Berawan
Kel.Manokwari Barat,2025-08-25 05:00:00,25,88,0.8,15.8,SE,63,< 8 km,Cerah Berawan
Kel.Manokwari Barat,2025-08-25 06:00:00,26,88,0.1,15.8,SE,55,< 8 km,Cerah
Kel.Manokwari Barat,2025-08-25 07:00:00,27,84,0.1,17.0,SE,31,< 9 km,Cerah
Kel.Manokwari Barat,2025-08-25 08:00:00,27,83,0.1,17.0,SE,52,< 9 km,Cerah
Kel.Manokwari Barat,2025-08-25 09:00:00,26,84,0.0,5.7,SW,100,> 10 km,Berawan
Kel.Manokwari Barat,2025-08-25 10:00:00,28,79,2.0,18.7,SE,41,< 8 km,Hujan Ringan
Kel.Manokwari Barat,2025-08-25 11:00:00,28,76,0.3,5.7,NW,69,< 9 km,Hujan Ringan
Kel.Manokwari Barat,2025-08-25 12:00:00,28,77,0.0,4.0,SE,98,> 10 km,Hujan Ringan
Kel.Manokwari Barat,2025-08-25 13:00:00,28,78,2.0,13.2,SE,20,< 8 km,Hujan Ringan
Kel.Manokwari Barat,2025-08-25 14:00:00,28,77,0.4,12.1,NW,76,< 8 km,Cerah Berawan
Kel.Manokwari Barat,2025-08-25 15:00:00,28,77,0.2,8.9,S,79,> 10 km,Cerah Berawan
Kel.Manokwari Barat,2025-08-25 16:00:00,27,82,2.0,8.0,SW,57,< 9 km,Hujan Ringan
Kel.Manokwari Barat,2025-08-25 17:00:00,26,86,0.5,10.0,W,93,< 9 km,Berawan
Kel.Manokwari Barat,2025-08-25 18:00:00,26,89,0.0,13.2,W,92,> 10 km,Berawan
Kel.Manokwari Barat,2025-08-25 19:00:00,26,88,0.2,13.6,W,27,< 9 km,Cerah
Kel.Manokwari Barat,2025-08-25 20:00:00,26,89,0.0,6.4,W,72,< 9 km,Cerah Berawan
Kel.Manokwari Barat,2025-08-25 21:00:00,25,91,0.0,8.5,W,73,> 10 km,Cerah Berawan
Kel.Manokwari Barat,2025-08-25 22:00:00,25,89,0.1,7.9,W,56,< 9 km,Cerah
Kel.Manokwari Barat,2025-08-25 23:00:00,24,91,0.0,9.8,SW,100,> 10 km,Berawan
Kel.Manokwari Barat,2025-08-26 00:00:00,24,91,0.0,7.5,SW,90,> 10 km,Cerah Berawan
Kel.Manokwari Barat,2025-08-26 01:00:00,24,91,0.0,8.0,SW,100,< 10 km,Berawan
Kel.Manokwari Barat,2025-08-26 02:00:00,24,91,0.0,8.0,SW,99,< 10 km,Berawan
Kel.Manokwari Barat,2025-08-26 03:00:00,24,90,0.0,7.3,SW,87,> 10 km,Cerah Berawan
Kel.Manokwari Barat,2025-08-26 04:00:00,24,90,0.0,6.4,S,100,> 10 km,Berawan
Kel.Manokwari Barat,2025-08-26 05:00:00,24,89,0.0,6.4,S,100,> 10 km,Berawan
Kel.Manokwari Barat,2025-08-26 06:00:00,24,89,0.0,7.0,SW,94,> 10 km,Berawan
Kel.Manokwari Barat,2025-08-26 07:00:00,26,88,0.0,4.3,SE,100,> 10 km,Berawan
Kel.Manokwari Barat,2025-08-26 08:00:00,27,83,0.0,4.3,SE,100,> 10 km,Berawan
Kel.Manokwari Barat,2025-08-26 09:00:00,28,79,0.0,4.3,SE,100,> 10 km,Berawan
Kel.Manokwari Barat,2025-08-26 10:00:00,28,76,0.0,7.5,SE,100,> 10 km,Berawan
Kel.Manokwari Barat,2025-08-26 11:00:00,28,76,0.0,7.5,SE,96,> 10 km,Hujan Ringan
Kel.Manokwari Barat,2025-08-26 12:00:00,28,78,1.3,4.0,SE,100,< 6 km,Hujan Ringan
Kel.Manokwari Barat,2025-08-26 13:00:00,29,75,0.4,4.6,W,66,> 10 km,Cerah Berawan
Kel.Manokwari Barat,2025-08-26 14:00:00,28,77,0.4,4.6,W,88,> 10 km,Cerah Berawan
Kel.Manokwari Barat,2025-08-26 15:00:00,27,84,1.3,7.2,W,97,< 6 km,Cerah Berawan
Kel.Manokwari Barat,2025-08-26 16:00:00,26,86,1.0,9.3,W,100,< 10 km,Berawan
Kel.Manokwari Barat,2025-08-26 17:00:00,26,88,1.0,9.3,W,100,< 10 km,Berawan
Kel.Manokwari Barat,2025-08-26 18:00:00,25,93,0.2,7.9,S,99,< 7 km,Berawan
Kel.Manokwari Barat,2025-08-26 19:00:00,24,92,1.4,10.9,NW,98,< 10 km,Hujan Ringan
Kel.Manokwari Barat,2025-08-26 20:00:00,24,91,1.4,10.9,NW,96,< 10 km,Hujan Ringan
Kel.Manokwari Barat,2025-08-26 21:00:00,25,90,0.0,10.8,SE,94,< 6 km,Berawan
Kel.Manokwari Barat,2025-08-26 22:00:00,25,89,0.0,8.1,SE,98,< 7 km,Berawan
Kel.Manokwari Barat,2025-08-26 23:00:00,25,89,0.0,8.1,SE,96,< 7 km,Berawan
Kel.Manokwari Barat,2025-08-27 00:00:00,25,89,0.0,8.1,SE,99,< 7 km,Berawan
Kel.Manokwari Barat,2025-08-27 01:00:00,25,89,0.0,6.6,E,100,< 7 km,Berawan
Kel.Manokwari Barat,2025-08-27 02:00:00,25,89,0.0,5.1,S,100,< 7 km,Berawan
Kel.Manokwari Barat,2025-08-27 03:00:00,25,89,0.0,5.1,S,100,< 7 km,Berawan
Kel.Manokwari Barat,2025-08-27 04:00:00,26,86,1.3,13.7,E,100,< 7 km,Hujan Ringan
Kel.Manokwari Barat,2025-08-27 05:00:00,25,88,0.0,0.8,S,100,< 6 km,Berawan
Kel.Manokwari Barat,2025-08-27 06:00:00,25,89,0.2,0.8,S,100,< 6 km,Berawan
Kel.Manokwari Barat,2025-08-27 07:00:00,26,86,0.1,14.8,E,100,< 7 km,Berawan
Kel.Manokwari Barat,2025-08-27 08:00:00,27,86,0.2,6.0,W,99,< 6 km,Berawan
Kel.Manokwari Barat,2025-08-27 09:00:00,27,84,0.4,6.0,W,100,< 6 km,Berawan
Kel.Manokwari Barat,2025-08-27 10:00:00,28,80,0.1,13.3,E,100,< 6 km,Berawan
Kel.Manokwari Barat,2025-08-27 11:00:00,27,81,0.4,6.9,N,98,< 6 km,Berawan
Kel.Manokwari Barat,2025-08-27 12:00:00,28,80,1.3,6.9,N,89,< 6 km,Hujan Ringan
Kel.Manokwari Barat,2025-08-27 13:00:00,28,79,2.0,10.6,W,100,< 7 km,Hujan Ringan
Kel.Manokwari Barat,2025-08-27 14:00:00,26,89,2.0,10.6,W,100,< 7 km,Hujan Ringan
Kel.Manokwari Barat,2025-08-27 15:00:00,25,92,0.7,10.6,W,100,< 7 km,Hujan Ringan
Kel.Manokwari Barat,2025-08-27 16:00:00,25,92,0.7,15.3,W,100,< 9 km,Berawan
Kel.Manokwari Barat,2025-08-27 17:00:00,25,92,0.7,15.3,W,100,< 9 km,Hujan Ringan
Kel.Manokwari Barat,2025-08-27 18:00:00,25,93,0.2,15.3,W,100,< 9 km,Berawan
Kel.Manokwari Barat,2025-08-27 19:00:00,25,93,0.2,10.7,W,100,< 8 km,Berawan
Kel.Manokwari Barat,2025-08-27 20:00:00,25,92,0.2,10.7,W,100,< 8 km,Hujan Ringan
Kel.Manokwari Barat,2025-08-27 21:00:00,24,94,0.5,10.7,W,100,< 8 km,Berawan
Kel.Manokwari Barat,2025-08-27 22:00:00,24,93,0.5,7.0,SE,100,< 8 km,Berawan
Kel.Manokwari Barat,2025-08-27 23:00:00,24,93,0.5,7.0,SE,100,< 8 km,Hujan Ringan
Kel.Manokwari Barat,2025-08-28 00:00:00,24,93,0.0,7.0,SE,98,< 8 km,Hujan Ringan
Kel.Manokwari Barat,2025-08-28 01:00:00,25,91,0.0,12.6,SE,100,< 8 km,Hujan Ringan
Kel.Manokwari Barat,2025-08-28 02:00:00,25,91,0.0,12.6,SE,100,< 8 km,Berawan
Kel.Manokwari Barat,2025-08-28 03:00:00,25,90,0.0,12.6,SE,100,< 8 km,Berawan
Kel.Manokwari Barat,2025-08-28 04:00:00,25,90,0.0,5.2,SW,100,< 8 km,Berawan
Kel.Manokwari Barat,2025-08-28 05:00:00,24,91,0.0,5.2,SW,100,< 8 km,Berawan
Kel.Manokwari Barat,2025-08-28 06:00:00,25,92,0.0,5.2,SW,100,< 8 km,Berawan
Kel.Manokwari Barat,2025-08-28 07:00:00,26,91,0.0,6.1,S,99,< 8 km,Berawan
Kel.Manokwari Barat,2025-08-28 08:00:00,27,82,0.0,6.1,S,100,< 8 km,Berawan
Kel.Manokwari Barat,2025-08-28 09:00:00,28,80,0.0,6.1,S,100,< 8 km,Berawan
Kel.Manokwari Barat,2025-08-28 10:00:00,28,75,0.0,9.5,SE,93,< 9 km,Berawan
Kel.Manokwari Barat,2025-08-28 11:00:00,28,72,0.0,9.5,SE,52,< 9 km,Cerah
Kel.Manokwari Barat,2025-08-28 12:00:00,28,71,2.0,9.5,SE,81,< 9 km,Hujan Ringan
Kel.Manokwari Barat,2025-08-28 13:00:00,28,70,2.0,6.7,S,96,< 9 km,Hujan Ringan
Kel.Manokwari Barat,2025-08-28 14:00:00,29,70,2.0,6.7,S,81,< 9 km,Hujan Ringan
Kel.Manokwari Barat,2025-08-28 15:00:00,28,75,2.0,6.7,S,99,< 9 km,Hujan Ringan
Kel.Manokwari Barat,2025-08-28 16:00:00,28,80,2.0,12.9,SW,99,< 9 km,Hujan Ringan
Kel.Manokwari Barat,2025-08-28 17:00:00,27,85,2.0,12.9,SW,95,< 9 km,Hujan Ringan
Kel.Manokwari Barat,2025-08-28 18:00:00,26,81,0.0,9.0,S,99,< 9 km,Berawan
Kel.Manokwari Barat,2025-08-28 19:00:00,25,90,1.0,9.1,S,73,< 8 km,Cerah Berawan
Kel.Manokwari Barat,2025-08-28 20:00:00,26,85,0.0,3.7,S,34,< 8 km,Cerah
Kel.Manokwari Barat,2025-08-28 21:00:00,26,85,0.0,3.7,S,24,< 8 km,Cerah
Kel.Manokwari Barat,2025-08-28 22:00:00,26,85,0.0,6.5,SE,43,< 8 km,Cerah
Kel.Manokwari Barat,2025-08-28 23:00:00,26,88,0.0,14.6,W,100,< 6 km,Berawan
Kel.Manokwari Barat,2025-08-29 00:00:00,25,87,0.0,14.6,W,100,< 6 km,Berawan
Kel.Manokwari Barat,2025-08-29 01:00:00,25,87,0.0,12.8,W,100,< 6 km,Berawan
Kel.Manokwari Barat,2025-08-29 02:00:00,25,87,0.0,12.8,W,100,< 6 km,Berawan
Kel.Manokwari Barat,2025-08-29 03:00:00,25,87,0.0,12.8,W,100,< 6 km,Berawan
Kel.Manokwari Barat,2025-08-29 04:00:00,25,85,0.0,10.9,SW,100,< 7 km,Berawan
Kel.Manokwari Barat,2025-08-29 05:00:00,25,84,0.0,10.9,SW,100,< 7 km,Berawan
Kel.Manokwari Barat,2025-08-29 06:00:00,25,84,0.0,10.9,SW,87,< 7 km,Cerah Berawan
Kel.Manokwari Barat,2025-08-29 07:00:00,27,82,0.0,8.2,S,96,< 7 km,Berawan
Kel.Manokwari Barat,2025-08-29 08:00:00,28,78,0.0,8.2,S,99,< 7 km,Berawan
Kel.Manokwari Barat,2025-08-29 09:00:00,29,75,1.3,8.2,S,100,< 7 km,Hujan Ringan
Kel.Manokwari Barat,2025-08-29 10:00:00,29,75,1.3,12.2,SE,100,< 6 km,Hujan Ringan
Kel.Manokwari Barat,2025-08-29 11:00:00,29,75,1.3,12.2,SE,100,< 6 km,Hujan Ringan
Kel.Manokwari Barat,2025-08-29 12:00:00,28,82,1.3,6.8,S,100,< 6 km,Hujan Ringan
Kel.Manokwari Barat,2025-08-29 13:00:00,28,76,1.3,5.2,S,100,< 7 km,Hujan Ringan
Kel.Manokwari Barat,2025-08-29 14:00:00,28,79,1.3,5.2,S,100,< 7 km,Hujan Ringan
Kel.Manokwari Barat,2025-08-29 15:00:00,28,75,0.0,2.5,NW,100,< 6 km,Berawan
Kel.Manokwari Barat,2025-08-29 16:00:00,27,84,0.3,7.9,S,100,< 7 km,Berawan
Kel.Manokwari Barat,2025-08-29 17:00:00,27,87,0.3,7.9,S,100,< 7 km,Berawan
Kel.Manokwari Barat,2025-08-29 18:00:00,26,83,0.0,2.1,SW,94,< 6 km,Berawan
Kel.Manokwari Barat,2025-08-29 19:00:00,26,86,0.0,6.5,SE,100,< 7 km,Berawan
Kel.Manokwari Barat,2025-08-29 20:00:00,26,85,0.0,6.5,SE,93,< 7 km,Berawan
Kel.Manokwari Barat,2025-08-29 21:00:00,26,90,0.1,10.7,W,84,< 7 km,Cerah Berawan
Kel.Manokwari Barat,2025-08-29 22:00:00,26,82,0.0,10.9,SE,99,< 6 km,Berawan
Kel.Manokwari Barat,2025-08-29 23:00:00,26,83,0.0,10.9,SE,100,< 6 km,Berawan
Kel.Manokwari Barat,2025-08-30 00:00:00,25,87,0.0,7.8,S,100,< 9 km,Hujan Ringan
Kel.Manokwari Barat,2025-08-30 01:00:00,25,85,0.0,9.4,S,97,< 9 km,Cerah Berawan
Kel.Manokwari Barat,2025-08-30 02:00:00,26,86,0.0,15.3,SE,59,< 7 km,Cerah
Kel.Manokwari Barat,2025-08-30 03:00:00,25,83,0.0,9.4,S,99,< 9 km,Berawan
Kel.Manokwari Barat,2025-08-30 04:00:00,25,85,0.0,9.1,W,98,< 8 km,Berawan
Kel.Manokwari Barat,2025-08-30 05:00:00,26,88,0.0,24.8,SE,27,< 6 km,Cerah
Kel.Manokwari Barat,2025-08-30 06:00:00,25,89,0.0,9.1,W,94,< 8 km,Berawan
Kel.Manokwari Barat,2025-08-30 07:00:00,27,85,0.0,6.5,W,98,< 9 km,Berawan
Kel.Manokwari Barat,2025-08-30 08:00:00,28,79,0.0,27.8,SE,10,> 10 km,Cerah
Kel.Manokwari Barat,2025-08-30 09:00:00,29,76,0.0,6.5,W,88,< 9 km,Cerah Berawan
Kel.Manokwari Barat,2025-08-30 10:00:00,29,73,0.0,16.7,SE,88,< 8 km,Cerah Berawan
Kel.Manokwari Barat,2025-08-30 11:00:00,29,74,0.0,16.7,SE,20,< 8 km,Cerah
Kel.Manokwari Barat,2025-08-30 12:00:00,28,80,0.3,15.3,SE,37,< 8 km,Hujan Ringan
Kel.Manokwari Barat,2025-08-30 13:00:00,28,78,0.3,12.9,SE,23,< 8 km,Cerah
Kel.Manokwari Barat,2025-08-30 14:00:00,28,80,0.3,12.9,SE,44,< 8 km,Cerah
Kel.Manokwari Barat,2025-08-30 15:00:00,28,82,0.2,12.9,SE,92,< 8 km,Berawan
Kel.Manokwari Barat,2025-08-30 16:00:00,27,84,0.2,13.8,SW,87,< 8 km,Cerah Berawan
Kel.Manokwari Barat,2025-08-30 17:00:00,26,88,0.2,13.8,SW,94,< 8 km,Berawan
Kel.Manokwari Barat,2025-08-30 18:00:00,26,88,0.2,13.8,SW,55,< 8 km,Cerah
Kel.Manokwari Barat,2025-08-30 19:00:00,26,90,0.2,3.3,S,86,< 8 km,Cerah Berawan
Kel.Manokwari Barat,2025-08-30 20:00:00,26,89,0.2,3.3,S,69,< 8 km,Cerah Berawan
Kel.Manokwari Barat,2025-08-30 21:00:00,25,89,0.0,3.3,S,71,< 8 km,Cerah Berawan
Kel.Manokwari Barat,2025-08-30 22:00:00,25,92,0.0,9.9,W,99,< 8 km,Berawan
Kel.Manokwari Barat,2025-08-30 23:00:00,25,90,0.0,10.5,W,90,< 7 km,Berawan
Kel.Manokwari Barat,2025-08-31 00:00:00,25,89,0.0,10.5,W,98,< 7 km,Berawan
Kel.Manokwari Barat,2025-08-31 01:00:00,25,91,0.0,9.4,W,100,< 7 km,Berawan
Kel.Manokwari Barat,2025-08-31 02:00:00,25,92,0.0,9.4,W,99,< 7 km,Berawan
Kel.Manokwari Barat,2025-08-31 03:00:00,25,92,0.2,9.4,W,100,< 7 km,Berawan
Kel.Manokwari Barat,2025-08-31 04:00:00,25,89,0.2,5.1,SE,100,< 7 km,Berawan
Kel.Manokwari Barat,2025-08-31 05:00:00,25,88,0.2,5.1,SE,100,< 7 km,Berawan
Kel.Manokwari Barat,2025-08-31 06:00:00,26,88,0.0,5.1,SE,100,< 7 km,Berawan
Kel.Manokwari Barat,2025-08-31 07:00:00,27,84,0.0,8.6,E,100,< 6 km,Berawan
Kel.Manokwari Barat,2025-08-31 08:00:00,27,81,0.0,8.6,E,100,< 6 km,Berawan
Kel.Manokwari Barat,2025-08-31 09:00:00,28,78,0.0,8.6,E,100,< 6 km,Berawan
Kel.Manokwari Barat,2025-08-31 10:00:00,28,76,0.0,9.6,SE,100,< 7 km,Berawan
Kel.Manokwari Barat,2025-08-31 11:00:00,29,76,0.0,10.4,E,89,< 9 km,Hujan Ringan
Kel.Manokwari Barat,2025-08-31 12:00:00,28,78,0.1,10.4,E,98,< 9 km,Hujan Ringan
Kel.Manokwari Barat,2025-08-31 13:00:00,28,77,0.1,3.5,S,96,< 8 km,Berawan
Kel.Manokwari Barat,2025-08-31 14:00:00,29,75,0.1,3.5,S,84,< 8 km,Cerah Berawan
Kel.Manokwari Barat,2025-08-31 15:00:00,28,77,0.0,3.5,S,84,< 8 km,Cerah Berawan
Kel.Manokwari Barat,2025-08-31 16:00:00,28,79,0.0,6.8,SE,87,< 9 km,Cerah Berawan
Kel.Manokwari Barat,2025-08-31 17:00:00,27,85,0.0,6.8,SE,86,< 9 km,Cerah Berawan
Kel.Manokwari Barat,2025-08-31 18:00:00,27,87,0.0,6.8,SE,91,< 9 km,Berawan
Kel.Manokwari Barat,2025-08-31 19:00:00,27,88,0.0,7.3,SE,92,< 8 km,Berawan
Kel.Manokwari Barat,2025-08-31 20:00:00,26,87,0.0,7.3,SE,64,< 8 km,Cerah Berawan
Kel.Manokwari Barat,2025-08-31 21:00:00,26,87,0.1,7.3,SE,59,< 8 km,Cerah
Kel.Manokwari Barat,2025-08-31 22:00:00,26,86,0.1,13.7,SE,98,< 8 km,Berawan
Kel.Manokwari Barat,2025-08-31 23:00:00,26,87,0.1,13.7,SE,99,< 8 km,Berawan
Kel.Manokwari Barat,2025-09-01 00:00:00,26,89,0.6,13.7,SE,98,< 8 km,Berawan
Kel.Manokwari Barat,2025-09-01 01:00:00,26,88,0.6,23.0,E,98,< 9 km,Berawan
Kel.Manokwari Barat,2025-09-01 02:00:00,26,87,0.6,23.0,E,100,< 9 km,Berawan
Kel.Manokwari Barat,2025-09-01 03:00:00,26,87,0.3,23.0,E,100,< 9 km,Berawan
Kel.Manokwari Barat,2025-09-01 04:00:00,26,88,0.3,26.6,E,100,< 6 km,Berawan
Kel.Manokwari Barat,2025-09-01 05:00:00,26,88,0.3,26.6,E,100,< 6 km,Berawan
Kel.Manokwari Barat,2025-09-01 06:00:00,26,88,0.9,26.6,E,100,< 6 km,Berawan
Kel.Manokwari Barat,2025-09-01 07:00:00,26,88,0.9,27.7,E,100,< 7 km,Berawan
Kel.Manokwari Barat,2025-09-01 08:00:00,26,88,0.9,27.7,E,100,< 7 km,Berawan
Kel.Manokwari Barat,2025-09-01 09:00:00,26,88,1.2,27.7,E,100,< 7 km,Hujan Ringan
Kel.Manokwari Barat,2025-09-01 10:00:00,26,87,0.5,27.6,E,100,< 6 km,Hujan Ringan
Kel.Manokwari Barat,2025-09-01 11:00:00,26,88,0.9,22.4,E,100,< 5 km,Hujan Ringan
Kel.Manokwari Barat,2025-09-01 12:00:00,26,90,0.4,22.4,E,100,< 5 km,Hujan Ringan
Kel.Manokwari Barat,2025-09-01 13:00:00,26,89,0.4,24.1,E,100,< 7 km,Berawan
Kel.Manokwari Barat,2025-09-01 14:00:00,27,87,0.4,24.1,E,100,< 7 km,Berawan
Kel.Manokwari Barat,2025-09-01 15:00:00,27,86,0.0,24.1,E,100,< 7 km,Berawan
Kel.Manokwari Barat,2025-09-01 16:00:00,27,86,0.0,25.7,E,100,< 7 km,Berawan
Kel.Manokwari Barat,2025-09-01 17:00:00,27,87,0.0,25.7,E,100,< 7 km,Berawan
Kel.Manokwari Barat,2025-09-01 18:00:00,27,85,0.0,25.7,E,100,< 7 km,Berawan
Kel.Manokwari Barat,2025-09-01 19:00:00,27,86,0.0,26.4,E,100,< 7 km,Berawan
Kel.Manokwari Barat,2025-09-01 20:00:00,27,85,0.0,26.4,E,100,< 7 km,Berawan
Kel.Manokwari Barat,2025-09-01 21:00:00,27,84,0.2,26.4,E,98,< 7 km,Berawan
Kel.Manokwari Barat,2025-09-01 22:00:00,27,82,0.2,30.2,E,99,< 7 km,Hujan Ringan
Kel.Manokwari Barat,2025-09-01 23:00:00,27,85,0.2,30.2,E,92,< 7 km,Berawan
Kel.Manokwari Barat,2025-09-02 00:00:00,26,86,0.4,29.0,E,99,> 10 km,Berawan
Kel.Manokwari Barat,2025-09-02 01:00:00,26,86,0.4,24.1,E,99,< 7 km,Berawan
Kel.Manokwari Barat,2025-09-02 02:00:00,26,87,0.5,22.5,E,100,< 6 km,Berawan
Kel.Manokwari Barat,2025-09-02 03:00:00,25,89,0.9,24.1,E,100,< 7 km,Berawan
Kel.Manokwari Barat,2025-09-02 04:00:00,25,88,0.9,21.2,E,100,> 10 km,Berawan
Kel.Manokwari Barat,2025-09-02 05:00:00,26,86,0.2,22.3,E,100,< 6 km,Berawan
Kel.Manokwari Barat,2025-09-02 06:00:00,26,86,0.9,21.2,E,100,> 10 km,Berawan
Kel.Manokwari Barat,2025-09-02 07:00:00,26,86,0.9,25.3,E,100,< 8 km,Berawan
Kel.Manokwari Barat,2025-09-02 08:00:00,27,85,0.5,19.5,E,100,< 6 km,Berawan
Kel.Manokwari Barat,2025-09-02 09:00:00,26,89,0.5,25.3,E,100,< 8 km,Hujan Ringan
Kel.Manokwari Barat,2025-09-02 10:00:00,26,87,0.5,22.3,E,100,> 10 km,Hujan Ringan
Kel.Manokwari Barat,2025-09-02 11:00:00,28,79,0.2,21.7,E,100,< 9 km,Hujan Ringan
Kel.Manokwari Barat,2025-09-02 12:00:00,28,80,0.1,21.7,E,99,< 9 km,Hujan Ringan
Kel.Manokwari Barat,2025-09-02 13:00:00,28,80,0.1,14.8,NE,99,< 9 km,Hujan Ringan
Kel.Manokwari Barat,2025-09-02 14:00:00,27,82,0.1,14.8,NE,93,< 9 km,Hujan Ringan
Kel.Manokwari Barat,2025-09-02 15:00:00,27,81,0.0,14.8,NE,85,< 9 km,Cerah Berawan
Kel.Manokwari Barat,2025-09-02 16:00:00,27,82,0.0,7.7,E,86,< 9 km,Cerah Berawan
Kel.Manokwari Barat,2025-09-02 17:00:00,27,82,0.0,7.7,E,80,< 9 km,Cerah Berawan
Kel.Manokwari Barat,2025-09-02 18:00:00,27,83,0.0,7.7,E,92,< 9 km,Berawan
Kel.Manokwari Barat,2025-09-02 19:00:00,27,82,0.0,16.4,E,72,< 8 km,Cerah Berawan
Kel.Manokwari Barat,2025-09-02 20:00:00,27,82,0.0,16.4,E,63,< 8 km,Hujan Ringan
Kel.Manokwari Barat,2025-09-02 21:00:00,27,83,0.1,16.4,E,39,< 8 km,Cerah
Kel.Manokwari Barat,2025-09-02 22:00:00,27,83,0.1,22.4,E,33,< 8 km,Cerah
Kel.Manokwari Barat,2025-09-02 23:00:00,27,83,0.1,22.4,E,32,< 8 km,Cerah
Kel.Manokwari Barat,2025-09-03 00:00:00,26,87,0.8,22.4,E,76,< 8 km,Cerah Berawan
Kel.Manokwari Barat,2025-09-03 01:00:00,26,87,0.8,27.7,E,84,< 8 km,Cerah Berawan
Kel.Manokwari Barat,2025-09-03 02:00:00,25,90,0.8,27.7,E,89,< 8 km,Cerah Berawan
Kel.Manokwari Barat,2025-09-03 03:00:00,25,91,0.2,27.7,E,82,< 8 km,Cerah Berawan
Kel.Manokwari Barat,2025-09-03 04:00:00,25,90,0.2,18.9,E,42,< 8 km,Cerah
Kel.Manokwari Barat,2025-09-03 05:00:00,25,89,0.2,18.9,E,32,< 8 km,Cerah
Kel.Manokwari Barat,2025-09-03 06:00:00,26,86,0.1,18.9,E,38,< 8 km,Cerah
Kel.Manokwari Barat,2025-09-03 07:00:00,26,83,0.1,24.1,SE,43,< 9 km,Cerah
Kel.Manokwari Barat,2025-09-03 08:00:00,27,81,0.1,24.1,SE,43,< 9 km,Cerah
Kel.Manokwari Barat,2025-09-03 09:00:00,26,83,0.2,24.1,SE,28,< 9 km,Cerah
Kel.Manokwari Barat,2025-09-03 10:00:00,27,81,0.2,22.1,E,44,< 9 km,Cerah
Kel.Manokwari Barat,2025-09-03 11:00:00,28,79,0.2,20.9,E,18,< 9 km,Cerah
Kel.Manokwari Barat,2025-09-03 12:00:00,28,80,0.0,22.1,E,27,< 9 km,Cerah
Kel.Manokwari Barat,2025-09-03 13:00:00,28,80,0.0,14.9,E,19,< 8 km,Cerah
Kel.Manokwari Barat,2025-09-03 14:00:00,28,80,0.0,14.9,E,14,< 8 km,Hujan Ringan
Kel.Manokwari Barat,2025-09-03 15:00:00,28,80,0.1,14.9,E,20,< 8 km,Hujan Ringan
Kel.Manokwari Barat,2025-09-03 16:00:00,28,78,0.1,8.8,E,36,< 9 km,Cerah
Kel.Manokwari Barat,2025-09-03 17:00:00,27,82,0.1,8.8,E,42,< 9 km,Hujan Ringan
Kel.Manokwari Barat,2025-09-03 18:00:00,27,83,0.1,8.8,E,35,< 9 km,Cerah
Kel.Manokwari Barat,2025-09-03 19:00:00,27,82,0.1,8.3,E,32,< 9 km,Cerah
Kel.Manokwari Barat,2025-09-03 20:00:00,26,83,0.1,8.3,E,58,< 9 km,Cerah
Kel.Manokwari Barat,2025-09-03 21:00:00,26,86,1.1,8.3,E,86,< 9 km,Hujan Ringan
Kel.Manokwari Barat,2025-09-03 22:00:00,25,89,1.1,13.1,E,98,< 8 km,Hujan Ringan
Kel.Manokwari Barat,2025-09-03 23:00:00,25,90,1.1,13.1,E,99,< 8 km,Hujan Ringan
Kel.Manokwari Barat,2025-09-04 00:00:00,24,89,0.5,0.5,SE,99,< 7 km,Berawan
Kel.Manokwari Barat,2025-09-04 01:00:00,24,90,0.5,8.7,E,99,< 6 km,Berawan
Kel.Manokwari Barat,2025-09-04 02:00:00,25,89,0.5,16.6,SE,96,< 8 km,Berawan
Kel.Manokwari Barat,2025-09-04 03:00:00,24,91,0.4,8.7,E,95,< 6 km,Berawan
Kel.Manokwari Barat,2025-09-04 04:00:00,24,91,0.4,12.4,SE,83,< 6 km,Cerah Berawan
Kel.Manokwari Barat,2025-09-04 05:00:00,24,90,0.4,12.4,SE,99,< 6 km,Berawan
Kel.Manokwari Barat,2025-09-04 06:00:00,25,90,0.2,12.4,SE,98,< 6 km,Berawan
Kel.Manokwari Barat,2025-09-04 07:00:00,26,87,0.2,15.6,SE,52,< 7 km,Cerah
Kel.Manokwari Barat,2025-09-04 08:00:00,26,84,0.2,15.6,SE,55,< 7 km,Cerah
Kel.Manokwari Barat,2025-09-04 09:00:00,27,81,0.1,15.6,SE,44,< 7 km,Cerah
Kel.Manokwari Barat,2025-09-04 10:00:00,28,78,0.1,24.1,E,67,< 7 km,Cerah Berawan
Kel.Manokwari Barat,2025-09-04 11:00:00,28,79,0.1,24.1,E,46,< 7 km,Hujan Ringan
Kel.Manokwari Barat,2025-09-04 12:00:00,27,79,1.3,17.9,SE,36,< 7 km,Hujan Ringan
Kel.Manokwari Barat,2025-09-04 13:00:00,28,78,0.1,20.0,SE,49,< 7 km,Cerah
Kel.Manokwari Barat,2025-09-04 14:00:00,28,79,1.3,15.9,SE,95,< 6 km,Hujan Ringan
Kel.Manokwari Barat,2025-09-04 15:00:00,28,79,1.3,15.9,SE,86,< 6 km,Hujan Ringan
Kel.Manokwari Barat,2025-09-04 16:00:00,27,79,1.3,13.1,SE,92,< 7 km,Hujan Ringan
Kel.Manokwari Barat,2025-09-04 17:00:00,27,83,1.3,13.1,SE,100,< 7 km,Hujan Ringan
Kel.Manokwari Barat,2025-09-04 18:00:00,26,84,0.1,13.1,SE,100,< 7 km,Hujan Ringan
Kel.Manokwari Barat,2025-09-04 19:00:00,26,83,0.1,18.3,SE,100,< 6 km,Hujan Ringan
Kel.Manokwari Barat,2025-09-04 20:00:00,27,83,0.1,18.3,SE,100,< 6 km,Berawan
Kel.Manokwari Barat,2025-09-04 21:00:00,27,83,0.3,18.3,SE,100,< 6 km,Berawan
Kel.Manokwari Barat,2025-09-04 22:00:00,26,84,0.3,28.2,E,98,< 6 km,Berawan
Kel.Manokwari Barat,2025-09-04 23:00:00,26,86,0.3,28.2,E,98,< 6 km,Berawan
Kel.Manokwari Barat,2025-09-05 00:00:00,26,87,1.0,28.2,E,99,< 6 km,Berawan
Kel.Manokwari Barat,2025-09-05 01:00:00,25,89,1.0,16.9,E,100,< 6 km,Berawan
Kel.Manokwari Barat,2025-09-05 02:00:00,25,89,1.0,16.9,E,99,< 6 km,Berawan
Kel.Manokwari Barat,2025-09-05 03:00:00,25,90,1.7,16.9,E,98,< 6 km,Hujan Ringan
Kel.Manokwari Barat,2025-09-05 04:00:00,25,91,1.7,19.1,E,99,< 6 km,Hujan Ringan
Kel.Manokwari Barat,2025-09-05 05:00:00,25,89,1.7,19.1,E,99,< 6 km,Hujan Ringan
Kel.Manokwari Barat,2025-09-05 06:00:00,26,90,0.8,19.1,E,100,< 6 km,Berawan
Kel.Manokwari Barat,2025-09-05 07:00:00,26,89,0.8,19.4,E,94,< 6 km,Berawan
Kel.Manokwari Barat,2025-09-05 08:00:00,27,87,0.8,19.4,E,61,< 6 km,Cerah Berawan
Kel.Manokwari Barat,2025-09-05 09:00:00,27,86,1.3,19.4,E,84,< 6 km,Hujan Ringan
Kel.Manokwari Barat,2025-09-05 10:00:00,26,87,1.3,16.5,E,97,< 7 km,Hujan Ringan
Kel.Manokwari Barat,2025-09-05 11:00:00,26,88,1.3,16.5,E,75,< 7 km,Hujan Ringan
Kel.Manokwari Barat,2025-09-05 12:00:00,27,84,1.3,16.5,E,89,< 7 km,Hujan Ringan
Kel.Manokwari Barat,2025-09-05 13:00:00,28,80,1.3,8.4,E,87,< 7 km,Hujan Ringan
Kel.Manokwari Barat,2025-09-05 14:00:00,28,79,1.3,8.4,E,70,< 7 km,Hujan Ringan
Kel.Manokwari Barat,2025-09-05 15:00:00,28,78,0.0,8.4,E,97,< 7 km,Berawan
Kel.Manokwari Barat,2025-09-05 16:00:00,27,80,0.0,4.3,E,100,< 7 km,Berawan
Kel.Manokwari Barat,2025-09-05 17:00:00,27,83,0.0,4.3,E,100,< 7 km,Berawan
Kel.Manokwari Barat,2025-09-05 18:00:00,27,84,0.0,4.3,E,100,< 7 km,Berawan
Kel.Manokwari Barat,2025-09-05 19:00:00,27,84,0.0,10.2,E,99,< 6 km,Berawan
Kel.Manokwari Barat,2025-09-05 20:00:00,27,84,0.0,10.2,E,99,< 6 km,Berawan
Kel.Manokwari Barat,2025-09-05 21:00:00,26,85,0.2,10.2,E,99,< 6 km,Berawan
Kel.Manokwari Barat,2025-09-05 22:00:00,26,85,0.2,15.5,SE,99,< 7 km,Berawan
Kel.Manokwari Barat,2025-09-05 23:00:00,25,87,0.2,15.5,SE,100,< 7 km,Berawan
Kel.Manokwari Barat,2025-09-06 00:00:00,26,87,0.1,15.5,SE,100,< 7 km,Berawan
Kel.Manokwari Barat,2025-09-06 01:00:00,26,85,0.1,17.6,E,100,< 7 km,Berawan
Kel.Manokwari Barat,2025-09-06 02:00:00,26,86,0.1,17.6,E,100,< 7 km,Berawan
Kel.Manokwari Barat,2025-09-06 03:00:00,25,90,0.9,17.6,E,97,< 7 km,Berawan
Kel.Manokwari Barat,2025-09-06 04:00:00,25,89,0.9,21.2,E,91,< 6 km,Berawan
Kel.Manokwari Barat,2025-09-06 05:00:00,26,88,0.9,21.2,E,76,< 6 km,Cerah Berawan
Kel.Manokwari Barat,2025-09-06 06:00:00,26,89,0.0,21.2,E,44,< 6 km,Cerah
Kel.Manokwari Barat,2025-09-06 07:00:00,27,85,0.0,21.2,E,41,< 6 km,Cerah
Kel.Manokwari Barat,2025-09-06 08:00:00,28,83,0.0,21.2,E,20,< 6 km,Cerah
Kel.Manokwari Barat,2025-09-06 09:00:00,28,79,0.1,21.2,E,49,< 6 km,Cerah
Kel.Manokwari Barat,2025-09-06 10:00:00,28,81,0.1,21.2,E,27,< 6 km,Cerah
Kel.Manokwari Barat,2025-09-06 11:00:00,29,78,0.1,21.2,E,25,< 6 km,Cerah
Kel.Manokwari Barat,2025-09-06 12:00:00,29,76,0.1,11.7,E,19,< 6 km,Cerah
Kel.Manokwari Barat,2025-09-06 13:00:00,29,76,0.1,11.7,E,18,< 6 km,Cerah
Kel.Manokwari Barat,2025-09-06 14:00:00,29,77,0.1,11.7,E,68,< 6 km,Cerah Berawan
Kel.Manokwari Barat,2025-09-06 15:00:00,28,78,0.6,11.7,E,96,< 6 km,Berawan
Kel.Manokwari Barat,2025-09-06 16:00:00,28,79,0.6,11.7,E,95,< 6 km,Berawan
Kel.Manokwari Barat,2025-09-06 17:00:00,27,83,0.6,11.7,E,96,< 6 km,Berawan
Kel.Manokwari Barat,2025-09-06 18:00:00,27,85,0.6,8.1,NW,98,< 7 km,Berawan
Kel.Manokwari Barat,2025-09-06 19:00:00,26,91,0.6,8.1,NW,100,< 7 km,Berawan
Kel.Manokwari Barat,2025-09-06 20:00:00,26,90,0.6,8.1,NW,99,< 7 km,Berawan
Kel.Manokwari Barat,2025-09-06 21:00:00,25,90,0.7,8.1,NW,95,< 7 km,Berawan
Kel.Manokwari Barat,2025-09-06 22:00:00,25,91,0.7,8.1,NW,95,< 7 km,Berawan
Kel.Manokwari Barat,2025-09-06 23:00:00,25,91,0.7,8.1,NW,94,< 7 km,Berawan
Kel.Manokwari Timur,2025-08-20 22:00:00,26,88,1.3,22.3,E,100,< 6 km,Hujan Ringan
Kel.Manokwari Timur,2025-08-21 00:00:00,25,89,1.3,18.1,E,100,< 7 km,Hujan Ringan
Kel.Manokwari Timur,2025-08-21 01:00:00,26,87,1.3,21.6,E,99,< 6 km,Hujan Ringan
Kel.Manokwari Timur,2025-08-21 02:00:00,26,87,1.3,18.7,E,100,< 6 km,Hujan Ringan
Kel.Manokwari Timur,2025-08-21 03:00:00,26,87,0.6,18.7,E,100,< 6 km,Hujan Ringan
Kel.Manokwari Timur,2025-08-21 04:00:00,26,87,0.6,13.2,E,100,< 6 km,Berawan
Kel.Manokwari Timur,2025-08-21 05:00:00,26,86,0.6,7.8,E,100,< 6 km,Hujan Ringan
Kel.Manokwari Timur,2025-08-21 06:00:00,25,88,1.3,7.8,E,100,< 6 km,Hujan Ringan
Kel.Manokwari Timur,2025-08-21 07:00:00,26,85,1.3,15.4,SE,100,< 7 km,Hujan Ringan
Kel.Manokwari Timur,2025-08-21 08:00:00,26,86,1.3,8.9,E,100,< 6 km,Hujan Ringan
Kel.Manokwari Timur,2025-08-21 09:00:00,26,87,1.3,8.9,E,100,< 6 km,Hujan Ringan
Kel.Manokwari Timur,2025-08-21 10:00:00,26,88,1.3,7.6,E,100,< 6 km,Hujan Ringan
Kel.Manokwari Timur,2025-08-21 11:00:00,26,88,1.3,2.2,SE,100,< 6 km,Hujan Ringan
Kel.Manokwari Timur,2025-08-21 12:00:00,26,86,0.8,11.3,E,100,< 6 km,Hujan Ringan
Kel.Manokwari Timur,2025-08-21 13:00:00,26,86,0.8,8.9,E,100,< 7 km,Berawan
Kel.Manokwari Timur,2025-08-21 14:00:00,26,85,0.8,8.9,E,100,< 7 km,Berawan
Kel.Manokwari Timur,2025-08-21 15:00:00,26,86,0.8,8.9,E,100,< 7 km,Hujan Ringan
Kel.Manokwari Timur,2025-08-21 16:00:00,26,86,0.8,1.6,W,100,< 8 km,Hujan Ringan
Kel.Manokwari Timur,2025-08-21 17:00:00,26,86,0.8,1.6,W,100,< 8 km,Hujan Ringan
Kel.Manokwari Timur,2025-08-21 18:00:00,26,88,0.0,1.6,W,99,< 8 km,Hujan Ringan
Kel.Manokwari Timur,2025-08-21 19:00:00,26,90,0.0,10.1,W,100,< 8 km,Hujan Ringan
Kel.Manokwari Timur,2025-08-21 20:00:00,25,91,0.0,10.1,W,100,< 8 km,Berawan
Kel.Manokwari Timur,2025-08-21 21:00:00,25,91,2.3,10.1,W,100,< 8 km,Hujan Ringan
Kel.Manokwari Timur,2025-08-21 22:00:00,25,92,2.3,8.6,NW,100,< 7 km,Hujan Ringan
Kel.Manokwari Timur,2025-08-21 23:00:00,24,91,2.3,8.6,NW,100,< 7 km,Hujan Ringan
Kel.Manokwari Timur,2025-08-22 00:00:00,25,90,0.3,11.6,W,100,< 9 km,Berawan
Kel.Manokwari Timur,2025-08-22 01:00:00,25,90,0.3,4.0,SW,100,> 10 km,Berawan
Kel.Manokwari Timur,2025-08-22 02:00:00,25,89,0.3,4.0,SW,100,> 10 km,Berawan
Kel.Manokwari Timur,2025-08-22 03:00:00,25,89,0.1,4.0,SW,100,> 10 km,Berawan
Kel.Manokwari Timur,2025-08-22 04:00:00,25,87,0.1,3.2,S,100,> 10 km,Berawan
Kel.Manokwari Timur,2025-08-22 05:00:00,25,87,0.1,3.2,S,100,> 10 km,Berawan
Kel.Manokwari Timur,2025-08-22 06:00:00,25,88,0.0,3.2,S,100,> 10 km,Berawan
Kel.Manokwari Timur,2025-08-22 07:00:00,26,87,0.0,1.9,E,100,> 10 km,Berawan
Kel.Manokwari Timur,2025-08-22 08:00:00,26,83,0.0,1.9,E,100,> 10 km,Berawan
Kel.Manokwari Timur,2025-08-22 09:00:00,26,84,0.1,1.9,E,100,> 10 km,Berawan
Kel.Manokwari Timur,2025-08-22 10:00:00,27,83,0.1,4.6,SE,100,> 10 km,Berawan
Kel.Manokwari Timur,2025-08-22 11:00:00,28,77,0.1,4.3,S,100,< 9 km,Berawan
Kel.Manokwari Timur,2025-08-22 12:00:00,28,78,0.5,4.3,S,100,< 9 km,Hujan Ringan
Kel.Manokwari Timur,2025-08-22 13:00:00,28,79,0.1,5.1,SE,98,> 10 km,Berawan
Kel.Manokwari Timur,2025-08-22 14:00:00,28,78,0.5,3.8,E,99,< 8 km,Hujan Ringan
Kel.Manokwari Timur,2025-08-22 15:00:00,27,79,0.6,3.8,E,100,< 8 km,Hujan Ringan
Kel.Manokwari Timur,2025-08-22 16:00:00,27,81,0.6,11.8,W,100,< 9 km,Berawan
Kel.Manokwari Timur,2025-08-22 17:00:00,27,84,0.6,11.8,W,100,< 9 km,Berawan
Kel.Manokwari Timur,2025-08-22 18:00:00,26,85,0.1,11.8,W,100,< 9 km,Berawan
Kel.Manokwari Timur,2025-08-22 19:00:00,26,86,0.1,12.6,W,99,< 8 km,Berawan
Kel.Manokwari Timur,2025-08-22 20:00:00,26,87,0.1,12.6,W,99,< 8 km,Berawan
Kel.Manokwari Timur,2025-08-22 21:00:00,26,87,0.1,12.6,W,99,< 8 km,Berawan
Kel.Manokwari Timur,2025-08-22 22:00:00,26,87,0.1,5.6,SW,99,< 9 km,Berawan
Kel.Manokwari Timur,2025-08-22 23:00:00,26,88,0.1,5.6,SW,100,< 9 km,Berawan
Kel.Manokwari Timur,2025-08-23 00:00:00,25,88,0.2,7.6,W,99,< 9 km,Berawan
Kel.Manokwari Timur,2025-08-23 01:00:00,25,88,0.2,8.5,W,98,< 8 km,Berawan
Kel.Manokwari Timur,2025-08-23 02:00:00,25,87,0.2,8.5,W,99,< 8 km,Berawan
Kel.Manokwari Timur,2025-08-23 03:00:00,25,87,0.2,8.5,W,99,< 8 km,Hujan Ringan
Kel.Manokwari Timur,2025-08-23 04:00:00,25,87,0.2,2.1,SW,100,< 8 km,Hujan Ringan
Kel.Manokwari Timur,2025-08-23 05:00:00,25,86,0.2,2.1,SW,100,< 8 km,Berawan
Kel.Manokwari Timur,2025-08-23 06:00:00,25,88,0.6,2.1,SW,100,< 8 km,Hujan Ringan
Kel.Manokwari Timur,2025-08-23 07:00:00,26,86,0.6,9.4,NW,100,< 8 km,Hujan Ringan
Kel.Manokwari Timur,2025-08-23 08:00:00,26,85,0.6,9.4,NW,100,< 8 km,Berawan
Kel.Manokwari Timur,2025-08-23 09:00:00,26,84,0.1,9.4,NW,100,< 8 km,Hujan Ringan
Kel.Manokwari Timur,2025-08-23 10:00:00,27,81,0.1,5.5,NE,100,< 9 km,Hujan Ringan
Kel.Manokwari Timur,2025-08-23 11:00:00,26,89,1.3,0.7,NW,100,< 6 km,Hujan Ringan
Kel.Manokwari Timur,2025-08-23 12:00:00,26,87,0.8,0.7,NW,100,< 6 km,Cerah Berawan
Kel.Manokwari Timur,2025-08-23 13:00:00,26,87,0.8,4.5,NW,100,< 6 km,Hujan Ringan
Kel.Manokwari Timur,2025-08-23 14:00:00,26,86,0.8,4.5,NW,100,< 6 km,Hujan Ringan
Kel.Manokwari Timur,2025-08-23 15:00:00,26,86,1.1,4.5,NW,100,< 6 km,Berawan
Kel.Manokwari Timur,2025-08-23 16:00:00,26,86,1.1,5.2,W,100,< 6 km,Hujan Ringan
Kel.Manokwari Timur,2025-08-23 17:00:00,25,89,1.1,5.2,W,100,< 6 km,Hujan Ringan
Kel.Manokwari Timur,2025-08-23 18:00:00,25,88,0.5,5.2,W,100,< 6 km,Berawan
Kel.Manokwari Timur,2025-08-23 19:00:00,26,87,0.5,3.3,NW,100,< 7 km,Berawan
Kel.Manokwari Timur,2025-08-23 20:00:00,26,87,0.5,3.3,NW,100,< 7 km,Berawan
Kel.Manokwari Timur,2025-08-23 21:00:00,26,87,0.0,3.3,NW,100,< 7 km,Berawan
Kel.Manokwari Timur,2025-08-23 22:00:00,26,89,0.0,5.8,SW,98,< 6 km,Berawan
Kel.Manokwari Timur,2025-08-23 23:00:00,25,89,0.0,5.8,SW,100,< 6 km,Berawan
Kel.Manokwari Timur,2025-08-24 00:00:00,25,90,0.0,5.8,SW,100,< 6 km,Berawan
Kel.Manokwari Timur,2025-08-24 01:00:00,26,86,0.1,13.5,SE,100,< 7 km,Berawan
Kel.Manokwari Timur,2025-08-24 02:00:00,25,89,0.0,7.5,SE,99,< 7 km,Berawan
Kel.Manokwari Timur,2025-08-24 03:00:00,26,89,0.2,7.5,SE,100,< 7 km,Berawan
Kel.Manokwari Timur,2025-08-24 04:00:00,25,90,1.3,11.6,SE,100,< 7 km,Hujan Ringan
Kel.Manokwari Timur,2025-08-24 05:00:00,26,85,0.2,13.6,SE,100,< 7 km,Berawan
Kel.Manokwari Timur,2025-08-24 06:00:00,26,85,1.3,13.6,SE,100,< 7 km,Hujan Ringan
Kel.Manokwari Timur,2025-08-24 07:00:00,26,87,0.2,12.6,E,100,< 7 km,Berawan
Kel.Manokwari Timur,2025-08-24 08:00:00,27,84,1.3,11.1,E,100,< 6 km,Hujan Ringan
Kel.Manokwari Timur,2025-08-24 09:00:00,26,87,1.7,12.6,E,100,< 7 km,Hujan Ringan
Kel.Manokwari Timur,2025-08-24 10:00:00,26,87,1.7,16.4,SE,100,< 6 km,Hujan Ringan
Kel.Manokwari Timur,2025-08-24 11:00:00,27,82,0.6,10.3,E,23,< 6 km,Cerah
Kel.Manokwari Timur,2025-08-24 12:00:00,26,86,0.0,16.4,SE,44,< 6 km,Hujan Ringan
Kel.Manokwari Timur,2025-08-24 13:00:00,27,82,0.0,10.8,SE,73,< 6 km,Cerah Berawan
Kel.Manokwari Timur,2025-08-24 14:00:00,28,77,1.3,5.6,E,77,< 7 km,Hujan Ringan
Kel.Manokwari Timur,2025-08-24 15:00:00,27,80,0.0,10.8,SE,62,< 6 km,Cerah Berawan
Kel.Manokwari Timur,2025-08-24 16:00:00,27,81,0.0,8.2,SE,65,< 7 km,Cerah Berawan
Kel.Manokwari Timur,2025-08-24 17:00:00,27,82,0.1,7.2,SE,56,< 8 km,Cerah
Kel.Manokwari Timur,2025-08-24 18:00:00,27,82,0.0,8.2,SE,93,< 7 km,Berawan
Kel.Manokwari Timur,2025-08-24 19:00:00,27,81,0.0,13.1,E,82,< 8 km,Berawan
Kel.Manokwari Timur,2025-08-24 20:00:00,27,81,0.0,13.1,E,82,< 8 km,Cerah Berawan
Kel.Manokwari Timur,2025-08-24 21:00:00,27,81,0.0,13.1,E,91,< 8 km,Berawan
Kel.Manokwari Timur,2025-08-24 22:00:00,27,81,0.0,17.2,SE,64,< 8 km,Cerah Berawan
Kel.Manokwari Timur,2025-08-24 23:00:00,27,80,0.0,17.2,SE,37,< 8 km,Cerah
Kel.Manokwari Timur,2025-08-25 00:00:00,27,81,1.9,17.2,SE,71,< 8 km,Hujan Ringan
Kel.Manokwari Timur,2025-08-25 01:00:00,26,86,1.9,13.2,E,94,< 9 km,Hujan Ringan
Kel.Manokwari Timur,2025-08-25 02:00:00,25,88,1.9,13.2,E,100,< 9 km,Hujan Ringan
Kel.Manokwari Timur,2025-08-25 03:00:00,26,86,0.9,13.2,E,75,< 9 km,Cerah Berawan
Kel.Manokwari Timur,2025-08-25 04:00:00,26,87,0.9,15.8,SE,84,< 8 km,Cerah Berawan
Kel.Manokwari Timur,2025-08-25 05:00:00,26,85,0.9,15.8,SE,68,< 8 km,Cerah Berawan
Kel.Manokwari Timur,2025-08-25 06:00:00,27,84,0.1,15.8,SE,56,< 8 km,Cerah
Kel.Manokwari Timur,2025-08-25 07:00:00,27,82,0.1,17.0,SE,27,< 9 km,Cerah
Kel.Manokwari Timur,2025-08-25 08:00:00,27,81,0.1,17.0,SE,55,< 9 km,Cerah
Kel.Manokwari Timur,2025-08-25 09:00:00,27,82,0.0,5.7,SW,100,> 10 km,Berawan
Kel.Manokwari Timur,2025-08-25 10:00:00,27,81,2.0,18.7,SE,39,< 8 km,Hujan Ringan
Kel.Manokwari Timur,2025-08-25 11:00:00,28,76,0.2,5.7,NW,57,< 9 km,Hujan Ringan
Kel.Manokwari Timur,2025-08-25 12:00:00,27,79,0.0,4.0,SE,99,> 10 km,Hujan Ringan
Kel.Manokwari Timur,2025-08-25 13:00:00,28,81,2.0,13.2,SE,20,< 8 km,Hujan Ringan
Kel.Manokwari Timur,2025-08-25 14:00:00,29,76,0.3,12.1,NW,75,< 8 km,Cerah Berawan
Kel.Manokwari Timur,2025-08-25 15:00:00,28,76,0.1,8.9,S,74,> 10 km,Cerah Berawan
Kel.Manokwari Timur,2025-08-25 16:00:00,27,81,2.0,8.0,SW,57,< 9 km,Hujan Ringan
Kel.Manokwari Timur,2025-08-25 17:00:00,27,84,0.6,10.0,W,89,< 9 km,Cerah Berawan
Kel.Manokwari Timur,2025-08-25 18:00:00,26,87,0.0,13.2,W,95,> 10 km,Berawan
Kel.Manokwari Timur,2025-08-25 19:00:00,26,86,0.1,13.6,W,25,< 9 km,Cerah
Kel.Manokwari Timur,2025-08-25 20:00:00,26,87,0.0,6.4,W,71,< 9 km,Cerah Berawan
Kel.Manokwari Timur,2025-08-25 21:00:00,26,89,0.0,8.5,W,77,> 10 km,Cerah Berawan
Kel.Manokwari Timur,2025-08-25 22:00:00,26,86,0.1,7.9,W,55,< 9 km,Cerah
Kel.Manokwari Timur,2025-08-25 23:00:00,25,89,0.0,9.8,SW,100,> 10 km,Berawan
Kel.Manokwari Timur,2025-08-26 00:00:00,25,89,0.0,7.5,SW,87,> 10 km,Cerah Berawan
Kel.Manokwari Timur,2025-08-26 01:00:00,25,88,0.0,8.0,SW,100,> 10 km,Berawan
Kel.Manokwari Timur,2025-08-26 02:00:00,25,89,0.0,8.0,SW,99,> 10 km,Berawan
Kel.Manokwari Timur,2025-08-26 03:00:00,25,88,0.0,7.3,SW,83,> 10 km,Cerah Berawan
Kel.Manokwari Timur,2025-08-26 04:00:00,25,88,0.0,6.4,S,100,> 10 km,Berawan
Kel.Manokwari Timur,2025-08-26 05:00:00,25,88,0.0,6.4,S,100,> 10 km,Berawan
Kel.Manokwari Timur,2025-08-26 06:00:00,25,87,0.0,7.0,SW,90,> 10 km,Berawan
Kel.Manokwari Timur,2025-08-26 07:00:00,26,85,0.0,4.3,SE,100,> 10 km,Berawan
Kel.Manokwari Timur,2025-08-26 08:00:00,27,82,0.0,4.3,SE,100,> 10 km,Berawan
Kel.Manokwari Timur,2025-08-26 09:00:00,28,80,0.0,4.3,SE,100,> 10 km,Berawan
Kel.Manokwari Timur,2025-08-26 10:00:00,28,78,0.0,7.5,SE,100,> 10 km,Berawan
Kel.Manokwari Timur,2025-08-26 11:00:00,28,77,0.0,7.5,SE,96,> 10 km,Hujan Ringan
Kel.Manokwari Timur,2025-08-26 12:00:00,28,78,1.3,4.0,SE,100,< 6 km,Hujan Ringan
Kel.Manokwari Timur,2025-08-26 13:00:00,28,76,0.3,4.6,W,63,> 10 km,Cerah Berawan
Kel.Manokwari Timur,2025-08-26 14:00:00,28,77,0.3,4.6,W,79,> 10 km,Cerah Berawan
Kel.Manokwari Timur,2025-08-26 15:00:00,26,86,1.3,7.2,W,97,< 6 km,Cerah Berawan
Kel.Manokwari Timur,2025-08-26 16:00:00,26,85,0.9,9.3,W,100,< 10 km,Berawan
Kel.Manokwari Timur,2025-08-26 17:00:00,26,85,0.9,9.3,W,100,< 10 km,Berawan
Kel.Manokwari Timur,2025-08-26 18:00:00,25,91,0.3,7.9,S,99,< 7 km,Berawan
Kel.Manokwari Timur,2025-08-26 19:00:00,25,89,1.0,10.9,NW,98,> 10 km,Hujan Ringan
Kel.Manokwari Timur,2025-08-26 20:00:00,25,88,1.0,10.9,NW,96,> 10 km,Hujan Ringan
Kel.Manokwari Timur,2025-08-26 21:00:00,26,86,0.0,10.8,SE,93,< 6 km,Berawan
Kel.Manokwari Timur,2025-08-26 22:00:00,26,86,0.0,8.1,SE,99,< 7 km,Berawan
Kel.Manokwari Timur,2025-08-26 23:00:00,26,86,0.0,8.1,SE,96,< 7 km,Berawan
Kel.Manokwari Timur,2025-08-27 00:00:00,26,86,0.0,8.1,SE,99,< 7 km,Berawan
Kel.Manokwari Timur,2025-08-27 01:00:00,26,86,0.0,6.6,E,100,< 7 km,Berawan
Kel.Manokwari Timur,2025-08-27 02:00:00,26,86,0.0,5.1,S,99,< 7 km,Berawan
Kel.Manokwari Timur,2025-08-27 03:00:00,26,86,0.0,5.1,S,100,< 7 km,Berawan
Kel.Manokwari Timur,2025-08-27 04:00:00,27,82,1.3,13.7,E,100,< 7 km,Hujan Ringan
Kel.Manokwari Timur,2025-08-27 05:00:00,26,85,0.0,0.8,S,100,< 6 km,Berawan
Kel.Manokwari Timur,2025-08-27 06:00:00,26,86,0.2,0.8,S,100,< 6 km,Berawan
Kel.Manokwari Timur,2025-08-27 07:00:00,27,83,0.1,14.8,E,100,< 7 km,Berawan
Kel.Manokwari Timur,2025-08-27 08:00:00,27,84,0.2,6.0,W,99,< 6 km,Berawan
Kel.Manokwari Timur,2025-08-27 09:00:00,28,82,0.3,6.0,W,100,< 6 km,Berawan
Kel.Manokwari Timur,2025-08-27 10:00:00,28,80,0.1,13.3,E,100,< 6 km,Hujan Ringan
Kel.Manokwari Timur,2025-08-27 11:00:00,27,81,0.3,6.9,N,98,< 6 km,Berawan
Kel.Manokwari Timur,2025-08-27 12:00:00,28,80,1.3,6.9,N,92,< 6 km,Hujan Ringan
Kel.Manokwari Timur,2025-08-27 13:00:00,28,80,1.4,10.6,W,100,< 7 km,Hujan Ringan
Kel.Manokwari Timur,2025-08-27 14:00:00,26,86,1.4,10.6,W,100,< 7 km,Hujan Ringan
Kel.Manokwari Timur,2025-08-27 15:00:00,26,89,0.7,10.6,W,100,< 7 km,Hujan Ringan
Kel.Manokwari Timur,2025-08-27 16:00:00,26,89,0.7,15.3,W,100,< 9 km,Berawan
Kel.Manokwari Timur,2025-08-27 17:00:00,25,90,0.7,15.3,W,100,< 9 km,Hujan Ringan
Kel.Manokwari Timur,2025-08-27 18:00:00,25,91,0.2,15.3,W,100,< 9 km,Berawan
Kel.Manokwari Timur,2025-08-27 19:00:00,25,90,0.2,10.7,W,100,< 8 km,Berawan
Kel.Manokwari Timur,2025-08-27 20:00:00,25,90,0.2,10.7,W,100,< 8 km,Hujan Ringan
Kel.Manokwari Timur,2025-08-27 21:00:00,25,91,0.6,10.7,W,100,< 8 km,Berawan
Kel.Manokwari Timur,2025-08-27 22:00:00,25,90,0.6,7.0,SE,100,< 8 km,Berawan
Kel.Manokwari Timur,2025-08-27 23:00:00,25,91,0.6,7.0,SE,100,< 8 km,Hujan Ringan
Kel.Manokwari Timur,2025-08-28 00:00:00,25,91,0.0,7.0,SE,97,< 8 km,Hujan Ringan
Kel.Manokwari Timur,2025-08-28 01:00:00,26,88,0.0,12.6,SE,100,< 8 km,Hujan Ringan
Kel.Manokwari Timur,2025-08-28 02:00:00,26,88,0.0,12.6,SE,100,< 8 km,Berawan
Kel.Manokwari Timur,2025-08-28 03:00:00,26,86,0.0,12.6,SE,100,< 8 km,Berawan
Kel.Manokwari Timur,2025-08-28 04:00:00,26,86,0.0,5.2,SW,100,< 8 km,Berawan
Kel.Manokwari Timur,2025-08-28 05:00:00,25,88,0.0,5.2,SW,100,< 8 km,Berawan
Kel.Manokwari Timur,2025-08-28 06:00:00,26,89,0.0,5.2,SW,100,< 8 km,Berawan
Kel.Manokwari Timur,2025-08-28 07:00:00,26,88,0.0,6.1,S,98,< 8 km,Berawan
Kel.Manokwari Timur,2025-08-28 08:00:00,27,81,0.0,6.1,S,100,< 8 km,Berawan
Kel.Manokwari Timur,2025-08-28 09:00:00,27,77,0.0,6.1,S,100,< 8 km,Berawan
Kel.Manokwari Timur,2025-08-28 10:00:00,28,74,0.0,9.5,SE,92,< 9 km,Berawan
Kel.Manokwari Timur,2025-08-28 11:00:00,28,72,0.0,9.5,SE,44,< 9 km,Cerah
Kel.Manokwari Timur,2025-08-28 12:00:00,28,71,2.0,9.5,SE,80,< 9 km,Hujan Ringan
Kel.Manokwari Timur,2025-08-28 13:00:00,28,70,2.0,6.7,S,96,< 9 km,Hujan Ringan
Kel.Manokwari Timur,2025-08-28 14:00:00,28,69,2.0,6.7,S,87,< 9 km,Hujan Ringan
Kel.Manokwari Timur,2025-08-28 15:00:00,28,74,2.0,6.7,S,99,< 9 km,Hujan Ringan
Kel.Manokwari Timur,2025-08-28 16:00:00,28,79,2.0,12.9,SW,99,< 9 km,Hujan Ringan
Kel.Manokwari Timur,2025-08-28 17:00:00,27,82,2.0,12.9,SW,93,< 9 km,Hujan Ringan
Kel.Manokwari Timur,2025-08-28 18:00:00,27,77,0.0,9.0,S,99,< 9 km,Berawan
Kel.Manokwari Timur,2025-08-28 19:00:00,26,87,0.9,9.1,S,77,< 8 km,Cerah Berawan
Kel.Manokwari Timur,2025-08-28 20:00:00,27,81,0.0,3.7,S,35,< 8 km,Cerah
Kel.Manokwari Timur,2025-08-28 21:00:00,27,82,0.0,3.7,S,25,< 8 km,Cerah
Kel.Manokwari Timur,2025-08-28 22:00:00,27,83,0.0,6.5,SE,35,< 8 km,Cerah
Kel.Manokwari Timur,2025-08-28 23:00:00,26,85,0.0,14.6,W,100,< 6 km,Berawan
Kel.Manokwari Timur,2025-08-29 00:00:00,26,86,0.0,14.6,W,100,< 6 km,Berawan
Kel.Manokwari Timur,2025-08-29 01:00:00,26,85,0.0,12.8,W,100,< 6 km,Berawan
Kel.Manokwari Timur,2025-08-29 02:00:00,26,84,0.0,12.8,W,100,< 6 km,Berawan
Kel.Manokwari Timur,2025-08-29 03:00:00,26,84,0.0,12.8,W,100,< 6 km,Berawan
Kel.Manokwari Timur,2025-08-29 04:00:00,26,83,0.0,10.9,SW,100,< 7 km,Berawan
Kel.Manokwari Timur,2025-08-29 05:00:00,26,83,0.0,10.9,SW,100,< 7 km,Berawan
Kel.Manokwari Timur,2025-08-29 06:00:00,26,83,0.0,10.9,SW,90,< 7 km,Berawan
Kel.Manokwari Timur,2025-08-29 07:00:00,28,81,0.0,8.2,S,99,< 7 km,Berawan
Kel.Manokwari Timur,2025-08-29 08:00:00,28,78,0.0,8.2,S,99,< 7 km,Berawan
Kel.Manokwari Timur,2025-08-29 09:00:00,28,76,1.3,8.2,S,100,< 7 km,Hujan Ringan
Kel.Manokwari Timur,2025-08-29 10:00:00,28,77,1.3,12.2,SE,100,< 6 km,Hujan Ringan
Kel.Manokwari Timur,2025-08-29 11:00:00,28,77,1.3,12.2,SE,100,< 6 km,Hujan Ringan
Kel.Manokwari Timur,2025-08-29 12:00:00,28,81,1.3,6.8,S,100,< 6 km,Hujan Ringan
Kel.Manokwari Timur,2025-08-29 13:00:00,28,74,1.3,5.2,S,100,< 7 km,Hujan Ringan
Kel.Manokwari Timur,2025-08-29 14:00:00,28,76,1.3,5.2,S,100,< 7 km,Hujan Ringan
Kel.Manokwari Timur,2025-08-29 15:00:00,28,73,0.0,2.5,NW,100,< 6 km,Berawan
Kel.Manokwari Timur,2025-08-29 16:00:00,27,82,0.1,7.9,S,100,< 7 km,Berawan
Kel.Manokwari Timur,2025-08-29 17:00:00,27,83,0.1,7.9,S,100,< 7 km,Berawan
Kel.Manokwari Timur,2025-08-29 18:00:00,27,78,0.0,2.1,SW,93,< 6 km,Berawan
Kel.Manokwari Timur,2025-08-29 19:00:00,27,81,0.0,6.5,SE,100,< 7 km,Berawan
Kel.Manokwari Timur,2025-08-29 20:00:00,27,80,0.0,6.5,SE,88,< 7 km,Cerah Berawan
Kel.Manokwari Timur,2025-08-29 21:00:00,27,89,0.1,10.7,W,84,< 7 km,Cerah Berawan
Kel.Manokwari Timur,2025-08-29 22:00:00,27,78,0.0,10.9,SE,99,< 6 km,Berawan
Kel.Manokwari Timur,2025-08-29 23:00:00,27,80,0.0,10.9,SE,100,< 6 km,Berawan
Kel.Manokwari Timur,2025-08-30 00:00:00,26,83,0.0,7.8,S,100,< 9 km,Hujan Ringan
Kel.Manokwari Timur,2025-08-30 01:00:00,26,80,0.0,9.4,S,97,< 9 km,Hujan Ringan
Kel.Manokwari Timur,2025-08-30 02:00:00,27,83,0.0,15.3,SE,50,< 7 km,Cerah
Kel.Manokwari Timur,2025-08-30 03:00:00,26,80,0.0,9.4,S,99,< 9 km,Berawan
Kel.Manokwari Timur,2025-08-30 04:00:00,26,82,0.0,9.1,W,97,< 8 km,Berawan
Kel.Manokwari Timur,2025-08-30 05:00:00,27,85,0.0,24.8,SE,26,< 6 km,Cerah
Kel.Manokwari Timur,2025-08-30 06:00:00,26,88,0.0,9.1,W,93,< 8 km,Berawan
Kel.Manokwari Timur,2025-08-30 07:00:00,27,83,0.0,6.5,W,98,< 9 km,Berawan
Kel.Manokwari Timur,2025-08-30 08:00:00,28,80,0.0,27.8,SE,9,> 10 km,Cerah
Kel.Manokwari Timur,2025-08-30 09:00:00,29,77,0.0,6.5,W,89,< 9 km,Cerah Berawan
Kel.Manokwari Timur,2025-08-30 10:00:00,29,75,0.0,16.7,SE,84,< 8 km,Cerah Berawan
Kel.Manokwari Timur,2025-08-30 11:00:00,28,79,0.0,16.7,SE,22,< 8 km,Cerah
Kel.Manokwari Timur,2025-08-30 12:00:00,28,82,0.2,15.3,SE,37,< 8 km,Hujan Ringan
Kel.Manokwari Timur,2025-08-30 13:00:00,28,80,0.2,12.9,SE,20,< 8 km,Cerah
Kel.Manokwari Timur,2025-08-30 14:00:00,28,80,0.2,12.9,SE,38,< 8 km,Cerah
Kel.Manokwari Timur,2025-08-30 15:00:00,28,82,0.2,12.9,SE,86,< 8 km,Cerah Berawan
Kel.Manokwari Timur,2025-08-30 16:00:00,27,83,0.2,13.8,SW,90,< 8 km,Berawan
Kel.Manokwari Timur,2025-08-30 17:00:00,27,87,0.2,13.8,SW,97,< 8 km,Berawan
Kel.Manokwari Timur,2025-08-30 18:00:00,26,85,0.2,13.8,SW,55,< 8 km,Cerah
Kel.Manokwari Timur,2025-08-30 19:00:00,26,87,0.2,3.3,S,84,< 8 km,Cerah Berawan
Kel.Manokwari Timur,2025-08-30 20:00:00,26,86,0.2,3.3,S,65,< 8 km,Cerah Berawan
Kel.Manokwari Timur,2025-08-30 21:00:00,26,86,0.0,3.3,S,66,< 8 km,Cerah Berawan
Kel.Manokwari Timur,2025-08-30 22:00:00,26,91,0.0,9.9,W,99,< 8 km,Berawan
Kel.Manokwari Timur,2025-08-30 23:00:00,26,89,0.0,10.5,W,92,< 7 km,Berawan
Kel.Manokwari Timur,2025-08-31 00:00:00,26,88,0.0,10.5,W,99,< 7 km,Berawan
Kel.Manokwari Timur,2025-08-31 01:00:00,26,88,0.0,9.4,W,100,< 7 km,Berawan
Kel.Manokwari Timur,2025-08-31 02:00:00,25,90,0.0,9.4,W,100,< 7 km,Berawan
Kel.Manokwari Timur,2025-08-31 03:00:00,25,89,0.2,9.4,W,100,< 7 km,Berawan
Kel.Manokwari Timur,2025-08-31 04:00:00,26,87,0.2,5.1,SE,100,< 7 km,Berawan
Kel.Manokwari Timur,2025-08-31 05:00:00,26,86,0.2,5.1,SE,100,< 7 km,Berawan
Kel.Manokwari Timur,2025-08-31 06:00:00,26,86,0.0,5.1,SE,100,< 7 km,Berawan
Kel.Manokwari Timur,2025-08-31 07:00:00,27,83,0.0,8.6,E,100,< 6 km,Berawan
Kel.Manokwari Timur,2025-08-31 08:00:00,27,80,0.0,8.6,E,100,< 6 km,Berawan
Kel.Manokwari Timur,2025-08-31 09:00:00,28,78,0.0,8.6,E,100,< 6 km,Berawan
Kel.Manokwari Timur,2025-08-31 10:00:00,28,77,0.0,9.6,SE,100,< 7 km,Hujan Ringan
Kel.Manokwari Timur,2025-08-31 11:00:00,28,77,0.0,10.4,E,90,< 9 km,Hujan Ringan
Kel.Manokwari Timur,2025-08-31 12:00:00,28,79,0.0,10.4,E,96,< 9 km,Hujan Ringan
Kel.Manokwari Timur,2025-08-31 13:00:00,28,78,0.0,3.5,S,94,< 8 km,Berawan
Kel.Manokwari Timur,2025-08-31 14:00:00,28,77,0.0,3.5,S,81,< 8 km,Cerah Berawan
Kel.Manokwari Timur,2025-08-31 15:00:00,28,77,0.0,3.5,S,82,< 8 km,Cerah Berawan
Kel.Manokwari Timur,2025-08-31 16:00:00,28,79,0.0,6.8,SE,86,< 9 km,Cerah Berawan
Kel.Manokwari Timur,2025-08-31 17:00:00,28,83,0.0,6.8,SE,84,< 9 km,Cerah Berawan
Kel.Manokwari Timur,2025-08-31 18:00:00,27,85,0.0,6.8,SE,93,< 9 km,Berawan
Kel.Manokwari Timur,2025-08-31 19:00:00,27,85,0.0,7.3,SE,94,< 8 km,Berawan
Kel.Manokwari Timur,2025-08-31 20:00:00,27,84,0.0,7.3,SE,59,< 8 km,Cerah
Kel.Manokwari Timur,2025-08-31 21:00:00,27,83,0.1,7.3,SE,66,< 8 km,Cerah Berawan
Kel.Manokwari Timur,2025-08-31 22:00:00,27,82,0.1,13.7,SE,98,< 8 km,Berawan
Kel.Manokwari Timur,2025-08-31 23:00:00,27,84,0.1,13.7,SE,99,< 8 km,Berawan
Kel.Manokwari Timur,2025-09-01 00:00:00,26,87,0.2,5.8,E,97,< 7 km,Berawan
Kel.Manokwari Timur,2025-09-01 01:00:00,26,85,1.0,23.0,E,99,< 9 km,Berawan
Kel.Manokwari Timur,2025-09-01 02:00:00,26,85,1.0,23.0,E,100,< 9 km,Berawan
Kel.Manokwari Timur,2025-09-01 03:00:00,26,86,0.5,23.4,SE,99,< 7 km,Berawan
Kel.Manokwari Timur,2025-09-01 04:00:00,26,86,0.4,26.6,E,100,< 6 km,Berawan
Kel.Manokwari Timur,2025-09-01 05:00:00,26,86,0.4,26.6,E,100,< 6 km,Berawan
Kel.Manokwari Timur,2025-09-01 06:00:00,26,86,1.6,24.4,E,100,< 7 km,Hujan Ringan
Kel.Manokwari Timur,2025-09-01 07:00:00,27,86,0.9,27.7,E,100,< 7 km,Berawan
Kel.Manokwari Timur,2025-09-01 08:00:00,27,86,0.9,27.7,E,100,< 7 km,Berawan
Kel.Manokwari Timur,2025-09-01 09:00:00,26,87,0.5,27.1,E,100,< 7 km,Berawan
Kel.Manokwari Timur,2025-09-01 10:00:00,26,86,0.5,27.6,E,100,< 6 km,Hujan Ringan
Kel.Manokwari Timur,2025-09-01 11:00:00,27,86,0.9,22.4,E,100,< 6 km,Hujan Ringan
Kel.Manokwari Timur,2025-09-01 12:00:00,26,88,0.3,22.4,E,100,< 6 km,Hujan Ringan
Kel.Manokwari Timur,2025-09-01 13:00:00,27,87,0.3,24.1,E,100,< 7 km,Berawan
Kel.Manokwari Timur,2025-09-01 14:00:00,27,86,0.3,24.1,E,100,< 7 km,Berawan
Kel.Manokwari Timur,2025-09-01 15:00:00,27,85,0.0,24.1,E,100,< 7 km,Berawan
Kel.Manokwari Timur,2025-09-01 16:00:00,27,85,0.0,25.7,E,100,< 7 km,Berawan
Kel.Manokwari Timur,2025-09-01 17:00:00,27,86,0.0,25.7,E,100,< 7 km,Berawan
Kel.Manokwari Timur,2025-09-01 18:00:00,27,84,0.0,25.7,E,100,< 7 km,Berawan
Kel.Manokwari Timur,2025-09-01 19:00:00,27,85,0.0,26.4,E,100,< 7 km,Berawan
Kel.Manokwari Timur,2025-09-01 20:00:00,27,84,0.0,26.4,E,100,< 7 km,Berawan
Kel.Manokwari Timur,2025-09-01 21:00:00,28,82,0.2,26.4,E,97,< 7 km,Berawan
Kel.Manokwari Timur,2025-09-01 22:00:00,28,80,0.2,30.2,E,98,< 7 km,Hujan Ringan
Kel.Manokwari Timur,2025-09-01 23:00:00,27,84,0.2,30.2,E,88,< 7 km,Cerah Berawan
Kel.Manokwari Timur,2025-09-02 00:00:00,27,85,0.6,29.0,E,99,> 10 km,Berawan
Kel.Manokwari Timur,2025-09-02 01:00:00,27,84,0.6,24.1,E,99,< 7 km,Berawan
Kel.Manokwari Timur,2025-09-02 02:00:00,26,84,0.7,22.5,E,100,< 6 km,Berawan
Kel.Manokwari Timur,2025-09-02 03:00:00,26,88,1.4,24.1,E,100,< 7 km,Hujan Ringan
Kel.Manokwari Timur,2025-09-02 04:00:00,26,86,1.4,21.2,E,100,> 10 km,Hujan Ringan
Kel.Manokwari Timur,2025-09-02 05:00:00,26,84,0.2,22.3,E,100,< 6 km,Berawan
Kel.Manokwari Timur,2025-09-02 06:00:00,27,84,0.9,21.2,E,100,> 10 km,Berawan
Kel.Manokwari Timur,2025-09-02 07:00:00,27,83,0.9,25.3,E,100,< 8 km,Berawan
Kel.Manokwari Timur,2025-09-02 08:00:00,26,85,0.9,25.3,E,100,< 8 km,Hujan Ringan
Kel.Manokwari Timur,2025-09-02 09:00:00,26,86,0.5,25.3,E,100,< 8 km,Hujan Ringan
Kel.Manokwari Timur,2025-09-02 10:00:00,27,85,0.5,22.3,E,100,> 10 km,Hujan Ringan
Kel.Manokwari Timur,2025-09-02 11:00:00,28,79,0.2,21.7,E,100,< 9 km,Hujan Sedang
Kel.Manokwari Timur,2025-09-02 12:00:00,28,80,0.1,21.7,E,99,< 9 km,Hujan Ringan
Kel.Manokwari Timur,2025-09-02 13:00:00,28,80,0.1,14.8,NE,99,< 9 km,Hujan Ringan
Kel.Manokwari Timur,2025-09-02 14:00:00,27,81,0.1,14.8,NE,94,< 9 km,Hujan Ringan
Kel.Manokwari Timur,2025-09-02 15:00:00,28,81,0.0,14.8,NE,82,< 9 km,Cerah Berawan
Kel.Manokwari Timur,2025-09-02 16:00:00,28,80,0.0,7.7,E,86,< 9 km,Cerah Berawan
Kel.Manokwari Timur,2025-09-02 17:00:00,28,79,0.0,7.7,E,85,< 9 km,Cerah Berawan
Kel.Manokwari Timur,2025-09-02 18:00:00,28,79,0.0,7.7,E,93,< 9 km,Berawan
Kel.Manokwari Timur,2025-09-02 19:00:00,28,79,0.0,16.4,E,68,< 8 km,Hujan Ringan
Kel.Manokwari Timur,2025-09-02 20:00:00,28,79,0.0,16.4,E,66,< 8 km,Cerah Berawan
Kel.Manokwari Timur,2025-09-02 21:00:00,27,81,0.1,16.4,E,37,< 8 km,Cerah
Kel.Manokwari Timur,2025-09-02 22:00:00,27,81,0.1,22.4,E,30,< 8 km,Cerah
Kel.Manokwari Timur,2025-09-02 23:00:00,27,82,0.1,22.4,E,38,< 8 km,Cerah
Kel.Manokwari Timur,2025-09-03 00:00:00,26,86,1.0,22.4,E,75,< 8 km,Cerah Berawan
Kel.Manokwari Timur,2025-09-03 01:00:00,26,85,1.0,27.7,E,82,< 8 km,Cerah Berawan
Kel.Manokwari Timur,2025-09-03 02:00:00,25,89,1.0,27.7,E,90,< 8 km,Berawan
Kel.Manokwari Timur,2025-09-03 03:00:00,25,89,0.2,27.7,E,84,< 8 km,Cerah Berawan
Kel.Manokwari Timur,2025-09-03 04:00:00,25,88,0.2,18.9,E,38,< 8 km,Cerah
Kel.Manokwari Timur,2025-09-03 05:00:00,26,86,0.2,18.9,E,28,< 8 km,Cerah
Kel.Manokwari Timur,2025-09-03 06:00:00,26,84,0.1,18.9,E,37,< 8 km,Cerah
Kel.Manokwari Timur,2025-09-03 07:00:00,26,81,0.1,24.1,SE,34,< 9 km,Cerah
Kel.Manokwari Timur,2025-09-03 08:00:00,27,80,0.1,24.1,SE,39,< 9 km,Cerah
Kel.Manokwari Timur,2025-09-03 09:00:00,26,85,0.1,24.1,SE,25,< 9 km,Cerah
Kel.Manokwari Timur,2025-09-03 10:00:00,27,81,0.1,22.1,E,44,< 9 km,Cerah
Kel.Manokwari Timur,2025-09-03 11:00:00,27,81,0.1,20.9,E,20,< 9 km,Cerah
Kel.Manokwari Timur,2025-09-03 12:00:00,27,83,0.0,22.1,E,26,< 9 km,Cerah
Kel.Manokwari Timur,2025-09-03 13:00:00,28,81,0.0,14.9,E,16,< 8 km,Cerah
Kel.Manokwari Timur,2025-09-03 14:00:00,28,81,0.0,14.9,E,12,< 8 km,Hujan Ringan
Kel.Manokwari Timur,2025-09-03 15:00:00,28,80,0.1,14.9,E,19,< 8 km,Hujan Ringan
Kel.Manokwari Timur,2025-09-03 16:00:00,28,78,0.1,8.8,E,32,< 9 km,Cerah
Kel.Manokwari Timur,2025-09-03 17:00:00,28,79,0.1,8.8,E,45,< 9 km,Cerah
Kel.Manokwari Timur,2025-09-03 18:00:00,28,80,0.1,8.8,E,29,< 9 km,Cerah
Kel.Manokwari Timur,2025-09-03 19:00:00,28,79,0.1,8.3,E,31,< 9 km,Cerah
Kel.Manokwari Timur,2025-09-03 20:00:00,27,80,0.1,8.3,E,58,< 9 km,Cerah
Kel.Manokwari Timur,2025-09-03 21:00:00,27,82,1.5,8.3,E,88,< 9 km,Hujan Ringan
Kel.Manokwari Timur,2025-09-03 22:00:00,26,87,1.5,13.1,E,98,< 7 km,Hujan Ringan
Kel.Manokwari Timur,2025-09-03 23:00:00,26,87,1.5,13.1,E,99,< 7 km,Hujan Ringan
Kel.Manokwari Timur,2025-09-04 00:00:00,25,87,0.5,0.5,SE,99,< 7 km,Berawan
Kel.Manokwari Timur,2025-09-04 01:00:00,25,88,0.5,8.7,E,99,< 6 km,Berawan
Kel.Manokwari Timur,2025-09-04 02:00:00,26,86,0.6,16.6,SE,95,< 8 km,Berawan
Kel.Manokwari Timur,2025-09-04 03:00:00,25,89,0.5,8.7,E,95,< 6 km,Berawan
Kel.Manokwari Timur,2025-09-04 04:00:00,25,88,0.5,12.4,SE,89,< 6 km,Cerah Berawan
Kel.Manokwari Timur,2025-09-04 05:00:00,25,88,1.7,17.7,SE,99,< 8 km,Hujan Ringan
Kel.Manokwari Timur,2025-09-04 06:00:00,25,87,0.2,12.4,SE,99,< 6 km,Berawan
Kel.Manokwari Timur,2025-09-04 07:00:00,26,84,0.2,15.6,SE,44,< 7 km,Cerah
Kel.Manokwari Timur,2025-09-04 08:00:00,26,83,0.2,15.6,SE,59,< 7 km,Cerah
Kel.Manokwari Timur,2025-09-04 09:00:00,27,81,0.1,15.6,SE,47,< 7 km,Cerah Berawan
Kel.Manokwari Timur,2025-09-04 10:00:00,27,79,0.1,24.1,E,76,< 7 km,Cerah Berawan
Kel.Manokwari Timur,2025-09-04 11:00:00,27,81,0.1,24.1,E,39,< 7 km,Hujan Ringan
Kel.Manokwari Timur,2025-09-04 12:00:00,27,80,1.3,17.9,SE,30,< 7 km,Hujan Ringan
Kel.Manokwari Timur,2025-09-04 13:00:00,28,79,0.0,20.0,SE,53,< 7 km,Cerah
Kel.Manokwari Timur,2025-09-04 14:00:00,28,79,1.3,15.9,SE,96,< 6 km,Hujan Ringan
Kel.Manokwari Timur,2025-09-04 15:00:00,28,78,1.3,15.9,SE,87,< 6 km,Hujan Ringan
Kel.Manokwari Timur,2025-09-04 16:00:00,28,78,1.3,13.1,SE,93,< 7 km,Cerah Berawan
Kel.Manokwari Timur,2025-09-04 17:00:00,27,80,1.3,13.1,SE,100,< 7 km,Hujan Ringan
Kel.Manokwari Timur,2025-09-04 18:00:00,27,81,0.1,13.1,SE,100,< 7 km,Berawan
Kel.Manokwari Timur,2025-09-04 19:00:00,27,80,0.1,18.3,SE,100,< 6 km,Berawan
Kel.Manokwari Timur,2025-09-04 20:00:00,27,80,0.1,18.3,SE,99,< 6 km,Berawan
Kel.Manokwari Timur,2025-09-04 21:00:00,27,81,0.4,18.3,SE,99,< 6 km,Berawan
Kel.Manokwari Timur,2025-09-04 22:00:00,27,81,0.4,28.2,E,99,< 6 km,Berawan
Kel.Manokwari Timur,2025-09-04 23:00:00,27,85,0.4,28.2,E,98,< 6 km,Berawan
Kel.Manokwari Timur,2025-09-05 00:00:00,27,85,0.9,28.2,E,98,< 6 km,Berawan
Kel.Manokwari Timur,2025-09-05 01:00:00,26,86,0.9,16.9,E,100,< 6 km,Berawan
Kel.Manokwari Timur,2025-09-05 02:00:00,26,86,0.9,16.9,E,99,< 6 km,Berawan
Kel.Manokwari Timur,2025-09-05 03:00:00,26,86,2.6,16.9,E,98,< 6 km,Hujan Ringan
Kel.Manokwari Timur,2025-09-05 04:00:00,26,88,2.6,19.1,E,99,< 6 km,Hujan Ringan
Kel.Manokwari Timur,2025-09-05 05:00:00,26,86,2.6,19.1,E,99,< 6 km,Hujan Ringan
Kel.Manokwari Timur,2025-09-05 06:00:00,26,87,0.6,19.1,E,100,< 6 km,Berawan
Kel.Manokwari Timur,2025-09-05 07:00:00,26,86,0.6,19.4,E,91,< 6 km,Berawan
Kel.Manokwari Timur,2025-09-05 08:00:00,27,84,0.6,19.4,E,61,< 6 km,Cerah Berawan
Kel.Manokwari Timur,2025-09-05 09:00:00,27,83,1.3,19.4,E,79,< 6 km,Hujan Ringan
Kel.Manokwari Timur,2025-09-05 10:00:00,26,85,1.3,16.5,E,95,< 7 km,Hujan Ringan
Kel.Manokwari Timur,2025-09-05 11:00:00,26,86,1.3,16.5,E,77,< 7 km,Hujan Ringan
Kel.Manokwari Timur,2025-09-05 12:00:00,27,83,1.3,16.5,E,92,< 7 km,Hujan Ringan
Kel.Manokwari Timur,2025-09-05 13:00:00,28,80,1.3,8.4,E,91,< 7 km,Hujan Ringan
Kel.Manokwari Timur,2025-09-05 14:00:00,28,79,1.3,8.4,E,82,< 7 km,Hujan Ringan
Kel.Manokwari Timur,2025-09-05 15:00:00,28,79,0.0,8.4,E,99,< 7 km,Berawan
Kel.Manokwari Timur,2025-09-05 16:00:00,28,80,0.0,4.3,E,100,< 7 km,Berawan
Kel.Manokwari Timur,2025-09-05 17:00:00,28,80,0.0,4.3,E,100,< 7 km,Berawan
Kel.Manokwari Timur,2025-09-05 18:00:00,27,81,0.0,4.3,E,100,< 7 km,Berawan
Kel.Manokwari Timur,2025-09-05 19:00:00,28,81,0.0,10.2,E,99,< 6 km,Berawan
Kel.Manokwari Timur,2025-09-05 20:00:00,27,82,0.0,10.2,E,99,< 6 km,Berawan
Kel.Manokwari Timur,2025-09-05 21:00:00,27,82,0.2,10.2,E,99,< 6 km,Berawan
Kel.Manokwari Timur,2025-09-05 22:00:00,27,83,0.2,15.5,SE,100,< 7 km,Berawan
Kel.Manokwari Timur,2025-09-05 23:00:00,26,84,0.2,15.5,SE,100,< 7 km,Berawan
Kel.Manokwari Timur,2025-09-06 00:00:00,26,84,0.2,15.5,SE,100,< 7 km,Berawan
Kel.Manokwari Timur,2025-09-06 01:00:00,27,82,0.2,17.6,E,100,< 7 km,Berawan
Kel.Manokwari Timur,2025-09-06 02:00:00,26,83,0.2,17.6,E,100,< 7 km,Berawan
Kel.Manokwari Timur,2025-09-06 03:00:00,26,87,1.0,17.6,E,96,< 7 km,Hujan Ringan
Kel.Manokwari Timur,2025-09-06 04:00:00,26,86,1.0,21.2,E,88,< 6 km,Hujan Ringan
Kel.Manokwari Timur,2025-09-06 05:00:00,26,86,1.0,21.2,E,67,< 6 km,Hujan Ringan
Kel.Manokwari Timur,2025-09-06 06:00:00,27,86,0.0,21.2,E,34,< 6 km,Cerah
Kel.Manokwari Timur,2025-09-06 07:00:00,28,83,0.0,21.2,E,34,< 6 km,Cerah
Kel.Manokwari Timur,2025-09-06 08:00:00,28,82,0.0,21.2,E,21,< 6 km,Cerah
Kel.Manokwari Timur,2025-09-06 09:00:00,28,79,0.1,21.2,E,45,< 6 km,Cerah
Kel.Manokwari Timur,2025-09-06 10:00:00,28,80,0.1,21.2,E,23,< 6 km,Cerah
Kel.Manokwari Timur,2025-09-06 11:00:00,28,79,0.1,21.2,E,22,< 6 km,Cerah
Kel.Manokwari Timur,2025-09-06 12:00:00,29,78,0.1,11.7,E,17,< 6 km,Cerah
Kel.Manokwari Timur,2025-09-06 13:00:00,29,77,0.1,11.7,E,17,< 6 km,Cerah
Kel.Manokwari Timur,2025-09-06 14:00:00,29,77,0.1,11.7,E,65,< 6 km,Cerah Berawan
Kel.Manokwari Timur,2025-09-06 15:00:00,29,76,0.7,11.7,E,97,< 6 km,Berawan
Kel.Manokwari Timur,2025-09-06 16:00:00,29,76,0.7,11.7,E,96,< 6 km,Berawan
Kel.Manokwari Timur,2025-09-06 17:00:00,28,78,0.7,11.7,E,96,< 6 km,Berawan
Kel.Manokwari Timur,2025-09-06 18:00:00,28,79,0.7,8.1,NW,99,< 7 km,Berawan
Kel.Manokwari Timur,2025-09-06 19:00:00,26,88,0.7,8.1,NW,100,< 7 km,Berawan
Kel.Manokwari Timur,2025-09-06 20:00:00,26,89,0.7,8.1,NW,99,< 7 km,Berawan
Kel.Manokwari Timur,2025-09-06 21:00:00,26,88,1.1,8.1,NW,97,< 7 km,Hujan Ringan
Kel.Manokwari Timur,2025-09-06 22:00:00,26,88,1.1,8.1,NW,95,< 7 km,Hujan Ringan
Kel.Manokwari Timur,2025-09-06 23:00:00,25,88,1.1,8.1,NW,96,< 7 km,Hujan Ringan
Kel.Padarni,2025-08-20 22:00:00,25,89,1.3,22.3,E,100,< 6 km,Hujan Ringan
Kel.Padarni,2025-08-21 00:00:00,25,89,1.3,18.1,E,100,< 7 km,Hujan Ringan
Kel.Padarni,2025-08-21 01:00:00,26,88,1.3,21.6,E,99,< 6 km,Hujan Ringan
Kel.Padarni,2025-08-21 02:00:00,26,87,1.3,18.7,E,100,< 6 km,Hujan Ringan
Kel.Padarni,2025-08-21 03:00:00,26,87,0.7,18.7,E,100,< 6 km,Hujan Ringan
Kel.Padarni,2025-08-21 04:00:00,26,87,0.6,13.2,E,100,< 6 km,Berawan
Kel.Padarni,2025-08-21 05:00:00,26,86,0.7,7.8,E,100,< 6 km,Hujan Ringan
Kel.Padarni,2025-08-21 06:00:00,25,88,1.3,7.8,E,100,< 6 km,Hujan Ringan
Kel.Padarni,2025-08-21 07:00:00,26,86,1.3,15.4,SE,100,< 7 km,Hujan Ringan
Kel.Padarni,2025-08-21 08:00:00,26,87,1.3,8.9,E,100,< 5 km,Hujan Ringan
Kel.Padarni,2025-08-21 09:00:00,26,88,1.3,8.9,E,100,< 5 km,Hujan Ringan
Kel.Padarni,2025-08-21 10:00:00,26,89,1.3,7.6,E,100,< 6 km,Hujan Ringan
Kel.Padarni,2025-08-21 11:00:00,26,88,1.3,2.2,SE,100,< 6 km,Hujan Ringan
Kel.Padarni,2025-08-21 12:00:00,26,86,0.9,11.3,E,100,< 6 km,Hujan Ringan
Kel.Padarni,2025-08-21 13:00:00,26,86,0.9,8.9,E,100,< 7 km,Berawan
Kel.Padarni,2025-08-21 14:00:00,26,87,0.9,8.9,E,100,< 7 km,Berawan
Kel.Padarni,2025-08-21 15:00:00,26,87,0.9,8.9,E,100,< 7 km,Hujan Ringan
Kel.Padarni,2025-08-21 16:00:00,26,87,0.9,1.6,W,100,< 8 km,Hujan Ringan
Kel.Padarni,2025-08-21 17:00:00,26,87,0.9,1.6,W,100,< 8 km,Hujan Ringan
Kel.Padarni,2025-08-21 18:00:00,26,88,0.0,1.6,W,98,< 8 km,Hujan Ringan
Kel.Padarni,2025-08-21 19:00:00,26,90,0.0,10.1,W,100,< 8 km,Hujan Ringan
Kel.Padarni,2025-08-21 20:00:00,25,91,0.0,10.1,W,100,< 8 km,Berawan
Kel.Padarni,2025-08-21 21:00:00,25,90,2.0,10.1,W,100,< 8 km,Hujan Ringan
Kel.Padarni,2025-08-21 22:00:00,25,92,2.0,8.6,NW,100,< 7 km,Hujan Ringan
Kel.Padarni,2025-08-21 23:00:00,25,91,0.4,11.6,W,100,< 8 km,Berawan
Kel.Padarni,2025-08-22 00:00:00,25,89,0.4,11.6,W,100,< 8 km,Berawan
Kel.Padarni,2025-08-22 01:00:00,24,91,0.4,4.0,SW,100,< 10 km,Berawan
Kel.Padarni,2025-08-22 02:00:00,24,90,0.4,4.0,SW,100,< 10 km,Berawan
Kel.Padarni,2025-08-22 03:00:00,25,89,0.1,4.0,SW,100,< 10 km,Berawan
Kel.Padarni,2025-08-22 04:00:00,25,88,0.1,3.2,S,100,> 10 km,Berawan
Kel.Padarni,2025-08-22 05:00:00,25,88,0.1,3.2,S,100,> 10 km,Berawan
Kel.Padarni,2025-08-22 06:00:00,25,88,0.1,3.2,S,100,> 10 km,Berawan
Kel.Padarni,2025-08-22 07:00:00,26,88,0.1,1.9,E,100,> 10 km,Berawan
Kel.Padarni,2025-08-22 08:00:00,26,84,0.1,1.9,E,100,> 10 km,Berawan
Kel.Padarni,2025-08-22 09:00:00,26,85,0.1,1.9,E,100,> 10 km,Berawan
Kel.Padarni,2025-08-22 10:00:00,27,83,0.1,4.6,SE,100,> 10 km,Berawan
Kel.Padarni,2025-08-22 11:00:00,28,76,0.1,4.3,S,100,< 9 km,Berawan
Kel.Padarni,2025-08-22 12:00:00,28,77,0.4,4.3,S,100,< 9 km,Hujan Ringan
Kel.Padarni,2025-08-22 13:00:00,28,78,0.1,5.1,SE,98,> 10 km,Berawan
Kel.Padarni,2025-08-22 14:00:00,28,77,0.4,3.8,E,99,< 8 km,Hujan Ringan
Kel.Padarni,2025-08-22 15:00:00,27,78,0.5,3.8,E,100,< 8 km,Hujan Ringan
Kel.Padarni,2025-08-22 16:00:00,27,81,0.5,11.8,W,100,< 9 km,Berawan
Kel.Padarni,2025-08-22 17:00:00,26,84,0.5,11.8,W,100,< 9 km,Berawan
Kel.Padarni,2025-08-22 18:00:00,26,85,0.1,11.8,W,99,< 9 km,Berawan
Kel.Padarni,2025-08-22 19:00:00,26,86,0.1,12.6,W,99,< 8 km,Berawan
Kel.Padarni,2025-08-22 20:00:00,26,87,0.1,12.6,W,99,< 8 km,Berawan
Kel.Padarni,2025-08-22 21:00:00,26,87,0.1,12.6,W,99,< 8 km,Berawan
Kel.Padarni,2025-08-22 22:00:00,26,87,0.1,5.6,SW,99,< 9 km,Berawan
Kel.Padarni,2025-08-22 23:00:00,25,88,0.1,5.6,SW,100,< 9 km,Berawan
Kel.Padarni,2025-08-23 00:00:00,25,89,0.3,7.6,W,99,< 9 km,Berawan
Kel.Padarni,2025-08-23 01:00:00,25,89,0.3,8.5,W,98,< 8 km,Berawan
Kel.Padarni,2025-08-23 02:00:00,25,88,0.3,8.5,W,99,< 8 km,Berawan
Kel.Padarni,2025-08-23 03:00:00,25,88,0.2,8.5,W,99,< 8 km,Hujan Ringan
Kel.Padarni,2025-08-23 04:00:00,25,88,0.2,2.1,SW,100,< 8 km,Berawan
Kel.Padarni,2025-08-23 05:00:00,25,87,0.2,2.1,SW,100,< 8 km,Berawan
Kel.Padarni,2025-08-23 06:00:00,25,89,0.9,2.1,SW,100,< 8 km,Berawan
Kel.Padarni,2025-08-23 07:00:00,25,88,0.9,9.4,NW,100,< 8 km,Hujan Ringan
Kel.Padarni,2025-08-23 08:00:00,26,86,0.9,9.4,NW,100,< 8 km,Hujan Ringan
Kel.Padarni,2025-08-23 09:00:00,26,85,0.1,9.4,NW,99,< 8 km,Hujan Ringan
Kel.Padarni,2025-08-23 10:00:00,26,81,0.1,5.5,NE,100,< 9 km,Hujan Ringan
Kel.Padarni,2025-08-23 11:00:00,26,88,1.3,0.7,NW,100,< 6 km,Hujan Ringan
Kel.Padarni,2025-08-23 12:00:00,26,87,0.7,0.7,NW,100,< 6 km,Hujan Ringan
Kel.Padarni,2025-08-23 13:00:00,26,87,0.7,4.5,NW,100,< 6 km,Hujan Ringan
Kel.Padarni,2025-08-23 14:00:00,26,86,0.7,4.5,NW,100,< 6 km,Hujan Ringan
Kel.Padarni,2025-08-23 15:00:00,26,87,1.1,4.5,NW,100,< 6 km,Hujan Ringan
Kel.Padarni,2025-08-23 16:00:00,26,86,1.1,5.2,W,100,< 6 km,Hujan Ringan
Kel.Padarni,2025-08-23 17:00:00,25,89,1.1,5.2,W,100,< 6 km,Hujan Ringan
Kel.Padarni,2025-08-23 18:00:00,25,89,0.5,5.2,W,100,< 6 km,Berawan
Kel.Padarni,2025-08-23 19:00:00,25,88,0.5,3.3,NW,100,< 7 km,Berawan
Kel.Padarni,2025-08-23 20:00:00,26,87,0.5,3.3,NW,100,< 7 km,Berawan
Kel.Padarni,2025-08-23 21:00:00,26,87,0.0,3.3,NW,100,< 7 km,Berawan
Kel.Padarni,2025-08-23 22:00:00,26,89,0.0,5.8,SW,98,< 6 km,Berawan
Kel.Padarni,2025-08-23 23:00:00,25,89,0.0,5.8,SW,100,< 6 km,Berawan
Kel.Padarni,2025-08-24 00:00:00,25,90,0.0,5.8,SW,100,< 6 km,Berawan
Kel.Padarni,2025-08-24 01:00:00,26,86,0.1,13.5,SE,100,< 7 km,Berawan
Kel.Padarni,2025-08-24 02:00:00,25,89,0.0,7.5,SE,100,< 7 km,Berawan
Kel.Padarni,2025-08-24 03:00:00,25,90,0.3,7.5,SE,100,< 7 km,Berawan
Kel.Padarni,2025-08-24 04:00:00,25,90,1.3,11.6,SE,100,< 7 km,Hujan Ringan
Kel.Padarni,2025-08-24 05:00:00,26,85,0.3,13.6,SE,100,< 7 km,Berawan
Kel.Padarni,2025-08-24 06:00:00,26,86,1.3,13.6,SE,100,< 7 km,Hujan Ringan
Kel.Padarni,2025-08-24 07:00:00,26,87,0.3,12.6,E,100,< 7 km,Berawan
Kel.Padarni,2025-08-24 08:00:00,26,85,1.3,11.1,E,100,< 6 km,Hujan Ringan
Kel.Padarni,2025-08-24 09:00:00,26,88,1.4,12.6,E,100,< 7 km,Hujan Ringan
Kel.Padarni,2025-08-24 10:00:00,26,87,1.4,16.4,SE,100,< 6 km,Hujan Ringan
Kel.Padarni,2025-08-24 11:00:00,27,82,0.7,10.3,E,29,< 6 km,Cerah
Kel.Padarni,2025-08-24 12:00:00,26,86,0.0,16.4,SE,49,< 6 km,Hujan Ringan
Kel.Padarni,2025-08-24 13:00:00,27,82,0.0,10.8,SE,72,< 6 km,Cerah Berawan
Kel.Padarni,2025-08-24 14:00:00,28,78,1.3,5.6,E,79,< 7 km,Hujan Ringan
Kel.Padarni,2025-08-24 15:00:00,27,80,0.0,10.8,SE,61,< 6 km,Cerah Berawan
Kel.Padarni,2025-08-24 16:00:00,27,81,0.0,8.2,SE,66,< 7 km,Cerah Berawan
Kel.Padarni,2025-08-24 17:00:00,27,83,0.1,7.2,SE,61,< 8 km,Cerah Berawan
Kel.Padarni,2025-08-24 18:00:00,27,82,0.0,8.2,SE,94,< 7 km,Berawan
Kel.Padarni,2025-08-24 19:00:00,27,82,0.0,13.1,E,87,< 8 km,Hujan Ringan
Kel.Padarni,2025-08-24 20:00:00,27,81,0.0,13.1,E,82,< 8 km,Cerah Berawan
Kel.Padarni,2025-08-24 21:00:00,27,81,0.0,13.1,E,90,< 8 km,Cerah Berawan
Kel.Padarni,2025-08-24 22:00:00,27,81,0.0,17.2,SE,64,< 8 km,Cerah Berawan
Kel.Padarni,2025-08-24 23:00:00,27,81,0.0,17.2,SE,34,< 8 km,Cerah
Kel.Padarni,2025-08-25 00:00:00,27,82,1.8,17.2,SE,72,< 8 km,Hujan Ringan
Kel.Padarni,2025-08-25 01:00:00,26,86,1.8,13.2,E,96,< 9 km,Hujan Ringan
Kel.Padarni,2025-08-25 02:00:00,25,89,1.8,13.2,E,99,< 9 km,Hujan Ringan
Kel.Padarni,2025-08-25 03:00:00,26,87,1.1,13.2,E,76,< 9 km,Hujan Ringan
Kel.Padarni,2025-08-25 04:00:00,26,88,1.1,15.8,SE,84,< 8 km,Hujan Ringan
Kel.Padarni,2025-08-25 05:00:00,26,86,1.1,15.8,SE,65,< 8 km,Hujan Ringan
Kel.Padarni,2025-08-25 06:00:00,26,85,0.1,15.8,SE,56,< 8 km,Cerah
Kel.Padarni,2025-08-25 07:00:00,27,83,0.1,17.0,SE,31,< 9 km,Cerah
Kel.Padarni,2025-08-25 08:00:00,27,82,0.1,17.0,SE,52,< 9 km,Cerah
Kel.Padarni,2025-08-25 09:00:00,26,82,0.0,5.7,SW,100,> 10 km,Berawan
Kel.Padarni,2025-08-25 10:00:00,27,81,2.0,18.7,SE,42,< 8 km,Hujan Ringan
Kel.Padarni,2025-08-25 11:00:00,28,76,0.2,5.7,NW,58,< 9 km,Hujan Ringan
Kel.Padarni,2025-08-25 12:00:00,27,79,0.0,4.0,SE,99,> 10 km,Hujan Ringan
Kel.Padarni,2025-08-25 13:00:00,28,80,2.0,13.2,SE,22,< 8 km,Hujan Ringan
Kel.Padarni,2025-08-25 14:00:00,28,77,0.3,12.1,NW,77,< 8 km,Cerah Berawan
Kel.Padarni,2025-08-25 15:00:00,28,77,0.2,8.9,S,74,> 10 km,Cerah Berawan
Kel.Padarni,2025-08-25 16:00:00,27,82,2.0,8.0,SW,56,< 9 km,Hujan Ringan
Kel.Padarni,2025-08-25 17:00:00,27,84,0.6,10.0,W,90,< 9 km,Berawan
Kel.Padarni,2025-08-25 18:00:00,26,87,0.0,13.2,W,95,> 10 km,Berawan
Kel.Padarni,2025-08-25 19:00:00,26,86,0.2,13.6,W,26,< 9 km,Cerah
Kel.Padarni,2025-08-25 20:00:00,26,87,0.0,6.4,W,74,< 9 km,Cerah Berawan
Kel.Padarni,2025-08-25 21:00:00,26,90,0.0,8.5,W,78,> 10 km,Cerah Berawan
Kel.Padarni,2025-08-25 22:00:00,25,87,0.1,7.9,W,57,< 9 km,Cerah
Kel.Padarni,2025-08-25 23:00:00,25,90,0.0,9.8,SW,100,> 10 km,Berawan
Kel.Padarni,2025-08-26 00:00:00,25,90,0.0,7.5,SW,89,> 10 km,Cerah Berawan
Kel.Padarni,2025-08-26 01:00:00,25,89,0.0,8.0,SW,100,> 10 km,Berawan
Kel.Padarni,2025-08-26 02:00:00,25,90,0.0,8.0,SW,99,> 10 km,Berawan
Kel.Padarni,2025-08-26 03:00:00,25,89,0.0,7.3,SW,85,> 10 km,Cerah Berawan
Kel.Padarni,2025-08-26 04:00:00,24,89,0.0,6.4,S,100,> 10 km,Berawan
Kel.Padarni,2025-08-26 05:00:00,25,89,0.0,6.4,S,100,> 10 km,Berawan
Kel.Padarni,2025-08-26 06:00:00,25,88,0.0,7.0,SW,93,> 10 km,Berawan
Kel.Padarni,2025-08-26 07:00:00,26,86,0.0,4.3,SE,100,> 10 km,Berawan
Kel.Padarni,2025-08-26 08:00:00,27,82,0.0,4.3,SE,100,> 10 km,Berawan
Kel.Padarni,2025-08-26 09:00:00,27,80,0.0,4.3,SE,100,> 10 km,Berawan
Kel.Padarni,2025-08-26 10:00:00,28,78,0.0,7.5,SE,100,> 10 km,Berawan
Kel.Padarni,2025-08-26 11:00:00,28,77,0.0,7.5,SE,95,> 10 km,Hujan Ringan
Kel.Padarni,2025-08-26 12:00:00,28,78,1.3,4.0,SE,100,< 6 km,Hujan Ringan
Kel.Padarni,2025-08-26 13:00:00,28,76,0.2,4.6,W,64,> 10 km,Cerah Berawan
Kel.Padarni,2025-08-26 14:00:00,28,77,0.2,4.6,W,83,> 10 km,Cerah Berawan
Kel.Padarni,2025-08-26 15:00:00,27,84,1.3,7.2,W,97,< 6 km,Berawan
Kel.Padarni,2025-08-26 16:00:00,26,84,0.8,9.3,W,100,< 10 km,Berawan
Kel.Padarni,2025-08-26 17:00:00,26,85,0.8,9.3,W,100,< 10 km,Berawan
Kel.Padarni,2025-08-26 18:00:00,25,91,0.2,7.9,S,99,< 7 km,Berawan
Kel.Padarni,2025-08-26 19:00:00,25,90,1.2,10.9,NW,98,< 10 km,Hujan Ringan
Kel.Padarni,2025-08-26 20:00:00,25,88,1.2,10.9,NW,96,< 10 km,Hujan Ringan
Kel.Padarni,2025-08-26 21:00:00,26,88,0.0,10.8,SE,94,< 6 km,Berawan
Kel.Padarni,2025-08-26 22:00:00,26,87,0.0,8.1,SE,98,< 7 km,Berawan
Kel.Padarni,2025-08-26 23:00:00,26,87,0.0,8.1,SE,96,< 7 km,Berawan
Kel.Padarni,2025-08-27 00:00:00,26,86,0.1,8.1,SE,99,< 7 km,Berawan
Kel.Padarni,2025-08-27 01:00:00,26,87,0.1,6.6,E,100,< 7 km,Berawan
Kel.Padarni,2025-08-27 02:00:00,26,87,0.1,5.1,S,100,< 7 km,Berawan
Kel.Padarni,2025-08-27 03:00:00,26,87,0.0,5.1,S,100,< 7 km,Berawan
Kel.Padarni,2025-08-27 04:00:00,27,82,1.3,13.7,E,100,< 7 km,Hujan Ringan
Kel.Padarni,2025-08-27 05:00:00,26,86,0.0,0.8,S,100,< 6 km,Berawan
Kel.Padarni,2025-08-27 06:00:00,26,87,0.2,0.8,S,100,< 6 km,Berawan
Kel.Padarni,2025-08-27 07:00:00,27,84,0.1,14.8,E,100,< 7 km,Berawan
Kel.Padarni,2025-08-27 08:00:00,27,84,0.2,6.0,W,99,< 6 km,Berawan
Kel.Padarni,2025-08-27 09:00:00,27,82,0.2,6.0,W,100,< 6 km,Berawan
Kel.Padarni,2025-08-27 10:00:00,28,80,0.1,13.3,E,100,< 6 km,Hujan Ringan
Kel.Padarni,2025-08-27 11:00:00,27,81,0.2,6.9,N,98,< 6 km,Berawan
Kel.Padarni,2025-08-27 12:00:00,28,80,1.3,6.9,N,86,< 6 km,Hujan Ringan
Kel.Padarni,2025-08-27 13:00:00,28,79,1.6,10.6,W,100,< 7 km,Hujan Ringan
Kel.Padarni,2025-08-27 14:00:00,26,87,1.6,10.6,W,100,< 7 km,Hujan Ringan
Kel.Padarni,2025-08-27 15:00:00,26,89,0.6,10.6,W,100,< 7 km,Hujan Ringan
Kel.Padarni,2025-08-27 16:00:00,26,89,0.6,15.3,W,100,< 9 km,Berawan
Kel.Padarni,2025-08-27 17:00:00,25,90,0.6,15.3,W,100,< 9 km,Hujan Ringan
Kel.Padarni,2025-08-27 18:00:00,25,91,0.2,15.3,W,100,< 9 km,Berawan
Kel.Padarni,2025-08-27 19:00:00,25,91,0.2,10.7,W,100,< 8 km,Berawan
Kel.Padarni,2025-08-27 20:00:00,25,90,0.2,10.7,W,100,< 8 km,Hujan Ringan
Kel.Padarni,2025-08-27 21:00:00,25,92,0.5,10.7,W,100,< 8 km,Berawan
Kel.Padarni,2025-08-27 22:00:00,25,91,0.5,7.0,SE,100,< 8 km,Berawan
Kel.Padarni,2025-08-27 23:00:00,25,91,0.5,7.0,SE,100,< 8 km,Hujan Ringan
Kel.Padarni,2025-08-28 00:00:00,25,91,0.0,7.0,SE,98,< 8 km,Hujan Ringan
Kel.Padarni,2025-08-28 01:00:00,25,89,0.0,12.6,SE,100,< 8 km,Hujan Ringan
Kel.Padarni,2025-08-28 02:00:00,26,88,0.0,12.6,SE,100,< 8 km,Berawan
Kel.Padarni,2025-08-28 03:00:00,26,87,0.0,12.6,SE,100,< 8 km,Berawan
Kel.Padarni,2025-08-28 04:00:00,26,87,0.0,5.2,SW,100,< 8 km,Berawan
Kel.Padarni,2025-08-28 05:00:00,25,89,0.0,5.2,SW,100,< 8 km,Berawan
Kel.Padarni,2025-08-28 06:00:00,25,90,0.0,5.2,SW,100,< 8 km,Berawan
Kel.Padarni,2025-08-28 07:00:00,26,89,0.0,6.1,S,99,< 8 km,Berawan
Kel.Padarni,2025-08-28 08:00:00,27,82,0.0,6.1,S,100,< 8 km,Berawan
Kel.Padarni,2025-08-28 09:00:00,27,79,0.0,6.1,S,100,< 8 km,Berawan
Kel.Padarni,2025-08-28 10:00:00,28,75,0.0,9.5,SE,90,< 9 km,Berawan
Kel.Padarni,2025-08-28 11:00:00,28,73,0.0,9.5,SE,44,< 9 km,Cerah
Kel.Padarni,2025-08-28 12:00:00,28,71,2.0,9.5,SE,79,< 9 km,Hujan Ringan
Kel.Padarni,2025-08-28 13:00:00,28,70,2.0,6.7,S,97,< 9 km,Hujan Ringan
Kel.Padarni,2025-08-28 14:00:00,28,69,2.0,6.7,S,86,< 9 km,Hujan Ringan
Kel.Padarni,2025-08-28 15:00:00,28,73,2.0,6.7,S,99,< 9 km,Hujan Ringan
Kel.Padarni,2025-08-28 16:00:00,28,79,2.0,12.9,SW,99,< 9 km,Hujan Ringan
Kel.Padarni,2025-08-28 17:00:00,27,83,2.0,12.9,SW,94,< 9 km,Hujan Ringan
Kel.Padarni,2025-08-28 18:00:00,27,78,0.0,9.0,S,99,< 9 km,Berawan
Kel.Padarni,2025-08-28 19:00:00,26,87,0.9,9.1,S,75,< 8 km,Cerah Berawan
Kel.Padarni,2025-08-28 20:00:00,27,82,0.0,3.7,S,31,< 8 km,Cerah
Kel.Padarni,2025-08-28 21:00:00,27,83,0.0,3.7,S,23,< 8 km,Cerah
Kel.Padarni,2025-08-28 22:00:00,27,84,0.0,6.5,SE,41,< 8 km,Cerah
Kel.Padarni,2025-08-28 23:00:00,26,86,0.0,14.6,W,100,< 6 km,Berawan
Kel.Padarni,2025-08-29 00:00:00,26,86,0.0,14.6,W,100,< 6 km,Berawan
Kel.Padarni,2025-08-29 01:00:00,26,87,0.0,12.8,W,100,< 6 km,Berawan
Kel.Padarni,2025-08-29 02:00:00,26,86,0.0,12.8,W,100,< 6 km,Berawan
Kel.Padarni,2025-08-29 03:00:00,26,86,0.0,12.8,W,100,< 6 km,Berawan
Kel.Padarni,2025-08-29 04:00:00,26,85,0.0,10.9,SW,100,< 7 km,Berawan
Kel.Padarni,2025-08-29 05:00:00,26,84,0.0,10.9,SW,100,< 7 km,Berawan
Kel.Padarni,2025-08-29 06:00:00,26,84,0.0,10.9,SW,88,< 7 km,Cerah Berawan
Kel.Padarni,2025-08-29 07:00:00,27,82,0.0,8.2,S,98,< 7 km,Berawan
Kel.Padarni,2025-08-29 08:00:00,28,79,0.0,8.2,S,99,< 7 km,Berawan
Kel.Padarni,2025-08-29 09:00:00,28,76,1.3,8.2,S,100,< 7 km,Hujan Ringan
Kel.Padarni,2025-08-29 10:00:00,28,77,1.3,12.2,SE,100,< 6 km,Hujan Ringan
Kel.Padarni,2025-08-29 11:00:00,28,77,1.3,12.2,SE,100,< 6 km,Hujan Ringan
Kel.Padarni,2025-08-29 12:00:00,28,81,1.3,6.8,S,100,< 6 km,Hujan Ringan
Kel.Padarni,2025-08-29 13:00:00,28,76,1.3,5.2,S,100,< 7 km,Hujan Ringan
Kel.Padarni,2025-08-29 14:00:00,28,76,1.3,5.2,S,99,< 7 km,Hujan Ringan
Kel.Padarni,2025-08-29 15:00:00,28,74,0.0,2.5,NW,100,< 6 km,Berawan
Kel.Padarni,2025-08-29 16:00:00,27,82,0.2,7.9,S,100,< 7 km,Berawan
Kel.Padarni,2025-08-29 17:00:00,27,85,0.2,7.9,S,100,< 7 km,Berawan
Kel.Padarni,2025-08-29 18:00:00,27,79,0.0,2.1,SW,92,< 6 km,Berawan
Kel.Padarni,2025-08-29 19:00:00,27,83,0.0,6.5,SE,99,< 7 km,Berawan
Kel.Padarni,2025-08-29 20:00:00,27,82,0.0,6.5,SE,91,< 7 km,Berawan
Kel.Padarni,2025-08-29 21:00:00,27,89,0.1,10.7,W,84,< 7 km,Cerah Berawan
Kel.Padarni,2025-08-29 22:00:00,27,79,0.0,10.9,SE,100,< 6 km,Berawan
Kel.Padarni,2025-08-29 23:00:00,27,81,0.0,10.9,SE,100,< 6 km,Berawan
Kel.Padarni,2025-08-30 00:00:00,26,84,0.0,7.8,S,100,< 9 km,Hujan Ringan
Kel.Padarni,2025-08-30 01:00:00,26,82,0.0,9.4,S,96,< 9 km,Hujan Ringan
Kel.Padarni,2025-08-30 02:00:00,27,83,0.0,15.3,SE,53,< 7 km,Cerah
Kel.Padarni,2025-08-30 03:00:00,26,81,0.0,9.4,S,99,< 9 km,Berawan
Kel.Padarni,2025-08-30 04:00:00,26,83,0.0,9.1,W,97,< 8 km,Berawan
Kel.Padarni,2025-08-30 05:00:00,27,86,0.0,24.8,SE,28,< 6 km,Cerah
Kel.Padarni,2025-08-30 06:00:00,26,89,0.0,9.1,W,94,< 8 km,Berawan
Kel.Padarni,2025-08-30 07:00:00,27,84,0.0,6.5,W,98,< 9 km,Berawan
Kel.Padarni,2025-08-30 08:00:00,28,80,0.0,27.8,SE,12,> 10 km,Cerah
Kel.Padarni,2025-08-30 09:00:00,29,77,0.0,6.5,W,86,< 9 km,Cerah Berawan
Kel.Padarni,2025-08-30 10:00:00,29,75,0.0,16.7,SE,85,< 8 km,Cerah Berawan
Kel.Padarni,2025-08-30 11:00:00,28,78,0.0,16.7,SE,20,< 8 km,Cerah
Kel.Padarni,2025-08-30 12:00:00,28,82,0.1,15.3,SE,32,< 8 km,Hujan Ringan
Kel.Padarni,2025-08-30 13:00:00,28,80,0.1,12.9,SE,19,< 8 km,Cerah
Kel.Padarni,2025-08-30 14:00:00,28,80,0.1,12.9,SE,41,< 8 km,Cerah
Kel.Padarni,2025-08-30 15:00:00,28,82,0.1,12.9,SE,90,< 8 km,Cerah Berawan
Kel.Padarni,2025-08-30 16:00:00,27,83,0.1,13.8,SW,89,< 8 km,Cerah Berawan
Kel.Padarni,2025-08-30 17:00:00,27,87,0.1,13.8,SW,95,< 8 km,Berawan
Kel.Padarni,2025-08-30 18:00:00,26,85,0.3,13.8,SW,56,< 8 km,Cerah
Kel.Padarni,2025-08-30 19:00:00,26,87,0.3,3.3,S,83,< 8 km,Cerah Berawan
Kel.Padarni,2025-08-30 20:00:00,26,86,0.3,3.3,S,68,< 8 km,Cerah Berawan
Kel.Padarni,2025-08-30 21:00:00,26,87,0.0,3.3,S,67,< 8 km,Cerah Berawan
Kel.Padarni,2025-08-30 22:00:00,26,91,0.0,9.9,W,99,< 8 km,Berawan
Kel.Padarni,2025-08-30 23:00:00,26,89,0.0,10.5,W,92,< 7 km,Berawan
Kel.Padarni,2025-08-31 00:00:00,26,88,0.0,10.5,W,99,< 7 km,Berawan
Kel.Padarni,2025-08-31 01:00:00,26,89,0.0,9.4,W,100,< 7 km,Berawan
Kel.Padarni,2025-08-31 02:00:00,25,92,0.0,9.4,W,99,< 7 km,Berawan
Kel.Padarni,2025-08-31 03:00:00,25,91,0.3,9.4,W,100,< 7 km,Berawan
Kel.Padarni,2025-08-31 04:00:00,25,88,0.3,5.1,SE,100,< 7 km,Berawan
Kel.Padarni,2025-08-31 05:00:00,26,87,0.3,5.1,SE,100,< 7 km,Berawan
Kel.Padarni,2025-08-31 06:00:00,26,86,0.0,5.1,SE,100,< 7 km,Berawan
Kel.Padarni,2025-08-31 07:00:00,27,83,0.0,8.6,E,100,< 6 km,Berawan
Kel.Padarni,2025-08-31 08:00:00,27,80,0.0,8.6,E,100,< 6 km,Berawan
Kel.Padarni,2025-08-31 09:00:00,28,78,0.0,8.6,E,100,< 6 km,Berawan
Kel.Padarni,2025-08-31 10:00:00,28,77,0.0,9.6,SE,100,< 7 km,Berawan
Kel.Padarni,2025-08-31 11:00:00,28,77,0.0,10.4,E,90,< 9 km,Hujan Ringan
Kel.Padarni,2025-08-31 12:00:00,28,79,0.1,10.4,E,97,< 9 km,Hujan Ringan
Kel.Padarni,2025-08-31 13:00:00,28,78,0.1,3.5,S,95,< 8 km,Berawan
Kel.Padarni,2025-08-31 14:00:00,28,76,0.1,3.5,S,83,< 8 km,Cerah Berawan
Kel.Padarni,2025-08-31 15:00:00,28,77,0.0,3.5,S,83,< 8 km,Cerah Berawan
Kel.Padarni,2025-08-31 16:00:00,28,79,0.0,6.8,SE,86,< 9 km,Cerah Berawan
Kel.Padarni,2025-08-31 17:00:00,28,83,0.0,6.8,SE,84,< 9 km,Cerah Berawan
Kel.Padarni,2025-08-31 18:00:00,27,85,0.0,6.8,SE,91,< 9 km,Berawan
Kel.Padarni,2025-08-31 19:00:00,27,86,0.0,7.3,SE,93,< 8 km,Berawan
Kel.Padarni,2025-08-31 20:00:00,27,85,0.0,7.3,SE,61,< 8 km,Cerah Berawan
Kel.Padarni,2025-08-31 21:00:00,27,84,0.2,7.3,SE,65,< 8 km,Cerah Berawan
Kel.Padarni,2025-08-31 22:00:00,27,82,0.2,13.7,SE,98,< 8 km,Berawan
Kel.Padarni,2025-08-31 23:00:00,27,84,0.2,13.7,SE,99,< 8 km,Berawan
Kel.Padarni,2025-09-01 00:00:00,26,88,0.2,5.8,E,97,< 7 km,Berawan
Kel.Padarni,2025-09-01 01:00:00,26,85,0.9,23.0,E,99,< 9 km,Berawan
Kel.Padarni,2025-09-01 02:00:00,26,85,0.9,23.0,E,100,< 9 km,Berawan
Kel.Padarni,2025-09-01 03:00:00,26,87,0.6,23.4,SE,99,< 7 km,Berawan
Kel.Padarni,2025-09-01 04:00:00,26,87,0.4,26.6,E,100,< 6 km,Berawan
Kel.Padarni,2025-09-01 05:00:00,26,87,0.4,26.6,E,100,< 6 km,Berawan
Kel.Padarni,2025-09-01 06:00:00,26,87,1.7,24.4,E,100,< 7 km,Hujan Ringan
Kel.Padarni,2025-09-01 07:00:00,26,86,1.0,27.7,E,100,< 7 km,Berawan
Kel.Padarni,2025-09-01 08:00:00,27,87,1.0,27.7,E,100,< 7 km,Berawan
Kel.Padarni,2025-09-01 09:00:00,26,87,0.5,27.1,E,100,< 7 km,Berawan
Kel.Padarni,2025-09-01 10:00:00,26,86,0.5,27.6,E,100,< 6 km,Hujan Ringan
Kel.Padarni,2025-09-01 11:00:00,27,86,0.9,22.4,E,100,< 6 km,Hujan Ringan
Kel.Padarni,2025-09-01 12:00:00,26,89,0.4,22.4,E,100,< 6 km,Hujan Ringan
Kel.Padarni,2025-09-01 13:00:00,26,88,0.4,24.1,E,100,< 7 km,Berawan
Kel.Padarni,2025-09-01 14:00:00,27,86,0.4,24.1,E,100,< 7 km,Berawan
Kel.Padarni,2025-09-01 15:00:00,27,85,0.0,24.1,E,100,< 7 km,Berawan
Kel.Padarni,2025-09-01 16:00:00,27,85,0.0,25.7,E,100,< 7 km,Berawan
Kel.Padarni,2025-09-01 17:00:00,27,85,0.0,25.7,E,100,< 7 km,Berawan
Kel.Padarni,2025-09-01 18:00:00,27,84,0.0,25.7,E,100,< 7 km,Berawan
Kel.Padarni,2025-09-01 19:00:00,27,85,0.0,26.4,E,100,< 7 km,Berawan
Kel.Padarni,2025-09-01 20:00:00,27,84,0.0,26.4,E,100,< 7 km,Berawan
Kel.Padarni,2025-09-01 21:00:00,28,82,0.2,26.4,E,97,< 7 km,Berawan
Kel.Padarni,2025-09-01 22:00:00,28,80,0.2,30.2,E,99,< 7 km,Hujan Ringan
Kel.Padarni,2025-09-01 23:00:00,27,84,0.2,30.2,E,91,< 7 km,Cerah Berawan
Kel.Padarni,2025-09-02 00:00:00,26,85,0.6,29.0,E,99,> 10 km,Berawan
Kel.Padarni,2025-09-02 01:00:00,26,85,0.6,24.1,E,99,< 7 km,Berawan
Kel.Padarni,2025-09-02 02:00:00,26,85,0.7,22.5,E,100,< 6 km,Berawan
Kel.Padarni,2025-09-02 03:00:00,26,88,1.1,24.1,E,100,< 7 km,Hujan Ringan
Kel.Padarni,2025-09-02 04:00:00,26,87,1.1,21.2,E,100,< 10 km,Hujan Ringan
Kel.Padarni,2025-09-02 05:00:00,26,84,0.2,22.3,E,100,< 6 km,Berawan
Kel.Padarni,2025-09-02 06:00:00,26,84,1.1,21.2,E,100,< 10 km,Hujan Ringan
Kel.Padarni,2025-09-02 07:00:00,26,84,1.1,25.3,E,100,< 7 km,Hujan Ringan
Kel.Padarni,2025-09-02 08:00:00,26,86,1.1,25.3,E,100,< 7 km,Hujan Ringan
Kel.Padarni,2025-09-02 09:00:00,26,87,0.5,25.3,E,100,< 7 km,Hujan Ringan
Kel.Padarni,2025-09-02 10:00:00,26,86,0.5,22.3,E,100,> 10 km,Hujan Ringan
Kel.Padarni,2025-09-02 11:00:00,28,80,0.2,21.7,E,100,< 9 km,Hujan Sedang
Kel.Padarni,2025-09-02 12:00:00,27,81,0.1,21.7,E,99,< 9 km,Hujan Ringan
Kel.Padarni,2025-09-02 13:00:00,27,81,0.1,14.8,NE,98,< 9 km,Hujan Ringan
Kel.Padarni,2025-09-02 14:00:00,27,82,0.1,14.8,NE,92,< 9 km,Hujan Ringan
Kel.Padarni,2025-09-02 15:00:00,28,81,0.0,14.8,NE,83,< 9 km,Cerah Berawan
Kel.Padarni,2025-09-02 16:00:00,27,81,0.0,7.7,E,87,< 9 km,Cerah Berawan
Kel.Padarni,2025-09-02 17:00:00,27,80,0.0,7.7,E,83,< 9 km,Cerah Berawan
Kel.Padarni,2025-09-02 18:00:00,27,80,0.0,7.7,E,92,< 9 km,Berawan
Kel.Padarni,2025-09-02 19:00:00,27,79,0.0,16.4,E,74,< 8 km,Hujan Ringan
Kel.Padarni,2025-09-02 20:00:00,27,80,0.0,16.4,E,66,< 8 km,Cerah Berawan
Kel.Padarni,2025-09-02 21:00:00,27,82,0.1,16.4,E,39,< 8 km,Cerah
Kel.Padarni,2025-09-02 22:00:00,27,82,0.1,22.4,E,32,< 8 km,Cerah
Kel.Padarni,2025-09-02 23:00:00,27,82,0.1,22.4,E,36,< 8 km,Cerah
Kel.Padarni,2025-09-03 00:00:00,26,86,1.0,22.4,E,76,< 8 km,Cerah Berawan
Kel.Padarni,2025-09-03 01:00:00,26,85,1.0,27.7,E,85,< 8 km,Cerah Berawan
Kel.Padarni,2025-09-03 02:00:00,25,90,1.0,27.7,E,86,< 8 km,Cerah Berawan
Kel.Padarni,2025-09-03 03:00:00,25,90,0.2,27.7,E,86,< 8 km,Cerah Berawan
Kel.Padarni,2025-09-03 04:00:00,25,89,0.2,18.9,E,47,< 8 km,Cerah
Kel.Padarni,2025-09-03 05:00:00,25,87,0.2,18.9,E,36,< 8 km,Cerah
Kel.Padarni,2025-09-03 06:00:00,26,85,0.1,18.9,E,41,< 8 km,Cerah
Kel.Padarni,2025-09-03 07:00:00,26,82,0.1,24.1,SE,44,< 9 km,Cerah
Kel.Padarni,2025-09-03 08:00:00,27,81,0.1,24.1,SE,45,< 9 km,Cerah
Kel.Padarni,2025-09-03 09:00:00,26,85,0.2,24.1,SE,29,< 9 km,Cerah
Kel.Padarni,2025-09-03 10:00:00,27,81,0.2,22.1,E,47,< 9 km,Cerah
Kel.Padarni,2025-09-03 11:00:00,27,80,0.2,20.9,E,17,< 9 km,Cerah
Kel.Padarni,2025-09-03 12:00:00,28,82,0.0,22.1,E,28,< 9 km,Cerah
Kel.Padarni,2025-09-03 13:00:00,28,81,0.0,14.9,E,16,< 8 km,Cerah
Kel.Padarni,2025-09-03 14:00:00,28,81,0.0,14.9,E,12,< 8 km,Hujan Ringan
Kel.Padarni,2025-09-03 15:00:00,28,80,0.1,14.9,E,18,< 8 km,Hujan Ringan
Kel.Padarni,2025-09-03 16:00:00,28,78,0.1,8.8,E,37,< 9 km,Cerah
Kel.Padarni,2025-09-03 17:00:00,27,80,0.1,8.8,E,45,< 9 km,Cerah
Kel.Padarni,2025-09-03 18:00:00,27,80,0.1,8.8,E,35,< 9 km,Cerah
Kel.Padarni,2025-09-03 19:00:00,27,79,0.1,8.3,E,35,< 9 km,Cerah
Kel.Padarni,2025-09-03 20:00:00,27,81,0.1,8.3,E,60,< 9 km,Cerah Berawan
Kel.Padarni,2025-09-03 21:00:00,27,83,1.3,8.3,E,89,< 9 km,Hujan Ringan
Kel.Padarni,2025-09-03 22:00:00,26,87,1.3,13.1,E,98,< 8 km,Hujan Ringan
Kel.Padarni,2025-09-03 23:00:00,25,88,1.3,13.1,E,99,< 8 km,Hujan Ringan
Kel.Padarni,2025-09-04 00:00:00,25,87,0.5,0.5,SE,99,< 7 km,Berawan
Kel.Padarni,2025-09-04 01:00:00,25,88,0.5,8.7,E,99,< 6 km,Berawan
Kel.Padarni,2025-09-04 02:00:00,26,87,0.7,16.6,SE,96,< 8 km,Berawan
Kel.Padarni,2025-09-04 03:00:00,25,89,0.4,8.7,E,95,< 6 km,Berawan
Kel.Padarni,2025-09-04 04:00:00,25,88,0.4,12.4,SE,88,< 6 km,Cerah Berawan
Kel.Padarni,2025-09-04 05:00:00,25,87,0.4,12.4,SE,99,< 6 km,Berawan
Kel.Padarni,2025-09-04 06:00:00,25,87,0.2,12.4,SE,99,< 6 km,Berawan
Kel.Padarni,2025-09-04 07:00:00,26,84,0.2,15.6,SE,50,< 7 km,Cerah
Kel.Padarni,2025-09-04 08:00:00,26,83,0.2,15.6,SE,58,< 7 km,Cerah
Kel.Padarni,2025-09-04 09:00:00,27,81,0.1,15.6,SE,47,< 7 km,Cerah
Kel.Padarni,2025-09-04 10:00:00,27,78,0.1,24.1,E,72,< 7 km,Cerah Berawan
Kel.Padarni,2025-09-04 11:00:00,27,80,0.1,24.1,E,51,< 7 km,Hujan Ringan
Kel.Padarni,2025-09-04 12:00:00,27,80,1.3,17.9,SE,34,< 7 km,Hujan Ringan
Kel.Padarni,2025-09-04 13:00:00,28,78,0.0,20.0,SE,52,< 7 km,Cerah
Kel.Padarni,2025-09-04 14:00:00,28,79,1.3,15.9,SE,97,< 6 km,Hujan Ringan
Kel.Padarni,2025-09-04 15:00:00,28,78,1.3,15.9,SE,82,< 6 km,Hujan Ringan
Kel.Padarni,2025-09-04 16:00:00,27,78,1.3,13.1,SE,95,< 7 km,Berawan
Kel.Padarni,2025-09-04 17:00:00,27,80,1.3,13.1,SE,100,< 7 km,Hujan Ringan
Kel.Padarni,2025-09-04 18:00:00,27,81,0.1,13.1,SE,100,< 7 km,Berawan
Kel.Padarni,2025-09-04 19:00:00,27,81,0.1,18.3,SE,100,< 6 km,Berawan
Kel.Padarni,2025-09-04 20:00:00,27,81,0.1,18.3,SE,100,< 6 km,Berawan
Kel.Padarni,2025-09-04 21:00:00,27,81,0.5,18.3,SE,100,< 6 km,Berawan
Kel.Padarni,2025-09-04 22:00:00,27,82,0.5,28.2,E,99,< 6 km,Berawan
Kel.Padarni,2025-09-04 23:00:00,26,84,0.5,28.2,E,97,< 6 km,Berawan
Kel.Padarni,2025-09-05 00:00:00,26,85,1.0,28.2,E,98,< 6 km,Hujan Ringan
Kel.Padarni,2025-09-05 01:00:00,26,87,1.0,16.9,E,100,< 6 km,Hujan Ringan
Kel.Padarni,2025-09-05 02:00:00,26,87,1.0,16.9,E,99,< 6 km,Hujan Ringan
Kel.Padarni,2025-09-05 03:00:00,26,87,2.3,16.9,E,98,< 6 km,Hujan Ringan
Kel.Padarni,2025-09-05 04:00:00,26,88,2.3,19.1,E,99,< 6 km,Hujan Ringan
Kel.Padarni,2025-09-05 05:00:00,26,86,2.3,19.1,E,99,< 6 km,Hujan Ringan
Kel.Padarni,2025-09-05 06:00:00,26,88,0.7,19.1,E,100,< 6 km,Berawan
Kel.Padarni,2025-09-05 07:00:00,26,87,0.7,19.4,E,93,< 6 km,Berawan
Kel.Padarni,2025-09-05 08:00:00,27,84,0.7,19.4,E,62,< 6 km,Cerah Berawan
Kel.Padarni,2025-09-05 09:00:00,27,84,1.3,19.4,E,82,< 6 km,Hujan Ringan
Kel.Padarni,2025-09-05 10:00:00,26,86,1.3,16.5,E,96,< 7 km,Hujan Ringan
Kel.Padarni,2025-09-05 11:00:00,26,86,1.3,16.5,E,73,< 7 km,Hujan Ringan
Kel.Padarni,2025-09-05 12:00:00,27,83,1.3,16.5,E,88,< 7 km,Hujan Ringan
Kel.Padarni,2025-09-05 13:00:00,27,81,1.3,8.4,E,87,< 7 km,Hujan Ringan
Kel.Padarni,2025-09-05 14:00:00,28,79,1.3,8.4,E,71,< 7 km,Hujan Ringan
Kel.Padarni,2025-09-05 15:00:00,28,79,0.0,8.4,E,98,< 7 km,Berawan
Kel.Padarni,2025-09-05 16:00:00,28,80,0.0,4.3,E,100,< 7 km,Berawan
Kel.Padarni,2025-09-05 17:00:00,27,81,0.0,4.3,E,100,< 7 km,Berawan
Kel.Padarni,2025-09-05 18:00:00,27,82,0.1,4.3,E,100,< 7 km,Berawan
Kel.Padarni,2025-09-05 19:00:00,27,81,0.1,10.2,E,99,< 6 km,Berawan
Kel.Padarni,2025-09-05 20:00:00,27,82,0.1,10.2,E,99,< 6 km,Berawan
Kel.Padarni,2025-09-05 21:00:00,27,82,0.2,10.2,E,99,< 6 km,Berawan
Kel.Padarni,2025-09-05 22:00:00,27,83,0.2,15.5,SE,99,< 7 km,Berawan
Kel.Padarni,2025-09-05 23:00:00,26,85,0.2,15.5,SE,100,< 7 km,Berawan
Kel.Padarni,2025-09-06 00:00:00,26,84,0.2,15.5,SE,100,< 7 km,Berawan
Kel.Padarni,2025-09-06 01:00:00,27,83,0.2,17.6,E,100,< 7 km,Berawan
Kel.Padarni,2025-09-06 02:00:00,26,83,0.2,17.6,E,100,< 7 km,Berawan
Kel.Padarni,2025-09-06 03:00:00,26,88,1.0,17.6,E,97,< 7 km,Hujan Ringan
Kel.Padarni,2025-09-06 04:00:00,26,86,1.0,21.2,E,91,< 6 km,Hujan Ringan
Kel.Padarni,2025-09-06 05:00:00,26,86,1.0,21.2,E,75,< 6 km,Hujan Ringan
Kel.Padarni,2025-09-06 06:00:00,27,86,0.0,21.2,E,36,< 6 km,Cerah
Kel.Padarni,2025-09-06 07:00:00,28,83,0.0,21.2,E,35,< 6 km,Cerah
Kel.Padarni,2025-09-06 08:00:00,28,82,0.0,21.2,E,20,< 6 km,Cerah
Kel.Padarni,2025-09-06 09:00:00,28,80,0.1,21.2,E,45,< 6 km,Cerah
Kel.Padarni,2025-09-06 10:00:00,28,81,0.1,21.2,E,22,< 6 km,Cerah
Kel.Padarni,2025-09-06 11:00:00,28,79,0.1,21.2,E,22,< 6 km,Cerah
Kel.Padarni,2025-09-06 12:00:00,29,78,0.1,11.7,E,18,< 6 km,Cerah
Kel.Padarni,2025-09-06 13:00:00,29,77,0.1,11.7,E,17,< 6 km,Cerah
Kel.Padarni,2025-09-06 14:00:00,29,77,0.1,11.7,E,72,< 6 km,Cerah Berawan
Kel.Padarni,2025-09-06 15:00:00,28,77,0.7,11.7,E,96,< 6 km,Berawan
Kel.Padarni,2025-09-06 16:00:00,28,77,0.7,11.7,E,96,< 6 km,Berawan
Kel.Padarni,2025-09-06 17:00:00,28,79,0.7,11.7,E,96,< 6 km,Berawan
Kel.Padarni,2025-09-06 18:00:00,28,80,0.7,8.1,NW,99,< 7 km,Berawan
Kel.Padarni,2025-09-06 19:00:00,26,89,0.7,8.1,NW,100,< 7 km,Berawan
Kel.Padarni,2025-09-06 20:00:00,26,88,0.7,8.1,NW,99,< 7 km,Berawan
Kel.Padarni,2025-09-06 21:00:00,26,88,0.8,8.1,NW,97,< 7 km,Berawan
Kel.Padarni,2025-09-06 22:00:00,26,88,0.8,8.1,NW,94,< 7 km,Berawan
Kel.Padarni,2025-09-06 23:00:00,25,89,0.8,8.1,NW,94,< 7 km,Berawan
Kel.Sanggeng,2025-08-20 23:00:00,25,91,1.3,18.1,E,100,< 7 km,Hujan Ringan
Kel.Sanggeng,2025-08-21 00:00:00,25,91,1.3,18.1,E,100,< 7 km,Hujan Ringan
Kel.Sanggeng,2025-08-21 01:00:00,25,91,1.3,18.7,E,100,< 6 km,Hujan Ringan
Kel.Sanggeng,2025-08-21 02:00:00,25,90,1.3,18.7,E,100,< 6 km,Hujan Ringan
Kel.Sanggeng,2025-08-21 03:00:00,25,90,0.5,18.7,E,100,< 6 km,Hujan Ringan
Kel.Sanggeng,2025-08-21 04:00:00,25,89,0.5,7.8,E,100,< 6 km,Hujan Ringan
Kel.Sanggeng,2025-08-21 05:00:00,25,89,0.5,7.8,E,100,< 6 km,Berawan
Kel.Sanggeng,2025-08-21 06:00:00,25,91,1.3,7.8,E,100,< 6 km,Hujan Ringan
Kel.Sanggeng,2025-08-21 07:00:00,25,92,1.3,8.9,E,100,< 6 km,Hujan Ringan
Kel.Sanggeng,2025-08-21 08:00:00,26,90,1.3,8.9,E,100,< 6 km,Hujan Ringan
Kel.Sanggeng,2025-08-21 09:00:00,25,90,1.3,8.9,E,100,< 6 km,Hujan Ringan
Kel.Sanggeng,2025-08-21 10:00:00,25,92,1.3,2.2,SE,100,< 6 km,Hujan Ringan
Kel.Sanggeng,2025-08-21 11:00:00,25,91,1.3,2.2,SE,100,< 6 km,Hujan Ringan
Kel.Sanggeng,2025-08-21 12:00:00,26,88,0.8,11.3,E,100,< 6 km,Hujan Ringan
Kel.Sanggeng,2025-08-21 13:00:00,26,88,0.8,8.9,E,100,< 7 km,Berawan
Kel.Sanggeng,2025-08-21 14:00:00,26,87,0.8,8.9,E,100,< 7 km,Berawan
Kel.Sanggeng,2025-08-21 15:00:00,26,89,0.9,8.9,E,100,< 7 km,Hujan Ringan
Kel.Sanggeng,2025-08-21 16:00:00,26,90,0.9,1.6,W,100,< 8 km,Hujan Ringan
Kel.Sanggeng,2025-08-21 17:00:00,26,90,0.9,1.6,W,100,< 8 km,Hujan Ringan
Kel.Sanggeng,2025-08-21 18:00:00,25,91,0.0,1.6,W,99,< 8 km,Hujan Ringan
Kel.Sanggeng,2025-08-21 19:00:00,25,92,0.0,10.1,W,100,< 8 km,Hujan Ringan
Kel.Sanggeng,2025-08-21 20:00:00,25,93,0.0,10.1,W,100,< 8 km,Berawan
Kel.Sanggeng,2025-08-21 21:00:00,24,92,1.8,10.1,W,100,< 8 km,Hujan Ringan
Kel.Sanggeng,2025-08-21 22:00:00,24,93,1.8,8.6,NW,100,< 7 km,Hujan Ringan
Kel.Sanggeng,2025-08-21 23:00:00,24,93,1.8,8.6,NW,100,< 7 km,Hujan Ringan
Kel.Sanggeng,2025-08-22 00:00:00,24,92,0.3,11.6,W,100,< 8 km,Berawan
Kel.Sanggeng,2025-08-22 01:00:00,24,92,0.3,4.0,SW,100,> 10 km,Berawan
Kel.Sanggeng,2025-08-22 02:00:00,24,91,0.3,4.0,SW,100,> 10 km,Berawan
Kel.Sanggeng,2025-08-22 03:00:00,24,91,0.1,4.0,SW,100,> 10 km,Berawan
Kel.Sanggeng,2025-08-22 04:00:00,24,89,0.1,3.2,S,100,> 10 km,Berawan
Kel.Sanggeng,2025-08-22 05:00:00,24,89,0.1,3.2,S,100,> 10 km,Berawan
Kel.Sanggeng,2025-08-22 06:00:00,25,90,0.0,3.2,S,100,> 10 km,Berawan
Kel.Sanggeng,2025-08-22 07:00:00,25,90,0.0,1.9,E,100,> 10 km,Berawan
Kel.Sanggeng,2025-08-22 08:00:00,26,85,0.0,1.9,E,100,> 10 km,Berawan
Kel.Sanggeng,2025-08-22 09:00:00,26,86,0.1,1.9,E,100,> 10 km,Berawan
Kel.Sanggeng,2025-08-22 10:00:00,27,84,0.1,4.6,SE,100,> 10 km,Berawan
Kel.Sanggeng,2025-08-22 11:00:00,28,77,0.1,4.3,S,100,< 9 km,Berawan
Kel.Sanggeng,2025-08-22 12:00:00,28,77,0.4,4.3,S,100,< 9 km,Hujan Ringan
Kel.Sanggeng,2025-08-22 13:00:00,28,77,0.1,5.1,SE,99,> 10 km,Berawan
Kel.Sanggeng,2025-08-22 14:00:00,28,77,0.4,3.8,E,99,< 8 km,Hujan Ringan
Kel.Sanggeng,2025-08-22 15:00:00,27,79,0.5,3.8,E,100,< 8 km,Hujan Ringan
Kel.Sanggeng,2025-08-22 16:00:00,27,83,0.5,11.8,W,100,< 9 km,Berawan
Kel.Sanggeng,2025-08-22 17:00:00,26,86,0.5,11.8,W,100,< 9 km,Berawan
Kel.Sanggeng,2025-08-22 18:00:00,26,87,0.1,11.8,W,100,< 9 km,Berawan
Kel.Sanggeng,2025-08-22 19:00:00,26,88,0.1,12.6,W,99,< 8 km,Berawan
Kel.Sanggeng,2025-08-22 20:00:00,26,88,0.1,12.6,W,100,< 8 km,Berawan
Kel.Sanggeng,2025-08-22 21:00:00,25,89,0.1,12.6,W,100,< 8 km,Berawan
Kel.Sanggeng,2025-08-22 22:00:00,25,89,0.1,5.6,SW,99,< 9 km,Berawan
Kel.Sanggeng,2025-08-22 23:00:00,25,89,0.1,5.6,SW,100,< 9 km,Berawan
Kel.Sanggeng,2025-08-23 00:00:00,25,90,0.1,7.6,W,100,< 9 km,Berawan
Kel.Sanggeng,2025-08-23 01:00:00,24,90,0.1,8.5,W,98,< 8 km,Berawan
Kel.Sanggeng,2025-08-23 02:00:00,24,88,0.1,8.5,W,99,< 8 km,Berawan
Kel.Sanggeng,2025-08-23 03:00:00,24,88,0.2,8.5,W,99,< 8 km,Hujan Ringan
Kel.Sanggeng,2025-08-23 04:00:00,24,88,0.2,2.1,SW,100,< 8 km,Hujan Ringan
Kel.Sanggeng,2025-08-23 05:00:00,24,87,0.2,2.1,SW,100,< 8 km,Berawan
Kel.Sanggeng,2025-08-23 06:00:00,25,89,0.5,2.1,SW,100,< 8 km,Berawan
Kel.Sanggeng,2025-08-23 07:00:00,26,87,0.5,9.4,NW,100,< 8 km,Hujan Ringan
Kel.Sanggeng,2025-08-23 08:00:00,26,86,0.5,9.4,NW,100,< 8 km,Hujan Ringan
Kel.Sanggeng,2025-08-23 09:00:00,26,85,0.1,9.4,NW,100,< 8 km,Hujan Ringan
Kel.Sanggeng,2025-08-23 10:00:00,27,81,0.1,5.5,NE,100,< 9 km,Hujan Ringan
Kel.Sanggeng,2025-08-23 11:00:00,26,91,1.3,0.7,NW,100,< 6 km,Hujan Ringan
Kel.Sanggeng,2025-08-23 12:00:00,26,90,1.0,0.7,NW,100,< 6 km,Hujan Ringan
Kel.Sanggeng,2025-08-23 13:00:00,26,90,1.0,4.5,NW,100,< 6 km,Hujan Ringan
Kel.Sanggeng,2025-08-23 14:00:00,26,89,1.0,4.5,NW,100,< 6 km,Hujan Ringan
Kel.Sanggeng,2025-08-23 15:00:00,26,89,1.2,4.5,NW,100,< 6 km,Hujan Ringan
Kel.Sanggeng,2025-08-23 16:00:00,25,90,1.2,5.2,W,100,< 6 km,Hujan Ringan
Kel.Sanggeng,2025-08-23 17:00:00,25,92,1.2,5.2,W,100,< 6 km,Hujan Ringan
Kel.Sanggeng,2025-08-23 18:00:00,25,91,0.6,5.2,W,100,< 6 km,Berawan
Kel.Sanggeng,2025-08-23 19:00:00,25,90,0.6,3.3,NW,100,< 7 km,Berawan
Kel.Sanggeng,2025-08-23 20:00:00,25,89,0.6,3.3,NW,100,< 7 km,Berawan
Kel.Sanggeng,2025-08-23 21:00:00,25,89,0.0,3.3,NW,100,< 7 km,Berawan
Kel.Sanggeng,2025-08-23 22:00:00,25,90,0.0,5.8,SW,98,< 6 km,Berawan
Kel.Sanggeng,2025-08-23 23:00:00,25,91,0.0,5.8,SW,100,< 6 km,Berawan
Kel.Sanggeng,2025-08-24 00:00:00,25,91,0.0,5.8,SW,100,< 6 km,Berawan
Kel.Sanggeng,2025-08-24 01:00:00,26,88,0.1,13.5,SE,100,< 7 km,Berawan
Kel.Sanggeng,2025-08-24 02:00:00,25,90,0.0,7.5,SE,99,< 7 km,Berawan
Kel.Sanggeng,2025-08-24 03:00:00,25,91,0.1,7.5,SE,100,< 7 km,Berawan
Kel.Sanggeng,2025-08-24 04:00:00,24,92,1.3,11.6,SE,100,< 7 km,Hujan Ringan
Kel.Sanggeng,2025-08-24 05:00:00,25,88,0.1,13.6,SE,100,< 7 km,Berawan
Kel.Sanggeng,2025-08-24 06:00:00,26,88,1.3,13.6,SE,100,< 7 km,Hujan Ringan
Kel.Sanggeng,2025-08-24 07:00:00,26,90,0.3,12.6,E,100,< 7 km,Berawan
Kel.Sanggeng,2025-08-24 08:00:00,26,86,1.3,11.1,E,100,< 6 km,Hujan Ringan
Kel.Sanggeng,2025-08-24 09:00:00,26,89,1.6,12.6,E,100,< 7 km,Hujan Ringan
Kel.Sanggeng,2025-08-24 10:00:00,26,88,1.6,16.4,SE,100,< 6 km,Hujan Ringan
Kel.Sanggeng,2025-08-24 11:00:00,27,83,0.7,10.3,E,28,< 6 km,Cerah
Kel.Sanggeng,2025-08-24 12:00:00,26,86,0.0,16.4,SE,50,< 6 km,Hujan Ringan
Kel.Sanggeng,2025-08-24 13:00:00,27,80,0.0,10.8,SE,73,< 6 km,Cerah Berawan
Kel.Sanggeng,2025-08-24 14:00:00,28,77,1.3,5.6,E,75,< 7 km,Hujan Ringan
Kel.Sanggeng,2025-08-24 15:00:00,27,79,0.0,10.8,SE,55,< 6 km,Cerah
Kel.Sanggeng,2025-08-24 16:00:00,27,81,0.0,8.2,SE,62,< 7 km,Cerah Berawan
Kel.Sanggeng,2025-08-24 17:00:00,26,84,0.1,7.2,SE,57,< 8 km,Cerah
Kel.Sanggeng,2025-08-24 18:00:00,26,84,0.0,8.2,SE,94,< 7 km,Berawan
Kel.Sanggeng,2025-08-24 19:00:00,27,84,0.0,13.1,E,86,< 8 km,Cerah Berawan
Kel.Sanggeng,2025-08-24 20:00:00,27,83,0.0,13.1,E,78,< 8 km,Cerah Berawan
Kel.Sanggeng,2025-08-24 21:00:00,27,83,0.0,13.1,E,92,< 8 km,Berawan
Kel.Sanggeng,2025-08-24 22:00:00,27,83,0.0,17.2,SE,66,< 8 km,Cerah Berawan
Kel.Sanggeng,2025-08-24 23:00:00,26,83,0.0,17.2,SE,36,< 8 km,Cerah
Kel.Sanggeng,2025-08-25 00:00:00,26,84,1.3,17.2,SE,68,< 8 km,Hujan Ringan
Kel.Sanggeng,2025-08-25 01:00:00,25,88,1.3,13.2,E,93,< 9 km,Hujan Ringan
Kel.Sanggeng,2025-08-25 02:00:00,25,90,1.3,13.2,E,100,< 9 km,Hujan Ringan
Kel.Sanggeng,2025-08-25 03:00:00,25,89,0.6,13.2,E,72,< 9 km,Cerah Berawan
Kel.Sanggeng,2025-08-25 04:00:00,25,89,0.6,15.8,SE,81,< 8 km,Cerah Berawan
Kel.Sanggeng,2025-08-25 05:00:00,26,88,0.6,15.8,SE,68,< 8 km,Cerah Berawan
Kel.Sanggeng,2025-08-25 06:00:00,26,87,0.1,15.8,SE,55,< 8 km,Cerah
Kel.Sanggeng,2025-08-25 07:00:00,27,84,0.1,17.0,SE,27,< 9 km,Cerah
Kel.Sanggeng,2025-08-25 08:00:00,27,82,0.1,17.0,SE,55,< 9 km,Cerah
Kel.Sanggeng,2025-08-25 09:00:00,27,83,0.0,5.7,SW,100,> 10 km,Berawan
Kel.Sanggeng,2025-08-25 10:00:00,28,79,2.0,18.7,SE,39,< 8 km,Hujan Ringan
Kel.Sanggeng,2025-08-25 11:00:00,28,76,0.4,5.7,NW,70,< 9 km,Hujan Ringan
Kel.Sanggeng,2025-08-25 12:00:00,27,78,0.0,4.0,SE,99,> 10 km,Hujan Ringan
Kel.Sanggeng,2025-08-25 13:00:00,28,79,2.0,13.2,SE,18,< 8 km,Hujan Ringan
Kel.Sanggeng,2025-08-25 14:00:00,29,76,0.4,12.1,NW,72,< 8 km,Cerah Berawan
Kel.Sanggeng,2025-08-25 15:00:00,28,77,0.2,8.9,S,80,> 10 km,Cerah Berawan
Kel.Sanggeng,2025-08-25 16:00:00,27,82,2.0,8.0,SW,58,< 9 km,Hujan Ringan
Kel.Sanggeng,2025-08-25 17:00:00,27,86,0.5,10.0,W,92,< 9 km,Berawan
Kel.Sanggeng,2025-08-25 18:00:00,26,89,0.0,13.2,W,92,> 10 km,Berawan
Kel.Sanggeng,2025-08-25 19:00:00,26,88,0.1,13.6,W,25,< 9 km,Cerah
Kel.Sanggeng,2025-08-25 20:00:00,26,89,0.0,6.4,W,70,< 9 km,Cerah Berawan
Kel.Sanggeng,2025-08-25 21:00:00,25,90,0.0,8.5,W,74,> 10 km,Cerah Berawan
Kel.Sanggeng,2025-08-25 22:00:00,25,88,0.0,7.9,W,56,< 9 km,Cerah
Kel.Sanggeng,2025-08-25 23:00:00,24,90,0.0,9.8,SW,100,> 10 km,Berawan
Kel.Sanggeng,2025-08-26 00:00:00,24,90,0.0,7.5,SW,89,> 10 km,Cerah Berawan
Kel.Sanggeng,2025-08-26 01:00:00,24,90,0.0,8.0,SW,100,> 10 km,Berawan
Kel.Sanggeng,2025-08-26 02:00:00,24,90,0.0,8.0,SW,99,> 10 km,Berawan
Kel.Sanggeng,2025-08-26 03:00:00,24,89,0.0,7.3,SW,85,> 10 km,Cerah Berawan
Kel.Sanggeng,2025-08-26 04:00:00,24,89,0.0,6.4,S,100,> 10 km,Berawan
Kel.Sanggeng,2025-08-26 05:00:00,24,88,0.0,6.4,S,100,> 10 km,Berawan
Kel.Sanggeng,2025-08-26 06:00:00,25,88,0.0,7.0,SW,91,> 10 km,Berawan
Kel.Sanggeng,2025-08-26 07:00:00,26,87,0.0,4.3,SE,100,> 10 km,Berawan
Kel.Sanggeng,2025-08-26 08:00:00,27,82,0.0,4.3,SE,100,> 10 km,Berawan
Kel.Sanggeng,2025-08-26 09:00:00,28,80,0.0,4.3,SE,100,> 10 km,Berawan
Kel.Sanggeng,2025-08-26 10:00:00,28,77,0.0,7.5,SE,100,> 10 km,Berawan
Kel.Sanggeng,2025-08-26 11:00:00,28,76,0.0,7.5,SE,96,> 10 km,Hujan Ringan
Kel.Sanggeng,2025-08-26 12:00:00,28,79,1.3,4.0,SE,100,< 6 km,Hujan Ringan
Kel.Sanggeng,2025-08-26 13:00:00,28,75,0.6,4.6,W,64,> 10 km,Cerah Berawan
Kel.Sanggeng,2025-08-26 14:00:00,28,78,0.6,4.6,W,85,> 10 km,Cerah Berawan
Kel.Sanggeng,2025-08-26 15:00:00,26,86,1.3,7.2,W,97,< 6 km,Hujan Ringan
Kel.Sanggeng,2025-08-26 16:00:00,26,87,1.1,9.3,W,100,< 9 km,Hujan Ringan
Kel.Sanggeng,2025-08-26 17:00:00,26,88,1.1,9.3,W,100,< 9 km,Hujan Ringan
Kel.Sanggeng,2025-08-26 18:00:00,25,93,0.2,7.9,S,99,< 7 km,Berawan
Kel.Sanggeng,2025-08-26 19:00:00,24,91,1.3,10.9,NW,98,< 10 km,Hujan Ringan
Kel.Sanggeng,2025-08-26 20:00:00,24,91,1.3,10.9,NW,96,< 10 km,Hujan Ringan
Kel.Sanggeng,2025-08-26 21:00:00,25,89,0.0,10.8,SE,93,< 6 km,Berawan
Kel.Sanggeng,2025-08-26 22:00:00,25,88,0.0,8.1,SE,98,< 7 km,Berawan
Kel.Sanggeng,2025-08-26 23:00:00,25,88,0.0,8.1,SE,96,< 7 km,Berawan
Kel.Sanggeng,2025-08-27 00:00:00,25,88,0.0,8.1,SE,99,< 7 km,Berawan
Kel.Sanggeng,2025-08-27 01:00:00,25,89,0.0,6.6,E,100,< 7 km,Berawan
Kel.Sanggeng,2025-08-27 02:00:00,25,89,0.0,5.1,S,100,< 7 km,Berawan
Kel.Sanggeng,2025-08-27 03:00:00,25,88,0.0,5.1,S,100,< 7 km,Berawan
Kel.Sanggeng,2025-08-27 04:00:00,26,85,1.3,13.7,E,100,< 7 km,Hujan Ringan
Kel.Sanggeng,2025-08-27 05:00:00,25,87,0.0,0.8,S,100,< 6 km,Berawan
Kel.Sanggeng,2025-08-27 06:00:00,25,89,0.2,0.8,S,100,< 6 km,Berawan
Kel.Sanggeng,2025-08-27 07:00:00,27,85,0.1,14.8,E,100,< 7 km,Berawan
Kel.Sanggeng,2025-08-27 08:00:00,27,86,0.2,6.0,W,99,< 6 km,Berawan
Kel.Sanggeng,2025-08-27 09:00:00,27,84,0.5,6.0,W,100,< 6 km,Berawan
Kel.Sanggeng,2025-08-27 10:00:00,28,80,0.1,13.3,E,100,< 6 km,Hujan Ringan
Kel.Sanggeng,2025-08-27 11:00:00,28,82,0.5,6.9,N,98,< 6 km,Berawan
Kel.Sanggeng,2025-08-27 12:00:00,28,80,1.3,6.9,N,94,< 6 km,Hujan Ringan
Kel.Sanggeng,2025-08-27 13:00:00,28,81,1.9,10.6,W,100,< 7 km,Hujan Ringan
Kel.Sanggeng,2025-08-27 14:00:00,26,87,1.9,10.6,W,100,< 7 km,Hujan Ringan
Kel.Sanggeng,2025-08-27 15:00:00,25,92,0.8,10.6,W,100,< 7 km,Hujan Ringan
Kel.Sanggeng,2025-08-27 16:00:00,25,92,0.8,15.3,W,100,< 8 km,Berawan
Kel.Sanggeng,2025-08-27 17:00:00,25,92,0.8,15.3,W,100,< 8 km,Hujan Ringan
Kel.Sanggeng,2025-08-27 18:00:00,25,93,0.2,15.3,W,100,< 8 km,Berawan
Kel.Sanggeng,2025-08-27 19:00:00,25,92,0.2,10.7,W,100,< 8 km,Berawan
Kel.Sanggeng,2025-08-27 20:00:00,25,92,0.2,10.7,W,100,< 8 km,Hujan Ringan
Kel.Sanggeng,2025-08-27 21:00:00,24,93,0.5,10.7,W,100,< 8 km,Berawan
Kel.Sanggeng,2025-08-27 22:00:00,24,93,0.5,7.0,SE,100,< 8 km,Berawan
Kel.Sanggeng,2025-08-27 23:00:00,24,93,0.5,7.0,SE,100,< 8 km,Hujan Ringan
Kel.Sanggeng,2025-08-28 00:00:00,25,93,0.0,7.0,SE,97,< 8 km,Hujan Ringan
Kel.Sanggeng,2025-08-28 01:00:00,25,91,0.0,12.6,SE,100,< 8 km,Hujan Ringan
Kel.Sanggeng,2025-08-28 02:00:00,25,91,0.0,12.6,SE,100,< 8 km,Berawan
Kel.Sanggeng,2025-08-28 03:00:00,25,89,0.0,12.6,SE,100,< 8 km,Berawan
Kel.Sanggeng,2025-08-28 04:00:00,25,89,0.0,5.2,SW,100,< 8 km,Berawan
Kel.Sanggeng,2025-08-28 05:00:00,25,90,0.0,5.2,SW,100,< 8 km,Berawan
Kel.Sanggeng,2025-08-28 06:00:00,25,90,0.0,5.2,SW,100,< 8 km,Berawan
Kel.Sanggeng,2025-08-28 07:00:00,26,90,0.0,6.1,S,99,< 8 km,Berawan
Kel.Sanggeng,2025-08-28 08:00:00,27,82,0.0,6.1,S,100,< 8 km,Berawan
Kel.Sanggeng,2025-08-28 09:00:00,28,78,0.0,6.1,S,100,< 8 km,Berawan
Kel.Sanggeng,2025-08-28 10:00:00,28,74,0.0,9.5,SE,94,< 9 km,Berawan
Kel.Sanggeng,2025-08-28 11:00:00,28,72,0.0,9.5,SE,52,< 9 km,Cerah
Kel.Sanggeng,2025-08-28 12:00:00,28,70,2.0,9.5,SE,82,< 9 km,Hujan Ringan
Kel.Sanggeng,2025-08-28 13:00:00,28,70,2.0,6.7,S,95,< 9 km,Hujan Ringan
Kel.Sanggeng,2025-08-28 14:00:00,28,70,2.0,6.7,S,82,< 9 km,Hujan Ringan
Kel.Sanggeng,2025-08-28 15:00:00,28,75,2.0,6.7,S,99,< 9 km,Hujan Ringan
Kel.Sanggeng,2025-08-28 16:00:00,28,80,2.0,12.9,SW,99,< 9 km,Hujan Ringan
Kel.Sanggeng,2025-08-28 17:00:00,27,85,2.0,12.9,SW,94,< 9 km,Hujan Ringan
Kel.Sanggeng,2025-08-28 18:00:00,26,80,0.0,9.0,S,99,< 9 km,Berawan
Kel.Sanggeng,2025-08-28 19:00:00,25,89,1.1,9.1,S,76,< 8 km,Hujan Ringan
Kel.Sanggeng,2025-08-28 20:00:00,26,84,0.0,3.7,S,37,< 8 km,Cerah
Kel.Sanggeng,2025-08-28 21:00:00,26,84,0.0,3.7,S,25,< 8 km,Cerah
Kel.Sanggeng,2025-08-28 22:00:00,26,85,0.0,6.5,SE,38,< 8 km,Cerah
Kel.Sanggeng,2025-08-28 23:00:00,26,86,0.0,14.6,W,100,< 6 km,Berawan
Kel.Sanggeng,2025-08-29 00:00:00,25,86,0.0,14.6,W,100,< 6 km,Berawan
Kel.Sanggeng,2025-08-29 01:00:00,25,85,0.0,12.8,W,100,< 6 km,Berawan
Kel.Sanggeng,2025-08-29 02:00:00,25,84,0.0,12.8,W,100,< 6 km,Berawan
Kel.Sanggeng,2025-08-29 03:00:00,25,84,0.0,12.8,W,100,< 6 km,Berawan
Kel.Sanggeng,2025-08-29 04:00:00,25,83,0.0,10.9,SW,100,< 7 km,Berawan
Kel.Sanggeng,2025-08-29 05:00:00,25,83,0.0,10.9,SW,100,< 7 km,Berawan
Kel.Sanggeng,2025-08-29 06:00:00,26,83,0.0,10.9,SW,88,< 7 km,Cerah Berawan
Kel.Sanggeng,2025-08-29 07:00:00,27,82,0.0,8.2,S,98,< 7 km,Berawan
Kel.Sanggeng,2025-08-29 08:00:00,28,78,0.0,8.2,S,99,< 7 km,Berawan
Kel.Sanggeng,2025-08-29 09:00:00,29,75,1.3,8.2,S,100,< 7 km,Hujan Ringan
Kel.Sanggeng,2025-08-29 10:00:00,29,75,1.3,12.2,SE,100,< 6 km,Hujan Ringan
Kel.Sanggeng,2025-08-29 11:00:00,29,76,1.3,12.2,SE,100,< 6 km,Hujan Ringan
Kel.Sanggeng,2025-08-29 12:00:00,28,82,1.3,6.8,S,100,< 6 km,Hujan Ringan
Kel.Sanggeng,2025-08-29 13:00:00,28,75,1.3,5.2,S,100,< 7 km,Hujan Ringan
Kel.Sanggeng,2025-08-29 14:00:00,28,79,1.3,5.2,S,100,< 7 km,Hujan Ringan
Kel.Sanggeng,2025-08-29 15:00:00,28,74,0.0,2.5,NW,100,< 6 km,Berawan
Kel.Sanggeng,2025-08-29 16:00:00,27,83,0.2,7.9,S,100,< 7 km,Berawan
Kel.Sanggeng,2025-08-29 17:00:00,27,86,0.2,7.9,S,100,< 7 km,Berawan
Kel.Sanggeng,2025-08-29 18:00:00,27,82,0.0,2.1,SW,95,< 6 km,Berawan
Kel.Sanggeng,2025-08-29 19:00:00,26,85,0.0,6.5,SE,100,< 7 km,Berawan
Kel.Sanggeng,2025-08-29 20:00:00,26,83,0.0,6.5,SE,91,< 7 km,Berawan
Kel.Sanggeng,2025-08-29 21:00:00,27,90,0.0,10.7,W,82,< 7 km,Cerah Berawan
Kel.Sanggeng,2025-08-29 22:00:00,27,81,0.0,10.9,SE,99,< 6 km,Berawan
Kel.Sanggeng,2025-08-29 23:00:00,27,82,0.0,10.9,SE,100,< 6 km,Berawan
Kel.Sanggeng,2025-08-30 00:00:00,25,86,0.0,7.8,S,100,< 9 km,Hujan Ringan
Kel.Sanggeng,2025-08-30 01:00:00,25,84,0.0,9.4,S,98,< 9 km,Cerah Berawan
Kel.Sanggeng,2025-08-30 02:00:00,26,85,0.0,15.3,SE,55,< 7 km,Cerah
Kel.Sanggeng,2025-08-30 03:00:00,26,83,0.0,9.4,S,99,< 9 km,Berawan
Kel.Sanggeng,2025-08-30 04:00:00,25,84,0.0,9.1,W,98,< 8 km,Berawan
Kel.Sanggeng,2025-08-30 05:00:00,26,87,0.0,24.8,SE,24,< 6 km,Cerah
Kel.Sanggeng,2025-08-30 06:00:00,25,88,0.0,9.1,W,93,< 8 km,Berawan
Kel.Sanggeng,2025-08-30 07:00:00,27,84,0.0,6.5,W,98,< 9 km,Berawan
Kel.Sanggeng,2025-08-30 08:00:00,28,79,0.0,27.8,SE,7,> 10 km,Cerah
Kel.Sanggeng,2025-08-30 09:00:00,29,76,0.0,6.5,W,90,< 9 km,Berawan
Kel.Sanggeng,2025-08-30 10:00:00,29,74,0.0,16.7,SE,87,< 8 km,Cerah Berawan
Kel.Sanggeng,2025-08-30 11:00:00,29,75,0.0,16.7,SE,22,< 8 km,Cerah
Kel.Sanggeng,2025-08-30 12:00:00,28,80,0.3,15.3,SE,42,< 8 km,Hujan Ringan
Kel.Sanggeng,2025-08-30 13:00:00,28,79,0.3,12.9,SE,25,< 8 km,Cerah
Kel.Sanggeng,2025-08-30 14:00:00,28,79,0.3,12.9,SE,40,< 8 km,Cerah
Kel.Sanggeng,2025-08-30 15:00:00,28,83,0.3,12.9,SE,89,< 8 km,Cerah Berawan
Kel.Sanggeng,2025-08-30 16:00:00,27,84,0.3,13.8,SW,89,< 8 km,Cerah Berawan
Kel.Sanggeng,2025-08-30 17:00:00,26,88,0.3,13.8,SW,97,< 8 km,Berawan
Kel.Sanggeng,2025-08-30 18:00:00,26,87,0.1,13.8,SW,52,< 8 km,Cerah
Kel.Sanggeng,2025-08-30 19:00:00,26,90,0.1,3.3,S,86,< 8 km,Cerah Berawan
Kel.Sanggeng,2025-08-30 20:00:00,26,88,0.1,3.3,S,66,< 8 km,Cerah Berawan
Kel.Sanggeng,2025-08-30 21:00:00,25,89,0.0,3.3,S,69,< 8 km,Cerah Berawan
Kel.Sanggeng,2025-08-30 22:00:00,25,92,0.0,9.9,W,99,< 8 km,Berawan
Kel.Sanggeng,2025-08-30 23:00:00,25,89,0.0,10.5,W,89,< 7 km,Cerah Berawan
Kel.Sanggeng,2025-08-31 00:00:00,25,88,0.0,10.5,W,98,< 7 km,Berawan
Kel.Sanggeng,2025-08-31 01:00:00,25,89,0.0,9.4,W,100,< 7 km,Berawan
Kel.Sanggeng,2025-08-31 02:00:00,25,91,0.0,9.4,W,99,< 7 km,Berawan
Kel.Sanggeng,2025-08-31 03:00:00,25,90,0.2,9.4,W,100,< 7 km,Berawan
Kel.Sanggeng,2025-08-31 04:00:00,25,88,0.2,5.1,SE,100,< 7 km,Berawan
Kel.Sanggeng,2025-08-31 05:00:00,25,88,0.2,5.1,SE,100,< 7 km,Berawan
Kel.Sanggeng,2025-08-31 06:00:00,26,88,0.0,5.1,SE,100,< 7 km,Berawan
Kel.Sanggeng,2025-08-31 07:00:00,27,84,0.0,8.6,E,100,< 6 km,Berawan
Kel.Sanggeng,2025-08-31 08:00:00,27,81,0.0,8.6,E,100,< 6 km,Berawan
Kel.Sanggeng,2025-08-31 09:00:00,28,78,0.0,8.6,E,100,< 6 km,Berawan
Kel.Sanggeng,2025-08-31 10:00:00,28,76,0.0,9.6,SE,100,< 7 km,Berawan
Kel.Sanggeng,2025-08-31 11:00:00,28,76,0.0,10.4,E,89,< 9 km,Hujan Ringan
Kel.Sanggeng,2025-08-31 12:00:00,28,77,0.1,10.4,E,97,< 9 km,Hujan Ringan
Kel.Sanggeng,2025-08-31 13:00:00,28,78,0.1,3.5,S,95,< 8 km,Berawan
Kel.Sanggeng,2025-08-31 14:00:00,29,76,0.1,3.5,S,82,< 8 km,Cerah Berawan
Kel.Sanggeng,2025-08-31 15:00:00,28,77,0.0,3.5,S,83,< 8 km,Cerah Berawan
Kel.Sanggeng,2025-08-31 16:00:00,28,79,0.0,6.8,SE,87,< 9 km,Cerah Berawan
Kel.Sanggeng,2025-08-31 17:00:00,27,85,0.0,6.8,SE,85,< 9 km,Cerah Berawan
Kel.Sanggeng,2025-08-31 18:00:00,27,87,0.0,6.8,SE,92,< 9 km,Berawan
Kel.Sanggeng,2025-08-31 19:00:00,27,87,0.0,7.3,SE,93,< 8 km,Berawan
Kel.Sanggeng,2025-08-31 20:00:00,26,86,0.0,7.3,SE,62,< 8 km,Cerah Berawan
Kel.Sanggeng,2025-08-31 21:00:00,26,86,0.1,7.3,SE,59,< 8 km,Cerah
Kel.Sanggeng,2025-08-31 22:00:00,26,85,0.1,13.7,SE,98,< 8 km,Berawan
Kel.Sanggeng,2025-08-31 23:00:00,26,86,0.1,13.7,SE,99,< 8 km,Berawan
Kel.Sanggeng,2025-09-01 00:00:00,25,90,0.2,5.8,E,97,< 7 km,Berawan
Kel.Sanggeng,2025-09-01 01:00:00,26,87,0.7,23.0,E,98,< 9 km,Berawan
Kel.Sanggeng,2025-09-01 02:00:00,26,87,0.7,23.0,E,100,< 9 km,Berawan
Kel.Sanggeng,2025-09-01 03:00:00,26,88,0.4,23.4,SE,98,< 7 km,Berawan
Kel.Sanggeng,2025-09-01 04:00:00,26,87,0.3,26.6,E,100,< 6 km,Berawan
Kel.Sanggeng,2025-09-01 05:00:00,26,87,0.3,26.6,E,100,< 6 km,Berawan
Kel.Sanggeng,2025-09-01 06:00:00,25,88,1.6,24.4,E,100,< 7 km,Hujan Ringan
Kel.Sanggeng,2025-09-01 07:00:00,26,88,0.9,27.7,E,100,< 7 km,Berawan
Kel.Sanggeng,2025-09-01 08:00:00,26,88,0.9,27.7,E,100,< 7 km,Berawan
Kel.Sanggeng,2025-09-01 09:00:00,26,88,0.5,27.1,E,100,< 7 km,Berawan
Kel.Sanggeng,2025-09-01 10:00:00,26,87,0.5,27.6,E,100,< 6 km,Hujan Ringan
Kel.Sanggeng,2025-09-01 11:00:00,26,88,0.9,22.4,E,100,< 5 km,Hujan Ringan
Kel.Sanggeng,2025-09-01 12:00:00,26,89,0.3,22.4,E,100,< 5 km,Hujan Ringan
Kel.Sanggeng,2025-09-01 13:00:00,26,88,0.3,24.1,E,100,< 7 km,Berawan
Kel.Sanggeng,2025-09-01 14:00:00,27,87,0.3,24.1,E,100,< 7 km,Berawan
Kel.Sanggeng,2025-09-01 15:00:00,27,86,0.0,24.1,E,100,< 7 km,Berawan
Kel.Sanggeng,2025-09-01 16:00:00,27,86,0.0,25.7,E,100,< 7 km,Berawan
Kel.Sanggeng,2025-09-01 17:00:00,27,87,0.0,25.7,E,100,< 7 km,Berawan
Kel.Sanggeng,2025-09-01 18:00:00,27,86,0.0,25.7,E,100,< 7 km,Berawan
Kel.Sanggeng,2025-09-01 19:00:00,27,86,0.0,26.4,E,100,< 7 km,Berawan
Kel.Sanggeng,2025-09-01 20:00:00,27,86,0.0,26.4,E,100,< 7 km,Berawan
Kel.Sanggeng,2025-09-01 21:00:00,27,84,0.2,26.4,E,98,< 7 km,Berawan
Kel.Sanggeng,2025-09-01 22:00:00,27,82,0.2,30.2,E,98,< 7 km,Hujan Ringan
Kel.Sanggeng,2025-09-01 23:00:00,27,85,0.2,30.2,E,90,< 7 km,Cerah Berawan
Kel.Sanggeng,2025-09-02 00:00:00,26,86,0.5,29.0,E,99,> 10 km,Berawan
Kel.Sanggeng,2025-09-02 01:00:00,26,86,0.5,24.1,E,99,< 7 km,Berawan
Kel.Sanggeng,2025-09-02 02:00:00,26,87,0.5,22.5,E,100,< 6 km,Berawan
Kel.Sanggeng,2025-09-02 03:00:00,26,88,1.1,24.1,E,100,< 7 km,Hujan Ringan
Kel.Sanggeng,2025-09-02 04:00:00,26,88,1.1,21.2,E,100,> 10 km,Hujan Ringan
Kel.Sanggeng,2025-09-02 05:00:00,26,86,0.2,22.3,E,100,< 6 km,Berawan
Kel.Sanggeng,2025-09-02 06:00:00,26,86,0.8,21.2,E,100,> 10 km,Berawan
Kel.Sanggeng,2025-09-02 07:00:00,26,85,0.8,25.3,E,100,< 8 km,Berawan
Kel.Sanggeng,2025-09-02 08:00:00,27,85,0.4,19.5,E,100,< 6 km,Berawan
Kel.Sanggeng,2025-09-02 09:00:00,26,88,0.5,25.3,E,100,< 8 km,Hujan Ringan
Kel.Sanggeng,2025-09-02 10:00:00,26,86,0.5,22.3,E,100,> 10 km,Hujan Ringan
Kel.Sanggeng,2025-09-02 11:00:00,28,79,0.2,21.7,E,100,< 9 km,Hujan Ringan
Kel.Sanggeng,2025-09-02 12:00:00,28,79,0.1,21.7,E,99,< 9 km,Hujan Ringan
Kel.Sanggeng,2025-09-02 13:00:00,28,79,0.1,14.8,NE,99,< 9 km,Hujan Ringan
Kel.Sanggeng,2025-09-02 14:00:00,27,81,0.1,14.8,NE,95,< 9 km,Hujan Ringan
Kel.Sanggeng,2025-09-02 15:00:00,28,81,0.1,14.8,NE,85,< 9 km,Cerah Berawan
Kel.Sanggeng,2025-09-02 16:00:00,27,81,0.1,7.7,E,86,< 9 km,Cerah Berawan
Kel.Sanggeng,2025-09-02 17:00:00,27,82,0.1,7.7,E,82,< 9 km,Cerah Berawan
Kel.Sanggeng,2025-09-02 18:00:00,27,82,0.0,7.7,E,92,< 9 km,Berawan
Kel.Sanggeng,2025-09-02 19:00:00,27,81,0.0,16.4,E,66,< 8 km,Hujan Ringan
Kel.Sanggeng,2025-09-02 20:00:00,27,82,0.0,16.4,E,65,< 8 km,Cerah Berawan
Kel.Sanggeng,2025-09-02 21:00:00,27,83,0.1,16.4,E,37,< 8 km,Cerah
Kel.Sanggeng,2025-09-02 22:00:00,27,83,0.1,22.4,E,31,< 8 km,Cerah
Kel.Sanggeng,2025-09-02 23:00:00,27,83,0.1,22.4,E,32,< 8 km,Cerah
Kel.Sanggeng,2025-09-03 00:00:00,26,86,0.8,22.4,E,74,< 8 km,Cerah Berawan
Kel.Sanggeng,2025-09-03 01:00:00,26,86,0.8,27.7,E,81,< 8 km,Cerah Berawan
Kel.Sanggeng,2025-09-03 02:00:00,25,90,0.8,27.7,E,92,< 8 km,Berawan
Kel.Sanggeng,2025-09-03 03:00:00,25,90,0.2,27.7,E,79,< 8 km,Cerah Berawan
Kel.Sanggeng,2025-09-03 04:00:00,25,89,0.2,18.9,E,33,< 8 km,Cerah
Kel.Sanggeng,2025-09-03 05:00:00,25,88,0.2,18.9,E,24,< 8 km,Cerah
Kel.Sanggeng,2025-09-03 06:00:00,26,85,0.1,18.9,E,34,< 8 km,Cerah
Kel.Sanggeng,2025-09-03 07:00:00,26,82,0.1,24.1,SE,34,< 9 km,Cerah
Kel.Sanggeng,2025-09-03 08:00:00,27,80,0.1,24.1,SE,38,< 9 km,Cerah
Kel.Sanggeng,2025-09-03 09:00:00,26,83,0.1,24.1,SE,25,< 9 km,Cerah
Kel.Sanggeng,2025-09-03 10:00:00,27,80,0.1,22.1,E,41,< 9 km,Cerah
Kel.Sanggeng,2025-09-03 11:00:00,27,79,0.1,20.9,E,21,< 9 km,Cerah
Kel.Sanggeng,2025-09-03 12:00:00,28,81,0.0,22.1,E,25,< 9 km,Cerah
Kel.Sanggeng,2025-09-03 13:00:00,28,80,0.0,14.9,E,18,< 8 km,Cerah
Kel.Sanggeng,2025-09-03 14:00:00,28,80,0.0,14.9,E,13,< 8 km,Hujan Ringan
Kel.Sanggeng,2025-09-03 15:00:00,28,80,0.1,14.9,E,20,< 8 km,Hujan Ringan
Kel.Sanggeng,2025-09-03 16:00:00,28,78,0.1,8.8,E,32,< 9 km,Cerah
Kel.Sanggeng,2025-09-03 17:00:00,27,81,0.1,8.8,E,41,< 9 km,Cerah
Kel.Sanggeng,2025-09-03 18:00:00,27,82,0.1,8.8,E,29,< 9 km,Cerah
Kel.Sanggeng,2025-09-03 19:00:00,27,82,0.1,8.3,E,29,< 9 km,Cerah
Kel.Sanggeng,2025-09-03 20:00:00,27,83,0.1,8.3,E,56,< 9 km,Cerah
Kel.Sanggeng,2025-09-03 21:00:00,26,85,1.2,8.3,E,85,< 9 km,Hujan Ringan
Kel.Sanggeng,2025-09-03 22:00:00,25,88,1.2,13.1,E,97,< 8 km,Hujan Ringan
Kel.Sanggeng,2025-09-03 23:00:00,25,90,1.2,13.1,E,99,< 8 km,Hujan Ringan
Kel.Sanggeng,2025-09-04 00:00:00,25,89,0.4,0.5,SE,99,< 7 km,Berawan
Kel.Sanggeng,2025-09-04 01:00:00,24,89,0.4,8.7,E,99,< 6 km,Berawan
Kel.Sanggeng,2025-09-04 02:00:00,25,89,0.4,16.6,SE,94,< 8 km,Berawan
Kel.Sanggeng,2025-09-04 03:00:00,24,91,0.6,8.7,E,96,< 6 km,Berawan
Kel.Sanggeng,2025-09-04 04:00:00,24,91,0.6,12.4,SE,83,< 6 km,Cerah Berawan
Kel.Sanggeng,2025-09-04 05:00:00,25,91,1.3,17.7,SE,98,< 8 km,Hujan Ringan
Kel.Sanggeng,2025-09-04 06:00:00,25,90,0.3,12.4,SE,99,< 6 km,Berawan
Kel.Sanggeng,2025-09-04 07:00:00,26,87,0.3,15.6,SE,45,< 7 km,Cerah
Kel.Sanggeng,2025-09-04 08:00:00,26,84,0.3,15.6,SE,57,< 7 km,Cerah
Kel.Sanggeng,2025-09-04 09:00:00,27,81,0.1,15.6,SE,44,< 7 km,Cerah
Kel.Sanggeng,2025-09-04 10:00:00,28,78,0.1,24.1,E,70,< 7 km,Cerah Berawan
Kel.Sanggeng,2025-09-04 11:00:00,28,80,0.1,24.1,E,35,< 7 km,Hujan Ringan
Kel.Sanggeng,2025-09-04 12:00:00,27,79,1.3,17.9,SE,33,< 7 km,Hujan Ringan
Kel.Sanggeng,2025-09-04 13:00:00,28,78,0.0,20.0,SE,50,< 7 km,Cerah
Kel.Sanggeng,2025-09-04 14:00:00,28,79,1.3,15.9,SE,93,< 6 km,Hujan Ringan
Kel.Sanggeng,2025-09-04 15:00:00,28,79,1.3,15.9,SE,90,< 6 km,Hujan Ringan
Kel.Sanggeng,2025-09-04 16:00:00,27,80,1.3,13.1,SE,90,< 7 km,Berawan
Kel.Sanggeng,2025-09-04 17:00:00,27,83,1.3,13.1,SE,100,< 7 km,Hujan Ringan
Kel.Sanggeng,2025-09-04 18:00:00,27,84,0.0,13.1,SE,100,< 7 km,Hujan Ringan
Kel.Sanggeng,2025-09-04 19:00:00,27,83,0.0,18.3,SE,100,< 6 km,Hujan Ringan
Kel.Sanggeng,2025-09-04 20:00:00,27,83,0.0,18.3,SE,100,< 6 km,Berawan
Kel.Sanggeng,2025-09-04 21:00:00,27,83,0.3,18.3,SE,100,< 6 km,Berawan
Kel.Sanggeng,2025-09-04 22:00:00,26,83,0.3,28.2,E,99,< 6 km,Berawan
Kel.Sanggeng,2025-09-04 23:00:00,26,86,0.3,28.2,E,98,< 6 km,Berawan
Kel.Sanggeng,2025-09-05 00:00:00,26,87,0.9,28.2,E,98,< 6 km,Berawan
Kel.Sanggeng,2025-09-05 01:00:00,25,88,0.9,16.9,E,100,< 6 km,Berawan
Kel.Sanggeng,2025-09-05 02:00:00,26,89,0.9,16.9,E,99,< 6 km,Berawan
Kel.Sanggeng,2025-09-05 03:00:00,25,89,1.9,16.9,E,98,< 6 km,Hujan Ringan
Kel.Sanggeng,2025-09-05 04:00:00,25,90,1.9,19.1,E,98,< 6 km,Hujan Ringan
Kel.Sanggeng,2025-09-05 05:00:00,25,89,1.9,19.1,E,99,< 6 km,Hujan Ringan
Kel.Sanggeng,2025-09-05 06:00:00,26,90,0.6,19.1,E,100,< 6 km,Berawan
Kel.Sanggeng,2025-09-05 07:00:00,26,88,0.6,19.4,E,92,< 6 km,Berawan
Kel.Sanggeng,2025-09-05 08:00:00,27,86,0.6,19.4,E,59,< 6 km,Cerah
Kel.Sanggeng,2025-09-05 09:00:00,27,85,1.3,19.4,E,81,< 6 km,Hujan Ringan
Kel.Sanggeng,2025-09-05 10:00:00,26,86,1.3,16.5,E,96,< 7 km,Hujan Ringan
Kel.Sanggeng,2025-09-05 11:00:00,26,87,1.3,16.5,E,78,< 7 km,Hujan Ringan
Kel.Sanggeng,2025-09-05 12:00:00,27,83,1.3,16.5,E,90,< 7 km,Hujan Ringan
Kel.Sanggeng,2025-09-05 13:00:00,28,80,1.3,8.4,E,92,< 7 km,Hujan Ringan
Kel.Sanggeng,2025-09-05 14:00:00,28,79,1.3,8.4,E,81,< 7 km,Hujan Ringan
Kel.Sanggeng,2025-09-05 15:00:00,28,78,0.0,8.4,E,99,< 7 km,Berawan
Kel.Sanggeng,2025-09-05 16:00:00,27,80,0.0,4.3,E,100,< 7 km,Berawan
Kel.Sanggeng,2025-09-05 17:00:00,27,83,0.0,4.3,E,100,< 7 km,Berawan
Kel.Sanggeng,2025-09-05 18:00:00,27,84,0.0,4.3,E,100,< 7 km,Berawan
Kel.Sanggeng,2025-09-05 19:00:00,27,83,0.0,10.2,E,99,< 6 km,Berawan
Kel.Sanggeng,2025-09-05 20:00:00,27,84,0.0,10.2,E,99,< 6 km,Berawan
Kel.Sanggeng,2025-09-05 21:00:00,26,85,0.2,10.2,E,99,< 6 km,Berawan
Kel.Sanggeng,2025-09-05 22:00:00,26,85,0.2,15.5,SE,100,< 7 km,Berawan
Kel.Sanggeng,2025-09-05 23:00:00,26,87,0.2,15.5,SE,100,< 7 km,Berawan
Kel.Sanggeng,2025-09-06 00:00:00,26,86,0.1,15.5,SE,100,< 7 km,Berawan
Kel.Sanggeng,2025-09-06 01:00:00,26,85,0.1,17.6,E,100,< 7 km,Berawan
Kel.Sanggeng,2025-09-06 02:00:00,26,86,0.1,17.6,E,100,< 7 km,Berawan
Kel.Sanggeng,2025-09-06 03:00:00,26,89,0.8,17.6,E,96,< 7 km,Berawan
Kel.Sanggeng,2025-09-06 04:00:00,26,88,0.8,21.2,E,89,< 6 km,Cerah Berawan
Kel.Sanggeng,2025-09-06 05:00:00,26,88,0.8,21.2,E,70,< 6 km,Cerah Berawan
Kel.Sanggeng,2025-09-06 06:00:00,26,88,0.0,21.2,E,41,< 6 km,Cerah
Kel.Sanggeng,2025-09-06 07:00:00,27,84,0.0,21.2,E,39,< 6 km,Cerah
Kel.Sanggeng,2025-09-06 08:00:00,28,82,0.0,21.2,E,20,< 6 km,Cerah
Kel.Sanggeng,2025-09-06 09:00:00,28,78,0.1,21.2,E,46,< 6 km,Cerah
Kel.Sanggeng,2025-09-06 10:00:00,28,80,0.1,21.2,E,27,< 6 km,Cerah
Kel.Sanggeng,2025-09-06 11:00:00,29,78,0.1,21.2,E,25,< 6 km,Cerah
Kel.Sanggeng,2025-09-06 12:00:00,29,76,0.1,11.7,E,18,< 6 km,Cerah
Kel.Sanggeng,2025-09-06 13:00:00,29,76,0.1,11.7,E,18,< 6 km,Cerah
Kel.Sanggeng,2025-09-06 14:00:00,29,77,0.1,11.7,E,61,< 6 km,Cerah Berawan
Kel.Sanggeng,2025-09-06 15:00:00,28,77,0.7,11.7,E,97,< 6 km,Berawan
Kel.Sanggeng,2025-09-06 16:00:00,28,78,0.7,11.7,E,96,< 6 km,Berawan
Kel.Sanggeng,2025-09-06 17:00:00,28,82,0.7,11.7,E,96,< 6 km,Berawan
Kel.Sanggeng,2025-09-06 18:00:00,27,84,0.7,8.1,NW,98,< 7 km,Berawan
Kel.Sanggeng,2025-09-06 19:00:00,26,91,0.7,8.1,NW,100,< 7 km,Berawan
Kel.Sanggeng,2025-09-06 20:00:00,26,91,0.7,8.1,NW,99,< 7 km,Berawan
Kel.Sanggeng,2025-09-06 21:00:00,26,90,1.0,8.1,NW,95,< 7 km,Berawan
Kel.Sanggeng,2025-09-06 22:00:00,25,91,1.0,8.1,NW,96,< 7 km,Berawan
Kel.Sanggeng,2025-09-06 23:00:00,25,91,1.0,8.1,NW,97,< 7 km,Berawan
Kel.Wosi,2025-08-20 23:00:00,25,91,1.3,18.1,E,100,< 7 km,Hujan Ringan
Kel.Wosi,2025-08-21 00:00:00,25,91,1.3,18.1,E,100,< 7 km,Hujan Ringan
Kel.Wosi,2025-08-21 01:00:00,25,91,1.3,18.7,E,100,< 6 km,Hujan Ringan
Kel.Wosi,2025-08-21 02:00:00,25,90,1.3,18.7,E,100,< 6 km,Hujan Ringan
Kel.Wosi,2025-08-21 03:00:00,25,90,0.5,18.7,E,100,< 6 km,Hujan Ringan
Kel.Wosi,2025-08-21 04:00:00,25,89,0.5,7.8,E,100,< 6 km,Hujan Ringan
Kel.Wosi,2025-08-21 05:00:00,25,89,0.5,7.8,E,100,< 6 km,Berawan
Kel.Wosi,2025-08-21 06:00:00,25,91,1.3,7.8,E,100,< 6 km,Hujan Ringan
Kel.Wosi,2025-08-21 07:00:00,25,92,1.3,8.9,E,100,< 6 km,Hujan Ringan
Kel.Wosi,2025-08-21 08:00:00,26,90,1.3,8.9,E,100,< 6 km,Hujan Ringan
Kel.Wosi,2025-08-21 09:00:00,25,90,1.3,8.9,E,100,< 6 km,Hujan Ringan
Kel.Wosi,2025-08-21 10:00:00,25,92,1.3,2.2,SE,100,< 6 km,Hujan Ringan
Kel.Wosi,2025-08-21 11:00:00,25,91,1.3,2.2,SE,100,< 6 km,Hujan Ringan
Kel.Wosi,2025-08-21 12:00:00,26,88,0.8,11.3,E,100,< 6 km,Berawan
Kel.Wosi,2025-08-21 13:00:00,26,88,0.8,8.9,E,100,< 7 km,Berawan
Kel.Wosi,2025-08-21 14:00:00,26,87,0.8,8.9,E,100,< 7 km,Berawan
Kel.Wosi,2025-08-21 15:00:00,26,89,0.9,8.9,E,100,< 7 km,Hujan Ringan
Kel.Wosi,2025-08-21 16:00:00,26,90,0.9,1.6,W,100,< 8 km,Hujan Ringan
Kel.Wosi,2025-08-21 17:00:00,26,90,0.9,1.6,W,100,< 8 km,Hujan Ringan
Kel.Wosi,2025-08-21 18:00:00,25,91,0.0,1.6,W,99,< 8 km,Hujan Ringan
Kel.Wosi,2025-08-21 19:00:00,25,92,0.0,10.1,W,100,< 8 km,Hujan Ringan
Kel.Wosi,2025-08-21 20:00:00,25,93,0.0,10.1,W,100,< 8 km,Berawan
Kel.Wosi,2025-08-21 21:00:00,24,92,1.8,10.1,W,100,< 8 km,Hujan Ringan
Kel.Wosi,2025-08-21 22:00:00,24,93,1.8,8.6,NW,100,< 7 km,Hujan Ringan
Kel.Wosi,2025-08-21 23:00:00,24,93,1.8,8.6,NW,100,< 7 km,Hujan Ringan
Kel.Wosi,2025-08-22 00:00:00,24,92,0.3,11.6,W,100,< 8 km,Berawan
Kel.Wosi,2025-08-22 01:00:00,24,92,0.3,4.0,SW,100,> 10 km,Berawan
Kel.Wosi,2025-08-22 02:00:00,24,91,0.3,4.0,SW,100,> 10 km,Berawan
Kel.Wosi,2025-08-22 03:00:00,24,91,0.1,4.0,SW,100,> 10 km,Berawan
Kel.Wosi,2025-08-22 04:00:00,24,89,0.1,3.2,S,100,> 10 km,Berawan
Kel.Wosi,2025-08-22 05:00:00,24,89,0.1,3.2,S,100,> 10 km,Berawan
Kel.Wosi,2025-08-22 06:00:00,25,90,0.0,3.2,S,100,> 10 km,Berawan
Kel.Wosi,2025-08-22 07:00:00,25,90,0.0,1.9,E,100,> 10 km,Berawan
Kel.Wosi,2025-08-22 08:00:00,26,85,0.0,1.9,E,100,> 10 km,Berawan
Kel.Wosi,2025-08-22 09:00:00,26,86,0.1,1.9,E,100,> 10 km,Berawan
Kel.Wosi,2025-08-22 10:00:00,27,84,0.1,4.6,SE,100,> 10 km,Berawan
Kel.Wosi,2025-08-22 11:00:00,28,77,0.1,4.3,S,100,< 9 km,Berawan
Kel.Wosi,2025-08-22 12:00:00,28,77,0.4,4.3,S,100,< 9 km,Hujan Ringan
Kel.Wosi,2025-08-22 13:00:00,28,77,0.1,5.1,SE,99,> 10 km,Berawan
Kel.Wosi,2025-08-22 14:00:00,28,77,0.4,3.8,E,99,< 8 km,Hujan Ringan
Kel.Wosi,2025-08-22 15:00:00,27,79,0.5,3.8,E,100,< 8 km,Hujan Ringan
Kel.Wosi,2025-08-22 16:00:00,27,83,0.5,11.8,W,100,< 9 km,Berawan
Kel.Wosi,2025-08-22 17:00:00,26,86,0.5,11.8,W,100,< 9 km,Berawan
Kel.Wosi,2025-08-22 18:00:00,26,87,0.1,11.8,W,100,< 9 km,Berawan
Kel.Wosi,2025-08-22 19:00:00,26,88,0.1,12.6,W,99,< 8 km,Berawan
Kel.Wosi,2025-08-22 20:00:00,26,88,0.1,12.6,W,100,< 8 km,Berawan
Kel.Wosi,2025-08-22 21:00:00,25,89,0.1,12.6,W,100,< 8 km,Berawan
Kel.Wosi,2025-08-22 22:00:00,25,89,0.1,5.6,SW,99,< 9 km,Berawan
Kel.Wosi,2025-08-22 23:00:00,25,89,0.1,5.6,SW,100,< 9 km,Berawan
Kel.Wosi,2025-08-23 00:00:00,25,90,0.1,7.6,W,100,< 9 km,Berawan
Kel.Wosi,2025-08-23 01:00:00,24,90,0.1,8.5,W,98,< 8 km,Berawan
Kel.Wosi,2025-08-23 02:00:00,24,88,0.1,8.5,W,99,< 8 km,Berawan
Kel.Wosi,2025-08-23 03:00:00,24,88,0.2,8.5,W,99,< 8 km,Hujan Ringan
Kel.Wosi,2025-08-23 04:00:00,24,88,0.2,2.1,SW,100,< 8 km,Berawan
Kel.Wosi,2025-08-23 05:00:00,24,87,0.2,2.1,SW,100,< 8 km,Berawan
Kel.Wosi,2025-08-23 06:00:00,25,89,0.5,2.1,SW,100,< 8 km,Berawan
Kel.Wosi,2025-08-23 07:00:00,26,87,0.5,9.4,NW,100,< 8 km,Hujan Ringan
Kel.Wosi,2025-08-23 08:00:00,26,86,0.5,9.4,NW,100,< 8 km,Hujan Ringan
Kel.Wosi,2025-08-23 09:00:00,26,85,0.1,9.4,NW,100,< 8 km,Hujan Ringan
Kel.Wosi,2025-08-23 10:00:00,27,81,0.1,5.5,NE,100,< 9 km,Hujan Ringan
Kel.Wosi,2025-08-23 11:00:00,26,91,1.3,0.7,NW,100,< 6 km,Hujan Ringan
Kel.Wosi,2025-08-23 12:00:00,26,90,1.0,0.7,NW,100,< 6 km,Hujan Ringan
Kel.Wosi,2025-08-23 13:00:00,26,90,1.0,4.5,NW,100,< 6 km,Hujan Ringan
Kel.Wosi,2025-08-23 14:00:00,26,89,1.0,4.5,NW,100,< 6 km,Hujan Ringan
Kel.Wosi,2025-08-23 15:00:00,26,89,1.2,4.5,NW,100,< 6 km,Hujan Ringan
Kel.Wosi,2025-08-23 16:00:00,25,90,1.2,5.2,W,100,< 6 km,Hujan Ringan
Kel.Wosi,2025-08-23 17:00:00,25,92,1.2,5.2,W,100,< 6 km,Hujan Ringan
Kel.Wosi,2025-08-23 18:00:00,25,91,0.6,5.2,W,100,< 6 km,Berawan
Kel.Wosi,2025-08-23 19:00:00,25,90,0.6,3.3,NW,100,< 7 km,Berawan
Kel.Wosi,2025-08-23 20:00:00,25,89,0.6,3.3,NW,100,< 7 km,Berawan
Kel.Wosi,2025-08-23 21:00:00,25,89,0.0,3.3,NW,100,< 7 km,Berawan
Kel.Wosi,2025-08-23 22:00:00,25,90,0.0,5.8,SW,98,< 6 km,Berawan
Kel.Wosi,2025-08-23 23:00:00,25,91,0.0,5.8,SW,100,< 6 km,Berawan
Kel.Wosi,2025-08-24 00:00:00,25,91,0.0,5.8,SW,100,< 6 km,Berawan
Kel.Wosi,2025-08-24 01:00:00,26,88,0.1,13.5,SE,100,< 7 km,Berawan
Kel.Wosi,2025-08-24 02:00:00,25,90,0.0,7.5,SE,99,< 7 km,Berawan
Kel.Wosi,2025-08-24 03:00:00,25,91,0.1,7.5,SE,100,< 7 km,Berawan
Kel.Wosi,2025-08-24 04:00:00,24,92,1.3,11.6,SE,100,< 7 km,Berawan
Kel.Wosi,2025-08-24 05:00:00,25,88,0.1,13.6,SE,100,< 7 km,Berawan
Kel.Wosi,2025-08-24 06:00:00,26,88,1.3,13.6,SE,100,< 7 km,Hujan Ringan
Kel.Wosi,2025-08-24 07:00:00,26,90,0.3,12.6,E,100,< 7 km,Berawan
Kel.Wosi,2025-08-24 08:00:00,26,86,1.3,11.1,E,100,< 6 km,Hujan Ringan
Kel.Wosi,2025-08-24 09:00:00,26,89,1.6,12.6,E,100,< 7 km,Hujan Ringan
Kel.Wosi,2025-08-24 10:00:00,26,88,1.6,16.4,SE,100,< 6 km,Hujan Ringan
Kel.Wosi,2025-08-24 11:00:00,27,83,0.7,10.3,E,28,< 6 km,Cerah
Kel.Wosi,2025-08-24 12:00:00,26,86,0.0,16.4,SE,50,< 6 km,Hujan Ringan
Kel.Wosi,2025-08-24 13:00:00,27,80,0.0,10.8,SE,73,< 6 km,Cerah Berawan
Kel.Wosi,2025-08-24 14:00:00,28,77,1.3,5.6,E,75,< 7 km,Hujan Ringan
Kel.Wosi,2025-08-24 15:00:00,27,79,0.0,10.8,SE,55,< 6 km,Cerah
Kel.Wosi,2025-08-24 16:00:00,27,81,0.0,8.2,SE,62,< 7 km,Cerah Berawan
Kel.Wosi,2025-08-24 17:00:00,26,84,0.1,7.2,SE,57,< 8 km,Cerah
Kel.Wosi,2025-08-24 18:00:00,26,84,0.0,8.2,SE,94,< 7 km,Berawan
Kel.Wosi,2025-08-24 19:00:00,27,84,0.0,13.1,E,86,< 8 km,Cerah Berawan
Kel.Wosi,2025-08-24 20:00:00,27,83,0.0,13.1,E,78,< 8 km,Cerah Berawan
Kel.Wosi,2025-08-24 21:00:00,27,83,0.0,13.1,E,92,< 8 km,Berawan
Kel.Wosi,2025-08-24 22:00:00,27,83,0.0,17.2,SE,66,< 8 km,Cerah Berawan
Kel.Wosi,2025-08-24 23:00:00,26,83,0.0,17.2,SE,36,< 8 km,Cerah
Kel.Wosi,2025-08-25 00:00:00,26,84,1.3,17.2,SE,68,< 8 km,Hujan Ringan
Kel.Wosi,2025-08-25 01:00:00,25,88,1.3,13.2,E,93,< 9 km,Hujan Ringan
Kel.Wosi,2025-08-25 02:00:00,25,90,1.3,13.2,E,100,< 9 km,Hujan Ringan
Kel.Wosi,2025-08-25 03:00:00,25,89,0.6,13.2,E,72,< 9 km,Cerah Berawan
Kel.Wosi,2025-08-25 04:00:00,25,89,0.6,15.8,SE,81,< 8 km,Cerah Berawan
Kel.Wosi,2025-08-25 05:00:00,26,88,0.6,15.8,SE,68,< 8 km,Cerah Berawan
Kel.Wosi,2025-08-25 06:00:00,26,87,0.1,15.8,SE,55,< 8 km,Cerah
Kel.Wosi,2025-08-25 07:00:00,27,84,0.1,17.0,SE,27,< 9 km,Cerah
Kel.Wosi,2025-08-25 08:00:00,27,82,0.1,17.0,SE,55,< 9 km,Cerah
Kel.Wosi,2025-08-25 09:00:00,27,83,0.0,5.7,SW,100,> 10 km,Berawan
Kel.Wosi,2025-08-25 10:00:00,28,79,2.0,18.7,SE,39,< 8 km,Hujan Ringan
Kel.Wosi,2025-08-25 11:00:00,28,76,0.4,5.7,NW,70,< 9 km,Hujan Ringan
Kel.Wosi,2025-08-25 12:00:00,27,78,0.0,4.0,SE,99,> 10 km,Hujan Ringan
Kel.Wosi,2025-08-25 13:00:00,28,79,2.0,13.2,SE,18,< 8 km,Hujan Ringan
Kel.Wosi,2025-08-25 14:00:00,29,76,0.4,12.1,NW,72,< 8 km,Cerah Berawan
Kel.Wosi,2025-08-25 15:00:00,28,77,0.2,8.9,S,80,> 10 km,Cerah Berawan
Kel.Wosi,2025-08-25 16:00:00,27,82,2.0,8.0,SW,58,< 9 km,Hujan Ringan
Kel.Wosi,2025-08-25 17:00:00,27,86,0.5,10.0,W,92,< 9 km,Berawan
Kel.Wosi,2025-08-25 18:00:00,26,89,0.0,13.2,W,92,> 10 km,Berawan
Kel.Wosi,2025-08-25 19:00:00,26,88,0.1,13.6,W,25,< 9 km,Cerah
Kel.Wosi,2025-08-25 20:00:00,26,89,0.0,6.4,W,70,< 9 km,Cerah Berawan
Kel.Wosi,2025-08-25 21:00:00,25,90,0.0,8.5,W,74,> 10 km,Cerah Berawan
Kel.Wosi,2025-08-25 22:00:00,25,88,0.0,7.9,W,56,< 9 km,Cerah
Kel.Wosi,2025-08-25 23:00:00,24,90,0.0,9.8,SW,100,> 10 km,Berawan
Kel.Wosi,2025-08-26 00:00:00,24,90,0.0,7.5,SW,89,> 10 km,Cerah Berawan
Kel.Wosi,2025-08-26 01:00:00,24,90,0.0,8.0,SW,100,> 10 km,Berawan
Kel.Wosi,2025-08-26 02:00:00,24,90,0.0,8.0,SW,99,> 10 km,Berawan
Kel.Wosi,2025-08-26 03:00:00,24,89,0.0,7.3,SW,85,> 10 km,Cerah Berawan
Kel.Wosi,2025-08-26 04:00:00,24,89,0.0,6.4,S,100,> 10 km,Berawan
Kel.Wosi,2025-08-26 05:00:00,24,88,0.0,6.4,S,100,> 10 km,Berawan
Kel.Wosi,2025-08-26 06:00:00,25,88,0.0,7.0,SW,91,> 10 km,Berawan
Kel.Wosi,2025-08-26 07:00:00,26,87,0.0,4.3,SE,100,> 10 km,Berawan
Kel.Wosi,2025-08-26 08:00:00,27,82,0.0,4.3,SE,100,> 10 km,Berawan
Kel.Wosi,2025-08-26 09:00:00,28,80,0.0,4.3,SE,100,> 10 km,Berawan
Kel.Wosi,2025-08-26 10:00:00,28,77,0.0,7.5,SE,100,> 10 km,Berawan
Kel.Wosi,2025-08-26 11:00:00,28,76,0.0,7.5,SE,96,> 10 km,Hujan Ringan
Kel.Wosi,2025-08-26 12:00:00,28,79,1.3,4.0,SE,100,< 6 km,Hujan Ringan
Kel.Wosi,2025-08-26 13:00:00,28,75,0.6,4.6,W,64,> 10 km,Cerah Berawan
Kel.Wosi,2025-08-26 14:00:00,28,78,0.6,4.6,W,85,> 10 km,Cerah Berawan
Kel.Wosi,2025-08-26 15:00:00,26,86,1.3,7.2,W,97,< 6 km,Hujan Ringan
Kel.Wosi,2025-08-26 16:00:00,26,87,1.1,9.3,W,100,< 9 km,Hujan Ringan
Kel.Wosi,2025-08-26 17:00:00,26,88,1.1,9.3,W,100,< 9 km,Hujan Ringan
Kel.Wosi,2025-08-26 18:00:00,25,93,0.2,7.9,S,99,< 7 km,Berawan
Kel.Wosi,2025-08-26 19:00:00,24,91,1.3,10.9,NW,98,< 10 km,Hujan Ringan
Kel.Wosi,2025-08-26 20:00:00,24,91,1.3,10.9,NW,96,< 10 km,Hujan Ringan
Kel.Wosi,2025-08-26 21:00:00,25,89,0.0,10.8,SE,93,< 6 km,Berawan
Kel.Wosi,2025-08-26 22:00:00,25,88,0.0,8.1,SE,98,< 7 km,Berawan
Kel.Wosi,2025-08-26 23:00:00,25,88,0.0,8.1,SE,96,< 7 km,Berawan
Kel.Wosi,2025-08-27 00:00:00,25,88,0.0,8.1,SE,99,< 7 km,Berawan
Kel.Wosi,2025-08-27 01:00:00,25,89,0.0,6.6,E,100,< 7 km,Berawan
Kel.Wosi,2025-08-27 02:00:00,25,89,0.0,5.1,S,100,< 7 km,Berawan
Kel.Wosi,2025-08-27 03:00:00,25,88,0.0,5.1,S,100,< 7 km,Berawan
Kel.Wosi,2025-08-27 04:00:00,26,85,1.3,13.7,E,100,< 7 km,Hujan Ringan
Kel.Wosi,2025-08-27 05:00:00,25,87,0.0,0.8,S,100,< 6 km,Berawan
Kel.Wosi,2025-08-27 06:00:00,25,89,0.2,0.8,S,100,< 6 km,Berawan
Kel.Wosi,2025-08-27 07:00:00,27,85,0.1,14.8,E,100,< 7 km,Berawan
Kel.Wosi,2025-08-27 08:00:00,27,86,0.2,6.0,W,99,< 6 km,Berawan
Kel.Wosi,2025-08-27 09:00:00,27,84,0.5,6.0,W,100,< 6 km,Berawan
Kel.Wosi,2025-08-27 10:00:00,28,80,0.1,13.3,E,100,< 6 km,Hujan Ringan
Kel.Wosi,2025-08-27 11:00:00,28,82,0.5,6.9,N,98,< 6 km,Berawan
Kel.Wosi,2025-08-27 12:00:00,28,80,1.3,6.9,N,94,< 6 km,Hujan Ringan
Kel.Wosi,2025-08-27 13:00:00,28,81,1.9,10.6,W,100,< 7 km,Hujan Ringan
Kel.Wosi,2025-08-27 14:00:00,26,87,1.9,10.6,W,100,< 7 km,Hujan Ringan
Kel.Wosi,2025-08-27 15:00:00,25,92,0.8,10.6,W,100,< 7 km,Hujan Ringan
Kel.Wosi,2025-08-27 16:00:00,25,92,0.8,15.3,W,100,< 8 km,Berawan
Kel.Wosi,2025-08-27 17:00:00,25,92,0.8,15.3,W,100,< 8 km,Hujan Ringan
Kel.Wosi,2025-08-27 18:00:00,25,93,0.2,15.3,W,100,< 8 km,Berawan
Kel.Wosi,2025-08-27 19:00:00,25,92,0.2,10.7,W,100,< 8 km,Berawan
Kel.Wosi,2025-08-27 20:00:00,25,92,0.2,10.7,W,100,< 8 km,Hujan Ringan
Kel.Wosi,2025-08-27 21:00:00,24,93,0.5,10.7,W,100,< 8 km,Berawan
Kel.Wosi,2025-08-27 22:00:00,24,93,0.5,7.0,SE,100,< 8 km,Berawan
Kel.Wosi,2025-08-27 23:00:00,24,93,0.5,7.0,SE,100,< 8 km,Hujan Ringan
Kel.Wosi,2025-08-28 00:00:00,25,93,0.0,7.0,SE,97,< 8 km,Hujan Ringan
Kel.Wosi,2025-08-28 01:00:00,25,91,0.0,12.6,SE,100,< 8 km,Berawan
Kel.Wosi,2025-08-28 02:00:00,25,91,0.0,12.6,SE,100,< 8 km,Berawan
Kel.Wosi,2025-08-28 03:00:00,25,89,0.0,12.6,SE,100,< 8 km,Berawan
Kel.Wosi,2025-08-28 04:00:00,25,89,0.0,5.2,SW,100,< 8 km,Berawan
Kel.Wosi,2025-08-28 05:00:00,25,90,0.0,5.2,SW,100,< 8 km,Berawan
Kel.Wosi,2025-08-28 06:00:00,25,90,0.0,5.2,SW,100,< 8 km,Berawan
Kel.Wosi,2025-08-28 07:00:00,26,90,0.0,6.1,S,99,< 8 km,Berawan
Kel.Wosi,2025-08-28 08:00:00,27,82,0.0,6.1,S,100,< 8 km,Berawan
Kel.Wosi,2025-08-28 09:00:00,28,78,0.0,6.1,S,100,< 8 km,Berawan
Kel.Wosi,2025-08-28 10:00:00,28,74,0.0,9.5,SE,94,< 9 km,Berawan
Kel.Wosi,2025-08-28 11:00:00,28,72,0.0,9.5,SE,52,< 9 km,Cerah
Kel.Wosi,2025-08-28 12:00:00,28,70,2.0,9.5,SE,82,< 9 km,Hujan Ringan
Kel.Wosi,2025-08-28 13:00:00,28,70,2.0,6.7,S,95,< 9 km,Hujan Ringan
Kel.Wosi,2025-08-28 14:00:00,28,70,2.0,6.7,S,82,< 9 km,Hujan Ringan
Kel.Wosi,2025-08-28 15:00:00,28,75,2.0,6.7,S,99,< 9 km,Hujan Ringan
Kel.Wosi,2025-08-28 16:00:00,28,80,2.0,12.9,SW,99,< 9 km,Hujan Ringan
Kel.Wosi,2025-08-28 17:00:00,27,85,2.0,12.9,SW,94,< 9 km,Hujan Ringan
Kel.Wosi,2025-08-28 18:00:00,26,80,0.0,9.0,S,99,< 9 km,Berawan
Kel.Wosi,2025-08-28 19:00:00,25,89,1.1,9.1,S,76,< 8 km,Hujan Ringan
Kel.Wosi,2025-08-28 20:00:00,26,84,0.0,3.7,S,37,< 8 km,Cerah
Kel.Wosi,2025-08-28 21:00:00,26,84,0.0,3.7,S,25,< 8 km,Cerah
Kel.Wosi,2025-08-28 22:00:00,26,85,0.0,6.5,SE,38,< 8 km,Cerah
Kel.Wosi,2025-08-28 23:00:00,26,86,0.0,14.6,W,100,< 6 km,Berawan
Kel.Wosi,2025-08-29 00:00:00,25,86,0.0,14.6,W,100,< 6 km,Berawan
Kel.Wosi,2025-08-29 01:00:00,25,85,0.0,12.8,W,100,< 6 km,Berawan
Kel.Wosi,2025-08-29 02:00:00,25,84,0.0,12.8,W,100,< 6 km,Berawan
Kel.Wosi,2025-08-29 03:00:00,25,84,0.0,12.8,W,100,< 6 km,Berawan
Kel.Wosi,2025-08-29 04:00:00,25,83,0.0,10.9,SW,100,< 7 km,Berawan
Kel.Wosi,2025-08-29 05:00:00,25,83,0.0,10.9,SW,100,< 7 km,Berawan
Kel.Wosi,2025-08-29 06:00:00,26,83,0.0,10.9,SW,88,< 7 km,Cerah Berawan
Kel.Wosi,2025-08-29 07:00:00,27,82,0.0,8.2,S,98,< 7 km,Berawan
Kel.Wosi,2025-08-29 08:00:00,28,78,0.0,8.2,S,99,< 7 km,Berawan
Kel.Wosi,2025-08-29 09:00:00,29,75,1.3,8.2,S,100,< 7 km,Hujan Ringan
Kel.Wosi,2025-08-29 10:00:00,29,75,1.3,12.2,SE,100,< 6 km,Hujan Ringan
Kel.Wosi,2025-08-29 11:00:00,29,76,1.3,12.2,SE,100,< 6 km,Hujan Ringan
Kel.Wosi,2025-08-29 12:00:00,28,82,1.3,6.8,S,100,< 6 km,Berawan
Kel.Wosi,2025-08-29 13:00:00,28,75,1.3,5.2,S,100,< 7 km,Hujan Ringan
Kel.Wosi,2025-08-29 14:00:00,28,79,1.3,5.2,S,100,< 7 km,Hujan Ringan
Kel.Wosi,2025-08-29 15:00:00,28,74,0.0,2.5,NW,100,< 6 km,Berawan
Kel.Wosi,2025-08-29 16:00:00,27,83,0.2,7.9,S,100,< 7 km,Berawan
Kel.Wosi,2025-08-29 17:00:00,27,86,0.2,7.9,S,100,< 7 km,Berawan
Kel.Wosi,2025-08-29 18:00:00,27,82,0.0,2.1,SW,95,< 6 km,Berawan
Kel.Wosi,2025-08-29 19:00:00,26,85,0.0,6.5,SE,100,< 7 km,Berawan
Kel.Wosi,2025-08-29 20:00:00,26,83,0.0,6.5,SE,91,< 7 km,Berawan
Kel.Wosi,2025-08-29 21:00:00,27,90,0.0,10.7,W,82,< 7 km,Cerah Berawan
Kel.Wosi,2025-08-29 22:00:00,27,81,0.0,10.9,SE,99,< 6 km,Berawan
Kel.Wosi,2025-08-29 23:00:00,27,82,0.0,10.9,SE,100,< 6 km,Berawan
Kel.Wosi,2025-08-30 00:00:00,25,86,0.0,7.8,S,100,< 9 km,Hujan Ringan
Kel.Wosi,2025-08-30 01:00:00,25,84,0.0,9.4,S,98,< 9 km,Berawan
Kel.Wosi,2025-08-30 02:00:00,26,85,0.0,15.3,SE,55,< 7 km,Cerah
Kel.Wosi,2025-08-30 03:00:00,26,83,0.0,9.4,S,99,< 9 km,Berawan
Kel.Wosi,2025-08-30 04:00:00,25,84,0.0,9.1,W,98,< 8 km,Berawan
Kel.Wosi,2025-08-30 05:00:00,26,87,0.0,24.8,SE,24,< 6 km,Cerah
Kel.Wosi,2025-08-30 06:00:00,25,88,0.0,9.1,W,93,< 8 km,Berawan
Kel.Wosi,2025-08-30 07:00:00,27,84,0.0,6.5,W,98,< 9 km,Berawan
Kel.Wosi,2025-08-30 08:00:00,28,79,0.0,27.8,SE,7,> 10 km,Cerah
Kel.Wosi,2025-08-30 09:00:00,29,76,0.0,6.5,W,90,< 9 km,Berawan
Kel.Wosi,2025-08-30 10:00:00,29,74,0.0,16.7,SE,87,< 8 km,Cerah Berawan
Kel.Wosi,2025-08-30 11:00:00,29,75,0.0,16.7,SE,22,< 8 km,Cerah
Kel.Wosi,2025-08-30 12:00:00,28,80,0.3,15.3,SE,42,< 8 km,Berawan
Kel.Wosi,2025-08-30 13:00:00,28,79,0.3,12.9,SE,25,< 8 km,Cerah
Kel.Wosi,2025-08-30 14:00:00,28,79,0.3,12.9,SE,40,< 8 km,Cerah
Kel.Wosi,2025-08-30 15:00:00,28,83,0.3,12.9,SE,89,< 8 km,Cerah Berawan
Kel.Wosi,2025-08-30 16:00:00,27,84,0.3,13.8,SW,89,< 8 km,Cerah Berawan
Kel.Wosi,2025-08-30 17:00:00,26,88,0.3,13.8,SW,97,< 8 km,Berawan
Kel.Wosi,2025-08-30 18:00:00,26,87,0.1,13.8,SW,52,< 8 km,Cerah
Kel.Wosi,2025-08-30 19:00:00,26,90,0.1,3.3,S,86,< 8 km,Cerah Berawan
Kel.Wosi,2025-08-30 20:00:00,26,88,0.1,3.3,S,66,< 8 km,Cerah Berawan
Kel.Wosi,2025-08-30 21:00:00,25,89,0.0,3.3,S,69,< 8 km,Cerah Berawan
Kel.Wosi,2025-08-30 22:00:00,25,92,0.0,9.9,W,99,< 8 km,Berawan
Kel.Wosi,2025-08-30 23:00:00,25,89,0.0,10.5,W,89,< 7 km,Cerah Berawan
Kel.Wosi,2025-08-31 00:00:00,25,88,0.0,10.5,W,98,< 7 km,Berawan
Kel.Wosi,2025-08-31 01:00:00,25,89,0.0,9.4,W,100,< 7 km,Berawan
Kel.Wosi,2025-08-31 02:00:00,25,91,0.0,9.4,W,99,< 7 km,Berawan
Kel.Wosi,2025-08-31 03:00:00,25,90,0.2,9.4,W,100,< 7 km,Berawan
Kel.Wosi,2025-08-31 04:00:00,25,88,0.2,5.1,SE,100,< 7 km,Berawan
Kel.Wosi,2025-08-31 05:00:00,25,88,0.2,5.1,SE,100,< 7 km,Berawan
Kel.Wosi,2025-08-31 06:00:00,26,88,0.0,5.1,SE,100,< 7 km,Berawan
Kel.Wosi,2025-08-31 07:00:00,27,84,0.0,8.6,E,100,< 6 km,Berawan
Kel.Wosi,2025-08-31 08:00:00,27,81,0.0,8.6,E,100,< 6 km,Berawan
Kel.Wosi,2025-08-31 09:00:00,28,78,0.0,8.6,E,100,< 6 km,Berawan
Kel.Wosi,2025-08-31 10:00:00,28,76,0.0,9.6,SE,100,< 7 km,Berawan
Kel.Wosi,2025-08-31 11:00:00,28,76,0.0,10.4,E,89,< 9 km,Hujan Ringan
Kel.Wosi,2025-08-31 12:00:00,28,77,0.1,10.4,E,97,< 9 km,Hujan Ringan
Kel.Wosi,2025-08-31 13:00:00,28,78,0.1,3.5,S,95,< 8 km,Berawan
Kel.Wosi,2025-08-31 14:00:00,29,76,0.1,3.5,S,82,< 8 km,Cerah Berawan
Kel.Wosi,2025-08-31 15:00:00,28,77,0.0,3.5,S,83,< 8 km,Cerah Berawan
Kel.Wosi,2025-08-31 16:00:00,28,79,0.0,6.8,SE,87,< 9 km,Cerah Berawan
Kel.Wosi,2025-08-31 17:00:00,27,85,0.0,6.8,SE,85,< 9 km,Cerah Berawan
Kel.Wosi,2025-08-31 18:00:00,27,87,0.0,6.8,SE,92,< 9 km,Berawan
Kel.Wosi,2025-08-31 19:00:00,27,87,0.0,7.3,SE,93,< 8 km,Berawan
Kel.Wosi,2025-08-31 20:00:00,26,86,0.0,7.3,SE,62,< 8 km,Cerah Berawan
Kel.Wosi,2025-08-31 21:00:00,26,86,0.1,7.3,SE,59,< 8 km,Cerah
Kel.Wosi,2025-08-31 22:00:00,26,85,0.1,13.7,SE,98,< 8 km,Berawan
Kel.Wosi,2025-08-31 23:00:00,26,86,0.1,13.7,SE,99,< 8 km,Berawan
Kel.Wosi,2025-09-01 00:00:00,25,90,0.2,5.8,E,97,< 7 km,Berawan
Kel.Wosi,2025-09-01 01:00:00,26,87,0.7,23.0,E,98,< 9 km,Berawan
Kel.Wosi,2025-09-01 02:00:00,26,87,0.7,23.0,E,100,< 9 km,Berawan
Kel.Wosi,2025-09-01 03:00:00,26,88,0.4,23.4,SE,98,< 7 km,Berawan
Kel.Wosi,2025-09-01 04:00:00,26,87,0.3,26.6,E,100,< 6 km,Berawan
Kel.Wosi,2025-09-01 05:00:00,26,87,0.3,26.6,E,100,< 6 km,Berawan
Kel.Wosi,2025-09-01 06:00:00,25,88,1.6,24.4,E,100,< 7 km,Hujan Ringan
Kel.Wosi,2025-09-01 07:00:00,26,88,0.9,27.7,E,100,< 7 km,Berawan
Kel.Wosi,2025-09-01 08:00:00,26,88,0.9,27.7,E,100,< 7 km,Berawan
Kel.Wosi,2025-09-01 09:00:00,26,88,0.5,27.1,E,100,< 7 km,Berawan
Kel.Wosi,2025-09-01 10:00:00,26,87,0.5,27.6,E,100,< 6 km,Hujan Ringan
Kel.Wosi,2025-09-01 11:00:00,26,88,0.9,22.4,E,100,< 5 km,Hujan Ringan
Kel.Wosi,2025-09-01 12:00:00,26,89,0.3,22.4,E,100,< 5 km,Hujan Ringan
Kel.Wosi,2025-09-01 13:00:00,26,88,0.3,24.1,E,100,< 7 km,Berawan
Kel.Wosi,2025-09-01 14:00:00,27,87,0.3,24.1,E,100,< 7 km,Berawan
Kel.Wosi,2025-09-01 15:00:00,27,86,0.0,24.1,E,100,< 7 km,Berawan
Kel.Wosi,2025-09-01 16:00:00,27,86,0.0,25.7,E,100,< 7 km,Berawan
Kel.Wosi,2025-09-01 17:00:00,27,87,0.0,25.7,E,100,< 7 km,Berawan
Kel.Wosi,2025-09-01 18:00:00,27,86,0.0,25.7,E,100,< 7 km,Berawan
Kel.Wosi,2025-09-01 19:00:00,27,86,0.0,26.4,E,100,< 7 km,Berawan
Kel.Wosi,2025-09-01 20:00:00,27,86,0.0,26.4,E,100,< 7 km,Berawan
Kel.Wosi,2025-09-01 21:00:00,27,84,0.2,26.4,E,98,< 7 km,Berawan
Kel.Wosi,2025-09-01 22:00:00,27,82,0.2,30.2,E,98,< 7 km,Hujan Ringan
Kel.Wosi,2025-09-01 23:00:00,27,85,0.2,30.2,E,90,< 7 km,Berawan
Kel.Wosi,2025-09-02 00:00:00,26,86,0.5,29.0,E,99,> 10 km,Berawan
Kel.Wosi,2025-09-02 01:00:00,26,86,0.5,24.1,E,99,< 7 km,Berawan
Kel.Wosi,2025-09-02 02:00:00,26,87,0.5,22.5,E,100,< 6 km,Berawan
Kel.Wosi,2025-09-02 03:00:00,26,88,1.1,24.1,E,100,< 7 km,Hujan Ringan
Kel.Wosi,2025-09-02 04:00:00,26,88,1.1,21.2,E,100,> 10 km,Hujan Ringan
Kel.Wosi,2025-09-02 05:00:00,26,86,0.2,22.3,E,100,< 6 km,Berawan
Kel.Wosi,2025-09-02 06:00:00,26,86,0.8,21.2,E,100,> 10 km,Berawan
Kel.Wosi,2025-09-02 07:00:00,26,85,0.8,25.3,E,100,< 8 km,Berawan
Kel.Wosi,2025-09-02 08:00:00,26,86,0.8,25.3,E,100,< 8 km,Berawan
Kel.Wosi,2025-09-02 09:00:00,26,88,0.5,25.3,E,100,< 8 km,Hujan Ringan
Kel.Wosi,2025-09-02 10:00:00,26,86,0.5,22.3,E,100,> 10 km,Hujan Ringan
Kel.Wosi,2025-09-02 11:00:00,28,79,0.2,21.7,E,100,< 9 km,Hujan Ringan
Kel.Wosi,2025-09-02 12:00:00,28,79,0.1,21.7,E,99,< 9 km,Hujan Ringan
Kel.Wosi,2025-09-02 13:00:00,28,79,0.1,14.8,NE,99,< 9 km,Hujan Ringan
Kel.Wosi,2025-09-02 14:00:00,27,81,0.1,14.8,NE,95,< 9 km,Hujan Ringan
Kel.Wosi,2025-09-02 15:00:00,28,81,0.1,14.8,NE,85,< 9 km,Cerah Berawan
Kel.Wosi,2025-09-02 16:00:00,27,81,0.1,7.7,E,86,< 9 km,Cerah Berawan
Kel.Wosi,2025-09-02 17:00:00,27,82,0.1,7.7,E,82,< 9 km,Cerah Berawan
Kel.Wosi,2025-09-02 18:00:00,27,82,0.0,7.7,E,92,< 9 km,Berawan
Kel.Wosi,2025-09-02 19:00:00,27,81,0.0,16.4,E,66,< 8 km,Hujan Ringan
Kel.Wosi,2025-09-02 20:00:00,27,82,0.0,16.4,E,65,< 8 km,Cerah Berawan
Kel.Wosi,2025-09-02 21:00:00,27,83,0.1,16.4,E,37,< 8 km,Cerah
Kel.Wosi,2025-09-02 22:00:00,27,83,0.1,22.4,E,31,< 8 km,Cerah
Kel.Wosi,2025-09-02 23:00:00,27,83,0.1,22.4,E,32,< 8 km,Cerah
Kel.Wosi,2025-09-03 00:00:00,26,86,0.8,22.4,E,74,< 8 km,Cerah Berawan
Kel.Wosi,2025-09-03 01:00:00,26,86,0.8,27.7,E,81,< 8 km,Cerah Berawan
Kel.Wosi,2025-09-03 02:00:00,25,90,0.8,27.7,E,92,< 8 km,Berawan
Kel.Wosi,2025-09-03 03:00:00,25,90,0.2,27.7,E,79,< 8 km,Cerah Berawan
Kel.Wosi,2025-09-03 04:00:00,25,89,0.2,18.9,E,33,< 8 km,Cerah
Kel.Wosi,2025-09-03 05:00:00,25,88,0.2,18.9,E,24,< 8 km,Cerah
Kel.Wosi,2025-09-03 06:00:00,26,85,0.1,18.9,E,34,< 8 km,Cerah
Kel.Wosi,2025-09-03 07:00:00,26,82,0.1,24.1,SE,34,< 9 km,Cerah
Kel.Wosi,2025-09-03 08:00:00,27,80,0.1,24.1,SE,38,< 9 km,Cerah
Kel.Wosi,2025-09-03 09:00:00,26,83,0.1,24.1,SE,25,< 9 km,Cerah
Kel.Wosi,2025-09-03 10:00:00,27,80,0.1,22.1,E,41,< 9 km,Cerah
Kel.Wosi,2025-09-03 11:00:00,27,79,0.1,20.9,E,21,< 9 km,Cerah
Kel.Wosi,2025-09-03 12:00:00,28,81,0.0,22.1,E,25,< 9 km,Cerah
Kel.Wosi,2025-09-03 13:00:00,28,80,0.0,14.9,E,18,< 8 km,Cerah
Kel.Wosi,2025-09-03 14:00:00,28,80,0.0,14.9,E,13,< 8 km,Hujan Ringan
Kel.Wosi,2025-09-03 15:00:00,28,80,0.1,14.9,E,20,< 8 km,Hujan Ringan
Kel.Wosi,2025-09-03 16:00:00,28,78,0.1,8.8,E,32,< 9 km,Cerah
Kel.Wosi,2025-09-03 17:00:00,27,81,0.1,8.8,E,41,< 9 km,Cerah
Kel.Wosi,2025-09-03 18:00:00,27,82,0.1,8.8,E,29,< 9 km,Cerah
Kel.Wosi,2025-09-03 19:00:00,27,82,0.1,8.3,E,29,< 9 km,Cerah
Kel.Wosi,2025-09-03 20:00:00,27,83,0.1,8.3,E,56,< 9 km,Cerah
Kel.Wosi,2025-09-03 21:00:00,26,85,1.2,8.3,E,85,< 9 km,Hujan Ringan
Kel.Wosi,2025-09-03 22:00:00,25,88,1.2,13.1,E,97,< 8 km,Hujan Ringan
Kel.Wosi,2025-09-03 23:00:00,25,90,1.2,13.1,E,99,< 8 km,Hujan Ringan
Kel.Wosi,2025-09-04 00:00:00,25,89,0.4,0.5,SE,99,< 7 km,Berawan
Kel.Wosi,2025-09-04 01:00:00,24,89,0.4,8.7,E,99,< 6 km,Berawan
Kel.Wosi,2025-09-04 02:00:00,25,89,0.4,16.6,SE,94,< 8 km,Berawan
Kel.Wosi,2025-09-04 03:00:00,24,91,0.6,8.7,E,96,< 6 km,Berawan
Kel.Wosi,2025-09-04 04:00:00,24,91,0.6,12.4,SE,83,< 6 km,Cerah Berawan
Kel.Wosi,2025-09-04 05:00:00,25,91,1.3,17.7,SE,98,< 8 km,Hujan Ringan
Kel.Wosi,2025-09-04 06:00:00,25,90,0.3,12.4,SE,99,< 6 km,Berawan
Kel.Wosi,2025-09-04 07:00:00,26,87,0.3,15.6,SE,45,< 7 km,Cerah
Kel.Wosi,2025-09-04 08:00:00,26,84,0.3,15.6,SE,57,< 7 km,Cerah
Kel.Wosi,2025-09-04 09:00:00,27,81,0.1,15.6,SE,44,< 7 km,Cerah
Kel.Wosi,2025-09-04 10:00:00,28,78,0.1,24.1,E,70,< 7 km,Cerah Berawan
Kel.Wosi,2025-09-04 11:00:00,28,80,0.1,24.1,E,35,< 7 km,Hujan Ringan
Kel.Wosi,2025-09-04 12:00:00,27,79,1.3,17.9,SE,33,< 7 km,Hujan Ringan
Kel.Wosi,2025-09-04 13:00:00,28,78,0.0,20.0,SE,50,< 7 km,Cerah
Kel.Wosi,2025-09-04 14:00:00,28,79,1.3,15.9,SE,93,< 6 km,Hujan Ringan
Kel.Wosi,2025-09-04 15:00:00,28,79,1.3,15.9,SE,90,< 6 km,Hujan Ringan
Kel.Wosi,2025-09-04 16:00:00,27,80,1.3,13.1,SE,90,< 7 km,Berawan
Kel.Wosi,2025-09-04 17:00:00,27,83,1.3,13.1,SE,100,< 7 km,Hujan Ringan
Kel.Wosi,2025-09-04 18:00:00,27,84,0.0,13.1,SE,100,< 7 km,Hujan Ringan
Kel.Wosi,2025-09-04 19:00:00,27,83,0.0,18.3,SE,100,< 6 km,Hujan Ringan
Kel.Wosi,2025-09-04 20:00:00,27,83,0.0,18.3,SE,100,< 6 km,Berawan
Kel.Wosi,2025-09-04 21:00:00,27,83,0.3,18.3,SE,100,< 6 km,Berawan
Kel.Wosi,2025-09-04 22:00:00,26,83,0.3,28.2,E,99,< 6 km,Berawan
Kel.Wosi,2025-09-04 23:00:00,26,86,0.3,28.2,E,98,< 6 km,Berawan
Kel.Wosi,2025-09-05 00:00:00,26,87,0.9,28.2,E,98,< 6 km,Berawan
Kel.Wosi,2025-09-05 01:00:00,25,88,0.9,16.9,E,100,< 6 km,Berawan
Kel.Wosi,2025-09-05 02:00:00,26,89,0.9,16.9,E,99,< 6 km,Berawan
Kel.Wosi,2025-09-05 03:00:00,25,89,1.9,16.9,E,98,< 6 km,Hujan Ringan
Kel.Wosi,2025-09-05 04:00:00,25,90,1.9,19.1,E,98,< 6 km,Hujan Ringan
Kel.Wosi,2025-09-05 05:00:00,25,89,1.9,19.1,E,99,< 6 km,Hujan Ringan
Kel.Wosi,2025-09-05 06:00:00,26,90,0.6,19.1,E,100,< 6 km,Berawan
Kel.Wosi,2025-09-05 07:00:00,26,88,0.6,19.4,E,92,< 6 km,Berawan
Kel.Wosi,2025-09-05 08:00:00,27,86,0.6,19.4,E,59,< 6 km,Cerah
Kel.Wosi,2025-09-05 09:00:00,27,85,1.3,19.4,E,81,< 6 km,Hujan Ringan
Kel.Wosi,2025-09-05 10:00:00,26,86,1.3,16.5,E,96,< 7 km,Hujan Ringan
Kel.Wosi,2025-09-05 11:00:00,26,87,1.3,16.5,E,78,< 7 km,Hujan Ringan
Kel.Wosi,2025-09-05 12:00:00,27,83,1.3,16.5,E,90,< 7 km,Hujan Ringan
Kel.Wosi,2025-09-05 13:00:00,28,80,1.3,8.4,E,92,< 7 km,Hujan Ringan
Kel.Wosi,2025-09-05 14:00:00,28,79,1.3,8.4,E,81,< 7 km,Hujan Ringan
Kel.Wosi,2025-09-05 15:00:00,28,78,0.0,8.4,E,99,< 7 km,Berawan
Kel.Wosi,2025-09-05 16:00:00,27,80,0.0,4.3,E,100,< 7 km,Berawan
Kel.Wosi,2025-09-05 17:00:00,27,83,0.0,4.3,E,100,< 7 km,Berawan
Kel.Wosi,2025-09-05 18:00:00,27,84,0.0,4.3,E,100,< 7 km,Berawan
Kel.Wosi,2025-09-05 19:00:00,27,83,0.0,10.2,E,99,< 6 km,Berawan
Kel.Wosi,2025-09-05 20:00:00,27,84,0.0,10.2,E,99,< 6 km,Berawan
Kel.Wosi,2025-09-05 21:00:00,26,85,0.2,10.2,E,99,< 6 km,Berawan
Kel.Wosi,2025-09-05 22:00:00,26,85,0.2,15.5,SE,100,< 7 km,Berawan
Kel.Wosi,2025-09-05 23:00:00,26,87,0.2,15.5,SE,100,< 7 km,Berawan
Kel.Wosi,2025-09-06 00:00:00,26,86,0.1,15.5,SE,100,< 7 km,Berawan
Kel.Wosi,2025-09-06 01:00:00,26,85,0.1,17.6,E,100,< 7 km,Berawan
Kel.Wosi,2025-09-06 02:00:00,26,86,0.1,17.6,E,100,< 7 km,Berawan
Kel.Wosi,2025-09-06 03:00:00,26,89,0.8,17.6,E,96,< 7 km,Berawan
Kel.Wosi,2025-09-06 04:00:00,26,88,0.8,21.2,E,89,< 6 km,Cerah Berawan
Kel.Wosi,2025-09-06 05:00:00,26,88,0.8,21.2,E,70,< 6 km,Cerah Berawan
Kel.Wosi,2025-09-06 06:00:00,26,88,0.0,21.2,E,41,< 6 km,Cerah
Kel.Wosi,2025-09-06 07:00:00,27,84,0.0,21.2,E,39,< 6 km,Cerah
Kel.Wosi,2025-09-06 08:00:00,28,82,0.0,21.2,E,20,< 6 km,Cerah
Kel.Wosi,2025-09-06 09:00:00,28,78,0.1,21.2,E,46,< 6 km,Cerah
Kel.Wosi,2025-09-06 10:00:00,28,80,0.1,21.2,E,27,< 6 km,Cerah
Kel.Wosi,2025-09-06 11:00:00,29,78,0.1,21.2,E,25,< 6 km,Cerah
Kel.Wosi,2025-09-06 12:00:00,29,76,0.1,11.7,E,18,< 6 km,Cerah
Kel.Wosi,2025-09-06 13:00:00,29,76,0.1,11.7,E,18,< 6 km,Cerah
Kel.Wosi,2025-09-06 14:00:00,29,77,0.1,11.7,E,61,< 6 km,Cerah Berawan
Kel.Wosi,2025-09-06 15:00:00,28,77,0.7,11.7,E,97,< 6 km,Berawan
Kel.Wosi,2025-09-06 16:00:00,28,78,0.7,11.7,E,96,< 6 km,Berawan
Kel.Wosi,2025-09-06 17:00:00,28,82,0.7,11.7,E,96,< 6 km,Berawan
Kel.Wosi,2025-09-06 18:00:00,27,84,0.7,8.1,NW,98,< 7 km,Berawan
Kel.Wosi,2025-09-06 19:00:00,26,91,0.7,8.1,NW,100,< 7 km,Berawan
Kel.Wosi,2025-09-06 20:00:00,26,91,0.7,8.1,NW,99,< 7 km,Berawan
Kel.Wosi,2025-09-06 21:00:00,26,90,1.0,8.1,NW,95,< 7 km,Berawan
Kel.Wosi,2025-09-06 22:00:00,25,91,1.0,8.1,NW,96,< 7 km,Berawan
Kel.Wosi,2025-09-06 23:00:00,25,91,1.0,8.1,NW,97,< 7 km,Berawan
Kp.Ingramui,2025-08-20 22:00:00,25,91,1.3,22.3,E,100,< 6 km,Hujan Ringan
Kp.Ingramui,2025-08-21 00:00:00,25,91,1.3,18.1,E,100,< 7 km,Hujan Ringan
Kp.Ingramui,2025-08-21 01:00:00,25,90,1.3,21.6,E,100,< 6 km,Hujan Ringan
Kp.Ingramui,2025-08-21 02:00:00,25,90,1.3,18.7,E,100,< 6 km,Hujan Ringan
Kp.Ingramui,2025-08-21 03:00:00,25,90,0.6,18.7,E,100,< 6 km,Hujan Ringan
Kp.Ingramui,2025-08-21 04:00:00,25,90,0.6,13.2,E,100,< 6 km,Berawan
Kp.Ingramui,2025-08-21 05:00:00,25,90,0.6,7.8,E,100,< 6 km,Hujan Ringan
Kp.Ingramui,2025-08-21 06:00:00,25,91,1.3,7.8,E,100,< 6 km,Hujan Ringan
Kp.Ingramui,2025-08-21 07:00:00,26,89,1.3,15.4,SE,100,< 7 km,Hujan Ringan
Kp.Ingramui,2025-08-21 08:00:00,25,91,1.3,8.9,E,100,< 5 km,Hujan Ringan
Kp.Ingramui,2025-08-21 09:00:00,25,90,1.3,8.9,E,100,< 5 km,Hujan Ringan
Kp.Ingramui,2025-08-21 10:00:00,25,91,1.3,7.6,E,100,< 6 km,Hujan Ringan
Kp.Ingramui,2025-08-21 11:00:00,25,91,1.3,2.2,SE,100,< 6 km,Hujan Ringan
Kp.Ingramui,2025-08-21 12:00:00,26,88,0.9,11.3,E,100,< 6 km,Berawan
Kp.Ingramui,2025-08-21 13:00:00,26,88,0.9,8.9,E,100,< 7 km,Berawan
Kp.Ingramui,2025-08-21 14:00:00,26,89,0.9,8.9,E,100,< 7 km,Berawan
Kp.Ingramui,2025-08-21 15:00:00,25,89,1.0,8.9,E,100,< 7 km,Hujan Ringan
Kp.Ingramui,2025-08-21 16:00:00,25,90,1.0,1.6,W,100,< 8 km,Hujan Ringan
Kp.Ingramui,2025-08-21 17:00:00,25,90,1.0,1.6,W,100,< 8 km,Hujan Ringan
Kp.Ingramui,2025-08-21 18:00:00,25,91,0.0,1.6,W,98,< 8 km,Hujan Ringan
Kp.Ingramui,2025-08-21 19:00:00,25,92,0.0,10.1,W,100,< 8 km,Hujan Ringan
Kp.Ingramui,2025-08-21 20:00:00,25,93,0.0,10.1,W,100,< 8 km,Berawan
Kp.Ingramui,2025-08-21 21:00:00,24,92,1.6,10.1,W,100,< 8 km,Hujan Ringan
Kp.Ingramui,2025-08-21 22:00:00,24,94,1.6,8.6,NW,100,< 7 km,Hujan Ringan
Kp.Ingramui,2025-08-21 23:00:00,24,93,1.6,8.6,NW,100,< 7 km,Hujan Ringan
Kp.Ingramui,2025-08-22 00:00:00,24,92,0.4,11.6,W,100,< 7 km,Berawan
Kp.Ingramui,2025-08-22 01:00:00,24,93,0.4,4.0,SW,100,< 9 km,Berawan
Kp.Ingramui,2025-08-22 02:00:00,24,92,0.4,4.0,SW,100,< 9 km,Berawan
Kp.Ingramui,2025-08-22 03:00:00,24,92,0.1,4.0,SW,100,< 9 km,Berawan
Kp.Ingramui,2025-08-22 04:00:00,24,90,0.1,3.2,S,100,> 10 km,Berawan
Kp.Ingramui,2025-08-22 05:00:00,24,90,0.1,3.2,S,100,> 10 km,Berawan
Kp.Ingramui,2025-08-22 06:00:00,24,90,0.0,3.2,S,100,> 10 km,Berawan
Kp.Ingramui,2025-08-22 07:00:00,25,90,0.0,1.9,E,100,> 10 km,Berawan
Kp.Ingramui,2025-08-22 08:00:00,26,86,0.0,1.9,E,100,> 10 km,Berawan
Kp.Ingramui,2025-08-22 09:00:00,26,87,0.1,1.9,E,100,> 10 km,Berawan
Kp.Ingramui,2025-08-22 10:00:00,27,84,0.1,4.6,SE,100,> 10 km,Berawan
Kp.Ingramui,2025-08-22 11:00:00,28,77,0.1,4.3,S,100,< 9 km,Berawan
Kp.Ingramui,2025-08-22 12:00:00,28,76,0.3,4.3,S,100,< 9 km,Hujan Ringan
Kp.Ingramui,2025-08-22 13:00:00,28,77,0.1,5.1,SE,99,> 10 km,Berawan
Kp.Ingramui,2025-08-22 14:00:00,28,77,0.3,3.8,E,98,< 8 km,Hujan Ringan
Kp.Ingramui,2025-08-22 15:00:00,27,78,0.5,3.8,E,100,< 8 km,Hujan Ringan
Kp.Ingramui,2025-08-22 16:00:00,27,82,0.5,11.8,W,100,< 9 km,Berawan
Kp.Ingramui,2025-08-22 17:00:00,26,86,0.5,11.8,W,100,< 9 km,Berawan
Kp.Ingramui,2025-08-22 18:00:00,26,87,0.1,11.8,W,100,< 9 km,Berawan
Kp.Ingramui,2025-08-22 19:00:00,26,88,0.1,12.6,W,99,< 8 km,Berawan
Kp.Ingramui,2025-08-22 20:00:00,25,88,0.1,12.6,W,100,< 8 km,Berawan
Kp.Ingramui,2025-08-22 21:00:00,25,89,0.1,12.6,W,100,< 8 km,Berawan
Kp.Ingramui,2025-08-22 22:00:00,25,89,0.1,5.6,SW,99,< 9 km,Berawan
Kp.Ingramui,2025-08-22 23:00:00,25,90,0.1,5.6,SW,100,< 9 km,Berawan
Kp.Ingramui,2025-08-23 00:00:00,25,91,0.2,7.6,W,100,< 9 km,Berawan
Kp.Ingramui,2025-08-23 01:00:00,24,91,0.2,8.5,W,98,< 8 km,Berawan
Kp.Ingramui,2025-08-23 02:00:00,24,90,0.2,8.5,W,99,< 8 km,Berawan
Kp.Ingramui,2025-08-23 03:00:00,24,90,0.2,8.5,W,99,< 8 km,Hujan Ringan
Kp.Ingramui,2025-08-23 04:00:00,24,90,0.2,2.1,SW,100,< 8 km,Berawan
Kp.Ingramui,2025-08-23 05:00:00,24,88,0.2,2.1,SW,100,< 8 km,Berawan
Kp.Ingramui,2025-08-23 06:00:00,25,90,0.7,2.1,SW,100,< 8 km,Berawan
Kp.Ingramui,2025-08-23 07:00:00,25,89,0.7,9.4,NW,100,< 8 km,Hujan Ringan
Kp.Ingramui,2025-08-23 08:00:00,26,87,0.7,9.4,NW,100,< 8 km,Hujan Ringan
Kp.Ingramui,2025-08-23 09:00:00,26,86,0.1,9.4,NW,99,< 8 km,Hujan Ringan
Kp.Ingramui,2025-08-23 10:00:00,27,81,0.1,5.5,NE,100,< 9 km,Hujan Ringan
Kp.Ingramui,2025-08-23 11:00:00,26,91,1.3,0.7,NW,100,< 6 km,Hujan Ringan
Kp.Ingramui,2025-08-23 12:00:00,26,89,0.9,0.7,NW,100,< 6 km,Hujan Ringan
Kp.Ingramui,2025-08-23 13:00:00,26,90,0.9,4.5,NW,100,< 6 km,Hujan Ringan
Kp.Ingramui,2025-08-23 14:00:00,26,89,0.9,4.5,NW,100,< 6 km,Hujan Ringan
Kp.Ingramui,2025-08-23 15:00:00,26,89,1.3,4.5,NW,100,< 6 km,Hujan Ringan
Kp.Ingramui,2025-08-23 16:00:00,25,90,1.3,5.2,W,100,< 6 km,Hujan Ringan
Kp.Ingramui,2025-08-23 17:00:00,25,92,1.3,5.2,W,100,< 6 km,Hujan Ringan
Kp.Ingramui,2025-08-23 18:00:00,25,92,0.6,5.2,W,100,< 6 km,Berawan
Kp.Ingramui,2025-08-23 19:00:00,25,91,0.6,3.3,NW,100,< 7 km,Berawan
Kp.Ingramui,2025-08-23 20:00:00,25,90,0.6,3.3,NW,100,< 7 km,Berawan
Kp.Ingramui,2025-08-23 21:00:00,25,90,0.0,3.3,NW,100,< 7 km,Berawan
Kp.Ingramui,2025-08-23 22:00:00,25,91,0.0,5.8,SW,98,< 6 km,Berawan
Kp.Ingramui,2025-08-23 23:00:00,25,91,0.0,5.8,SW,100,< 6 km,Berawan
Kp.Ingramui,2025-08-24 00:00:00,24,91,0.0,5.8,SW,100,< 6 km,Berawan
Kp.Ingramui,2025-08-24 01:00:00,26,89,0.1,13.5,SE,100,< 7 km,Berawan
Kp.Ingramui,2025-08-24 02:00:00,24,91,0.0,7.5,SE,100,< 7 km,Berawan
Kp.Ingramui,2025-08-24 03:00:00,25,92,0.2,7.5,SE,100,< 7 km,Berawan
Kp.Ingramui,2025-08-24 04:00:00,24,92,1.3,11.6,SE,100,< 7 km,Hujan Ringan
Kp.Ingramui,2025-08-24 05:00:00,25,88,0.2,13.6,SE,100,< 7 km,Berawan
Kp.Ingramui,2025-08-24 06:00:00,26,89,1.3,13.6,SE,100,< 7 km,Hujan Ringan
Kp.Ingramui,2025-08-24 07:00:00,25,90,0.3,12.6,E,100,< 7 km,Berawan
Kp.Ingramui,2025-08-24 08:00:00,26,87,1.3,11.1,E,100,< 6 km,Hujan Ringan
Kp.Ingramui,2025-08-24 09:00:00,26,89,1.4,12.6,E,100,< 7 km,Hujan Ringan
Kp.Ingramui,2025-08-24 10:00:00,26,88,1.4,16.4,SE,100,< 6 km,Hujan Ringan
Kp.Ingramui,2025-08-24 11:00:00,27,83,0.8,10.3,E,37,< 6 km,Cerah
Kp.Ingramui,2025-08-24 12:00:00,26,86,0.0,16.4,SE,56,< 6 km,Hujan Ringan
Kp.Ingramui,2025-08-24 13:00:00,27,80,0.0,10.8,SE,73,< 6 km,Cerah Berawan
Kp.Ingramui,2025-08-24 14:00:00,28,78,1.3,5.6,E,79,< 7 km,Hujan Ringan
Kp.Ingramui,2025-08-24 15:00:00,27,80,0.0,10.8,SE,55,< 6 km,Cerah
Kp.Ingramui,2025-08-24 16:00:00,27,82,0.0,8.2,SE,62,< 7 km,Cerah Berawan
Kp.Ingramui,2025-08-24 17:00:00,26,85,0.3,7.2,SE,63,< 8 km,Cerah Berawan
Kp.Ingramui,2025-08-24 18:00:00,26,84,0.0,8.2,SE,95,< 7 km,Berawan
Kp.Ingramui,2025-08-24 19:00:00,26,85,0.0,13.1,E,90,< 8 km,Cerah Berawan
Kp.Ingramui,2025-08-24 20:00:00,27,84,0.0,13.1,E,78,< 8 km,Cerah Berawan
Kp.Ingramui,2025-08-24 21:00:00,26,84,0.0,13.1,E,91,< 8 km,Berawan
Kp.Ingramui,2025-08-24 22:00:00,26,84,0.0,17.2,SE,66,< 8 km,Cerah Berawan
Kp.Ingramui,2025-08-24 23:00:00,26,84,0.0,17.2,SE,34,< 8 km,Cerah
Kp.Ingramui,2025-08-25 00:00:00,26,84,1.4,17.2,SE,69,< 8 km,Hujan Ringan
Kp.Ingramui,2025-08-25 01:00:00,25,89,1.4,13.2,E,94,< 9 km,Hujan Ringan
Kp.Ingramui,2025-08-25 02:00:00,25,91,1.4,13.2,E,99,< 9 km,Hujan Ringan
Kp.Ingramui,2025-08-25 03:00:00,25,89,0.8,13.2,E,75,< 9 km,Cerah Berawan
Kp.Ingramui,2025-08-25 04:00:00,25,90,0.8,15.8,SE,80,< 8 km,Cerah Berawan
Kp.Ingramui,2025-08-25 05:00:00,25,88,0.8,15.8,SE,63,< 8 km,Cerah Berawan
Kp.Ingramui,2025-08-25 06:00:00,26,88,0.1,15.8,SE,55,< 8 km,Cerah
Kp.Ingramui,2025-08-25 07:00:00,27,84,0.1,17.0,SE,31,< 9 km,Cerah
Kp.Ingramui,2025-08-25 08:00:00,27,83,0.1,17.0,SE,52,< 9 km,Cerah
Kp.Ingramui,2025-08-25 09:00:00,26,84,0.0,5.7,SW,100,> 10 km,Berawan
Kp.Ingramui,2025-08-25 10:00:00,28,79,2.0,18.7,SE,41,< 8 km,Hujan Ringan
Kp.Ingramui,2025-08-25 11:00:00,28,76,0.3,5.7,NW,69,< 9 km,Hujan Ringan
Kp.Ingramui,2025-08-25 12:00:00,28,77,0.0,4.0,SE,98,> 10 km,Hujan Ringan
Kp.Ingramui,2025-08-25 13:00:00,28,78,2.0,13.2,SE,20,< 8 km,Hujan Ringan
Kp.Ingramui,2025-08-25 14:00:00,28,77,0.4,12.1,NW,76,< 8 km,Cerah Berawan
Kp.Ingramui,2025-08-25 15:00:00,28,77,0.2,8.9,S,79,> 10 km,Cerah Berawan
Kp.Ingramui,2025-08-25 16:00:00,27,82,2.0,8.0,SW,57,< 9 km,Hujan Ringan
Kp.Ingramui,2025-08-25 17:00:00,26,86,0.5,10.0,W,93,< 9 km,Berawan
Kp.Ingramui,2025-08-25 18:00:00,26,89,0.0,13.2,W,92,> 10 km,Berawan
Kp.Ingramui,2025-08-25 19:00:00,26,88,0.2,13.6,W,27,< 9 km,Cerah
Kp.Ingramui,2025-08-25 20:00:00,26,89,0.0,6.4,W,72,< 9 km,Cerah Berawan
Kp.Ingramui,2025-08-25 21:00:00,25,91,0.0,8.5,W,73,> 10 km,Cerah Berawan
Kp.Ingramui,2025-08-25 22:00:00,25,89,0.1,7.9,W,56,< 9 km,Cerah
Kp.Ingramui,2025-08-25 23:00:00,24,91,0.0,9.8,SW,100,> 10 km,Berawan
Kp.Ingramui,2025-08-26 00:00:00,24,91,0.0,7.5,SW,90,> 10 km,Cerah Berawan
Kp.Ingramui,2025-08-26 01:00:00,24,91,0.0,8.0,SW,100,< 10 km,Berawan
Kp.Ingramui,2025-08-26 02:00:00,24,91,0.0,8.0,SW,99,< 10 km,Berawan
Kp.Ingramui,2025-08-26 03:00:00,24,90,0.0,7.3,SW,87,> 10 km,Cerah Berawan
Kp.Ingramui,2025-08-26 04:00:00,24,90,0.0,6.4,S,100,> 10 km,Berawan
Kp.Ingramui,2025-08-26 05:00:00,24,89,0.0,6.4,S,100,> 10 km,Berawan
Kp.Ingramui,2025-08-26 06:00:00,24,89,0.0,7.0,SW,94,> 10 km,Berawan
Kp.Ingramui,2025-08-26 07:00:00,26,88,0.0,4.3,SE,100,> 10 km,Berawan
Kp.Ingramui,2025-08-26 08:00:00,27,83,0.0,4.3,SE,100,> 10 km,Berawan
Kp.Ingramui,2025-08-26 09:00:00,28,79,0.0,4.3,SE,100,> 10 km,Berawan
Kp.Ingramui,2025-08-26 10:00:00,28,76,0.0,7.5,SE,100,> 10 km,Berawan
Kp.Ingramui,2025-08-26 11:00:00,28,76,0.0,7.5,SE,96,> 10 km,Hujan Ringan
Kp.Ingramui,2025-08-26 12:00:00,28,78,1.3,4.0,SE,100,< 6 km,Hujan Ringan
Kp.Ingramui,2025-08-26 13:00:00,29,75,0.4,4.6,W,66,> 10 km,Cerah Berawan
Kp.Ingramui,2025-08-26 14:00:00,28,77,0.4,4.6,W,88,> 10 km,Cerah Berawan
Kp.Ingramui,2025-08-26 15:00:00,27,84,1.3,7.2,W,97,< 6 km,Hujan Ringan
Kp.Ingramui,2025-08-26 16:00:00,26,86,1.0,9.3,W,100,< 10 km,Berawan
Kp.Ingramui,2025-08-26 17:00:00,26,88,1.0,9.3,W,100,< 10 km,Berawan
Kp.Ingramui,2025-08-26 18:00:00,25,93,0.2,7.9,S,99,< 7 km,Berawan
Kp.Ingramui,2025-08-26 19:00:00,24,92,1.4,10.9,NW,98,< 10 km,Hujan Ringan
Kp.Ingramui,2025-08-26 20:00:00,24,91,1.4,10.9,NW,96,< 10 km,Hujan Ringan
Kp.Ingramui,2025-08-26 21:00:00,25,90,0.0,10.8,SE,94,< 6 km,Berawan
Kp.Ingramui,2025-08-26 22:00:00,25,89,0.0,8.1,SE,98,< 7 km,Berawan
Kp.Ingramui,2025-08-26 23:00:00,25,89,0.0,8.1,SE,96,< 7 km,Berawan
Kp.Ingramui,2025-08-27 00:00:00,25,89,0.0,8.1,SE,99,< 7 km,Berawan
Kp.Ingramui,2025-08-27 01:00:00,25,89,0.0,6.6,E,100,< 7 km,Berawan
Kp.Ingramui,2025-08-27 02:00:00,25,89,0.0,5.1,S,100,< 7 km,Berawan
Kp.Ingramui,2025-08-27 03:00:00,25,89,0.0,5.1,S,100,< 7 km,Berawan
Kp.Ingramui,2025-08-27 04:00:00,26,86,1.3,13.7,E,100,< 7 km,Hujan Ringan
Kp.Ingramui,2025-08-27 05:00:00,25,88,0.0,0.8,S,100,< 6 km,Berawan
Kp.Ingramui,2025-08-27 06:00:00,25,89,0.2,0.8,S,100,< 6 km,Berawan
Kp.Ingramui,2025-08-27 07:00:00,26,86,0.1,14.8,E,100,< 7 km,Berawan
Kp.Ingramui,2025-08-27 08:00:00,27,86,0.2,6.0,W,99,< 6 km,Berawan
Kp.Ingramui,2025-08-27 09:00:00,27,84,0.4,6.0,W,100,< 6 km,Berawan
Kp.Ingramui,2025-08-27 10:00:00,28,80,0.1,13.3,E,100,< 6 km,Hujan Ringan
Kp.Ingramui,2025-08-27 11:00:00,27,81,0.4,6.9,N,98,< 6 km,Berawan
Kp.Ingramui,2025-08-27 12:00:00,28,80,1.3,6.9,N,89,< 6 km,Hujan Ringan
Kp.Ingramui,2025-08-27 13:00:00,28,79,2.0,10.6,W,100,< 7 km,Hujan Ringan
Kp.Ingramui,2025-08-27 14:00:00,26,89,2.0,10.6,W,100,< 7 km,Hujan Ringan
Kp.Ingramui,2025-08-27 15:00:00,25,92,0.7,10.6,W,100,< 7 km,Hujan Ringan
Kp.Ingramui,2025-08-27 16:00:00,25,92,0.7,15.3,W,100,< 9 km,Berawan
Kp.Ingramui,2025-08-27 17:00:00,25,92,0.7,15.3,W,100,< 9 km,Hujan Ringan
Kp.Ingramui,2025-08-27 18:00:00,25,93,0.2,15.3,W,100,< 9 km,Berawan
Kp.Ingramui,2025-08-27 19:00:00,25,93,0.2,10.7,W,100,< 8 km,Berawan
Kp.Ingramui,2025-08-27 20:00:00,25,92,0.2,10.7,W,100,< 8 km,Hujan Ringan
Kp.Ingramui,2025-08-27 21:00:00,24,94,0.5,10.7,W,100,< 8 km,Berawan
Kp.Ingramui,2025-08-27 22:00:00,24,93,0.5,7.0,SE,100,< 8 km,Berawan
Kp.Ingramui,2025-08-27 23:00:00,24,93,0.5,7.0,SE,100,< 8 km,Hujan Ringan
Kp.Ingramui,2025-08-28 00:00:00,24,93,0.0,7.0,SE,98,< 8 km,Hujan Ringan
Kp.Ingramui,2025-08-28 01:00:00,25,91,0.0,12.6,SE,100,< 8 km,Hujan Ringan
Kp.Ingramui,2025-08-28 02:00:00,25,91,0.0,12.6,SE,100,< 8 km,Berawan
Kp.Ingramui,2025-08-28 03:00:00,25,90,0.0,12.6,SE,100,< 8 km,Berawan
Kp.Ingramui,2025-08-28 04:00:00,25,90,0.0,5.2,SW,100,< 8 km,Berawan
Kp.Ingramui,2025-08-28 05:00:00,24,91,0.0,5.2,SW,100,< 8 km,Berawan
Kp.Ingramui,2025-08-28 06:00:00,25,92,0.0,5.2,SW,100,< 8 km,Berawan
Kp.Ingramui,2025-08-28 07:00:00,26,91,0.0,6.1,S,99,< 8 km,Berawan
Kp.Ingramui,2025-08-28 08:00:00,27,82,0.0,6.1,S,100,< 8 km,Berawan
Kp.Ingramui,2025-08-28 09:00:00,28,80,0.0,6.1,S,100,< 8 km,Berawan
Kp.Ingramui,2025-08-28 10:00:00,28,75,0.0,9.5,SE,93,< 9 km,Berawan
Kp.Ingramui,2025-08-28 11:00:00,28,72,0.0,9.5,SE,52,< 9 km,Cerah
Kp.Ingramui,2025-08-28 12:00:00,28,71,2.0,9.5,SE,81,< 9 km,Hujan Ringan
Kp.Ingramui,2025-08-28 13:00:00,28,70,2.0,6.7,S,96,< 9 km,Hujan Ringan
Kp.Ingramui,2025-08-28 14:00:00,29,70,2.0,6.7,S,81,< 9 km,Hujan Ringan
Kp.Ingramui,2025-08-28 15:00:00,28,75,2.0,6.7,S,99,< 9 km,Hujan Ringan
Kp.Ingramui,2025-08-28 16:00:00,28,80,2.0,12.9,SW,99,< 9 km,Hujan Ringan
Kp.Ingramui,2025-08-28 17:00:00,27,85,2.0,12.9,SW,95,< 9 km,Hujan Ringan
Kp.Ingramui,2025-08-28 18:00:00,26,81,0.0,9.0,S,99,< 9 km,Berawan
Kp.Ingramui,2025-08-28 19:00:00,25,90,1.0,9.1,S,73,< 8 km,Cerah Berawan
Kp.Ingramui,2025-08-28 20:00:00,26,85,0.0,3.7,S,34,< 8 km,Cerah
Kp.Ingramui,2025-08-28 21:00:00,26,85,0.0,3.7,S,24,< 8 km,Cerah
Kp.Ingramui,2025-08-28 22:00:00,26,85,0.0,6.5,SE,43,< 8 km,Cerah
Kp.Ingramui,2025-08-28 23:00:00,26,88,0.0,14.6,W,100,< 6 km,Berawan
Kp.Ingramui,2025-08-29 00:00:00,25,87,0.0,14.6,W,100,< 6 km,Berawan
Kp.Ingramui,2025-08-29 01:00:00,25,87,0.0,12.8,W,100,< 6 km,Berawan
Kp.Ingramui,2025-08-29 02:00:00,25,87,0.0,12.8,W,100,< 6 km,Berawan
Kp.Ingramui,2025-08-29 03:00:00,25,87,0.0,12.8,W,100,< 6 km,Berawan
Kp.Ingramui,2025-08-29 04:00:00,25,85,0.0,10.9,SW,100,< 7 km,Berawan
Kp.Ingramui,2025-08-29 05:00:00,25,84,0.0,10.9,SW,100,< 7 km,Berawan
Kp.Ingramui,2025-08-29 06:00:00,25,84,0.0,10.9,SW,87,< 7 km,Cerah Berawan
Kp.Ingramui,2025-08-29 07:00:00,27,82,0.0,8.2,S,96,< 7 km,Berawan
Kp.Ingramui,2025-08-29 08:00:00,28,78,0.0,8.2,S,99,< 7 km,Berawan
Kp.Ingramui,2025-08-29 09:00:00,29,75,1.3,8.2,S,100,< 7 km,Hujan Ringan
Kp.Ingramui,2025-08-29 10:00:00,29,75,1.3,12.2,SE,100,< 6 km,Hujan Ringan
Kp.Ingramui,2025-08-29 11:00:00,29,75,1.3,12.2,SE,100,< 6 km,Hujan Ringan
Kp.Ingramui,2025-08-29 12:00:00,28,82,1.3,6.8,S,100,< 6 km,Berawan
Kp.Ingramui,2025-08-29 13:00:00,28,76,1.3,5.2,S,100,< 7 km,Hujan Ringan
Kp.Ingramui,2025-08-29 14:00:00,28,79,1.3,5.2,S,100,< 7 km,Hujan Ringan
Kp.Ingramui,2025-08-29 15:00:00,28,75,0.0,2.5,NW,100,< 6 km,Berawan
Kp.Ingramui,2025-08-29 16:00:00,27,84,0.3,7.9,S,100,< 7 km,Berawan
Kp.Ingramui,2025-08-29 17:00:00,27,87,0.3,7.9,S,100,< 7 km,Berawan
Kp.Ingramui,2025-08-29 18:00:00,26,83,0.0,2.1,SW,94,< 6 km,Berawan
Kp.Ingramui,2025-08-29 19:00:00,26,86,0.0,6.5,SE,100,< 7 km,Berawan
Kp.Ingramui,2025-08-29 20:00:00,26,85,0.0,6.5,SE,93,< 7 km,Berawan
Kp.Ingramui,2025-08-29 21:00:00,26,90,0.1,10.7,W,84,< 7 km,Cerah Berawan
Kp.Ingramui,2025-08-29 22:00:00,26,82,0.0,10.9,SE,99,< 6 km,Berawan
Kp.Ingramui,2025-08-29 23:00:00,26,83,0.0,10.9,SE,100,< 6 km,Berawan
Kp.Ingramui,2025-08-30 00:00:00,25,87,0.0,7.8,S,100,< 9 km,Hujan Ringan
Kp.Ingramui,2025-08-30 01:00:00,25,85,0.0,9.4,S,97,< 9 km,Hujan Ringan
Kp.Ingramui,2025-08-30 02:00:00,26,86,0.0,15.3,SE,59,< 7 km,Cerah
Kp.Ingramui,2025-08-30 03:00:00,25,83,0.0,9.4,S,99,< 9 km,Berawan
Kp.Ingramui,2025-08-30 04:00:00,25,85,0.0,9.1,W,98,< 8 km,Berawan
Kp.Ingramui,2025-08-30 05:00:00,26,88,0.0,24.8,SE,27,< 6 km,Cerah
Kp.Ingramui,2025-08-30 06:00:00,25,89,0.0,9.1,W,94,< 8 km,Berawan
Kp.Ingramui,2025-08-30 07:00:00,27,85,0.0,6.5,W,98,< 9 km,Berawan
Kp.Ingramui,2025-08-30 08:00:00,28,79,0.0,27.8,SE,10,> 10 km,Cerah
Kp.Ingramui,2025-08-30 09:00:00,29,76,0.0,6.5,W,88,< 9 km,Cerah Berawan
Kp.Ingramui,2025-08-30 10:00:00,29,73,0.0,16.7,SE,88,< 8 km,Cerah Berawan
Kp.Ingramui,2025-08-30 11:00:00,29,74,0.0,16.7,SE,20,< 8 km,Cerah
Kp.Ingramui,2025-08-30 12:00:00,28,80,0.3,15.3,SE,37,< 8 km,Cerah
Kp.Ingramui,2025-08-30 13:00:00,28,78,0.3,12.9,SE,23,< 8 km,Cerah
Kp.Ingramui,2025-08-30 14:00:00,28,80,0.3,12.9,SE,44,< 8 km,Cerah
Kp.Ingramui,2025-08-30 15:00:00,28,82,0.2,12.9,SE,92,< 8 km,Berawan
Kp.Ingramui,2025-08-30 16:00:00,27,84,0.2,13.8,SW,87,< 8 km,Cerah Berawan
Kp.Ingramui,2025-08-30 17:00:00,26,88,0.2,13.8,SW,94,< 8 km,Berawan
Kp.Ingramui,2025-08-30 18:00:00,26,88,0.2,13.8,SW,55,< 8 km,Cerah
Kp.Ingramui,2025-08-30 19:00:00,26,90,0.2,3.3,S,86,< 8 km,Cerah Berawan
Kp.Ingramui,2025-08-30 20:00:00,26,89,0.2,3.3,S,69,< 8 km,Cerah Berawan
Kp.Ingramui,2025-08-30 21:00:00,25,89,0.0,3.3,S,71,< 8 km,Cerah Berawan
Kp.Ingramui,2025-08-30 22:00:00,25,92,0.0,9.9,W,99,< 8 km,Berawan
Kp.Ingramui,2025-08-30 23:00:00,25,90,0.0,10.5,W,90,< 7 km,Berawan
Kp.Ingramui,2025-08-31 00:00:00,25,89,0.0,10.5,W,98,< 7 km,Berawan
Kp.Ingramui,2025-08-31 01:00:00,25,91,0.0,9.4,W,100,< 7 km,Berawan
Kp.Ingramui,2025-08-31 02:00:00,25,92,0.0,9.4,W,99,< 7 km,Berawan
Kp.Ingramui,2025-08-31 03:00:00,25,92,0.2,9.4,W,100,< 7 km,Berawan
Kp.Ingramui,2025-08-31 04:00:00,25,89,0.2,5.1,SE,100,< 7 km,Berawan
Kp.Ingramui,2025-08-31 05:00:00,25,88,0.2,5.1,SE,100,< 7 km,Berawan
Kp.Ingramui,2025-08-31 06:00:00,26,88,0.0,5.1,SE,100,< 7 km,Berawan
Kp.Ingramui,2025-08-31 07:00:00,27,84,0.0,8.6,E,100,< 6 km,Berawan
Kp.Ingramui,2025-08-31 08:00:00,27,81,0.0,8.6,E,100,< 6 km,Berawan
Kp.Ingramui,2025-08-31 09:00:00,28,78,0.0,8.6,E,100,< 6 km,Berawan
Kp.Ingramui,2025-08-31 10:00:00,28,76,0.0,9.6,SE,100,< 7 km,Berawan
Kp.Ingramui,2025-08-31 11:00:00,29,76,0.0,10.4,E,89,< 9 km,Hujan Ringan
Kp.Ingramui,2025-08-31 12:00:00,28,78,0.1,10.4,E,98,< 9 km,Hujan Ringan
Kp.Ingramui,2025-08-31 13:00:00,28,77,0.1,3.5,S,96,< 8 km,Berawan
Kp.Ingramui,2025-08-31 14:00:00,29,75,0.1,3.5,S,84,< 8 km,Cerah Berawan
Kp.Ingramui,2025-08-31 15:00:00,28,77,0.0,3.5,S,84,< 8 km,Cerah Berawan
Kp.Ingramui,2025-08-31 16:00:00,28,79,0.0,6.8,SE,87,< 9 km,Cerah Berawan
Kp.Ingramui,2025-08-31 17:00:00,27,85,0.0,6.8,SE,86,< 9 km,Cerah Berawan
Kp.Ingramui,2025-08-31 18:00:00,27,87,0.0,6.8,SE,91,< 9 km,Berawan
Kp.Ingramui,2025-08-31 19:00:00,27,88,0.0,7.3,SE,92,< 8 km,Berawan
Kp.Ingramui,2025-08-31 20:00:00,26,87,0.0,7.3,SE,64,< 8 km,Cerah Berawan
Kp.Ingramui,2025-08-31 21:00:00,26,87,0.1,7.3,SE,59,< 8 km,Cerah
Kp.Ingramui,2025-08-31 22:00:00,26,86,0.1,13.7,SE,98,< 8 km,Berawan
Kp.Ingramui,2025-08-31 23:00:00,26,87,0.1,13.7,SE,99,< 8 km,Berawan
Kp.Ingramui,2025-09-01 00:00:00,25,90,0.2,5.8,E,97,< 7 km,Berawan
Kp.Ingramui,2025-09-01 01:00:00,26,88,0.6,23.0,E,98,< 9 km,Berawan
Kp.Ingramui,2025-09-01 02:00:00,26,87,0.6,23.0,E,100,< 9 km,Berawan
Kp.Ingramui,2025-09-01 03:00:00,26,89,0.4,23.4,SE,98,< 7 km,Berawan
Kp.Ingramui,2025-09-01 04:00:00,26,88,0.3,26.6,E,100,< 6 km,Berawan
Kp.Ingramui,2025-09-01 05:00:00,26,88,0.3,26.6,E,100,< 6 km,Berawan
Kp.Ingramui,2025-09-01 06:00:00,25,89,1.7,24.4,E,100,< 7 km,Hujan Ringan
Kp.Ingramui,2025-09-01 07:00:00,26,88,0.9,27.7,E,100,< 7 km,Berawan
Kp.Ingramui,2025-09-01 08:00:00,26,88,0.9,27.7,E,100,< 7 km,Berawan
Kp.Ingramui,2025-09-01 09:00:00,26,89,0.5,27.1,E,100,< 7 km,Berawan
Kp.Ingramui,2025-09-01 10:00:00,26,87,0.5,27.6,E,100,< 6 km,Hujan Ringan
Kp.Ingramui,2025-09-01 11:00:00,26,88,0.9,22.4,E,100,< 5 km,Hujan Ringan
Kp.Ingramui,2025-09-01 12:00:00,26,90,0.4,22.4,E,100,< 5 km,Hujan Ringan
Kp.Ingramui,2025-09-01 13:00:00,26,89,0.4,24.1,E,100,< 7 km,Berawan
Kp.Ingramui,2025-09-01 14:00:00,27,87,0.4,24.1,E,100,< 7 km,Berawan
Kp.Ingramui,2025-09-01 15:00:00,27,86,0.0,24.1,E,100,< 7 km,Berawan
Kp.Ingramui,2025-09-01 16:00:00,27,86,0.0,25.7,E,100,< 7 km,Berawan
Kp.Ingramui,2025-09-01 17:00:00,27,87,0.0,25.7,E,100,< 7 km,Berawan
Kp.Ingramui,2025-09-01 18:00:00,27,85,0.0,25.7,E,100,< 7 km,Berawan
Kp.Ingramui,2025-09-01 19:00:00,27,86,0.0,26.4,E,100,< 7 km,Berawan
Kp.Ingramui,2025-09-01 20:00:00,27,85,0.0,26.4,E,100,< 7 km,Berawan
Kp.Ingramui,2025-09-01 21:00:00,27,84,0.2,26.4,E,98,< 7 km,Berawan
Kp.Ingramui,2025-09-01 22:00:00,27,82,0.2,30.2,E,99,< 7 km,Hujan Ringan
Kp.Ingramui,2025-09-01 23:00:00,27,85,0.2,30.2,E,92,< 7 km,Cerah Berawan
Kp.Ingramui,2025-09-02 00:00:00,26,86,0.4,29.0,E,99,> 10 km,Berawan
Kp.Ingramui,2025-09-02 01:00:00,26,86,0.4,24.1,E,99,< 7 km,Berawan
Kp.Ingramui,2025-09-02 02:00:00,26,87,0.5,22.5,E,100,< 6 km,Berawan
Kp.Ingramui,2025-09-02 03:00:00,25,89,0.9,24.1,E,100,< 7 km,Berawan
Kp.Ingramui,2025-09-02 04:00:00,25,88,0.9,21.2,E,100,> 10 km,Berawan
Kp.Ingramui,2025-09-02 05:00:00,26,86,0.2,22.3,E,100,< 6 km,Berawan
Kp.Ingramui,2025-09-02 06:00:00,26,86,0.9,21.2,E,100,> 10 km,Berawan
Kp.Ingramui,2025-09-02 07:00:00,26,86,0.9,25.3,E,100,< 8 km,Berawan
Kp.Ingramui,2025-09-02 08:00:00,27,85,0.5,19.5,E,100,< 6 km,Berawan
Kp.Ingramui,2025-09-02 09:00:00,26,89,0.5,25.3,E,100,< 8 km,Hujan Ringan
Kp.Ingramui,2025-09-02 10:00:00,26,87,0.5,22.3,E,100,> 10 km,Hujan Ringan
Kp.Ingramui,2025-09-02 11:00:00,28,79,0.2,21.7,E,100,< 9 km,Hujan Ringan
Kp.Ingramui,2025-09-02 12:00:00,28,80,0.1,21.7,E,99,< 9 km,Hujan Ringan
Kp.Ingramui,2025-09-02 13:00:00,28,80,0.1,14.8,NE,99,< 9 km,Hujan Ringan
Kp.Ingramui,2025-09-02 14:00:00,27,82,0.1,14.8,NE,93,< 9 km,Hujan Ringan
Kp.Ingramui,2025-09-02 15:00:00,27,81,0.0,14.8,NE,85,< 9 km,Cerah Berawan
Kp.Ingramui,2025-09-02 16:00:00,27,82,0.0,7.7,E,86,< 9 km,Cerah Berawan
Kp.Ingramui,2025-09-02 17:00:00,27,82,0.0,7.7,E,80,< 9 km,Cerah Berawan
Kp.Ingramui,2025-09-02 18:00:00,27,83,0.0,7.7,E,92,< 9 km,Berawan
Kp.Ingramui,2025-09-02 19:00:00,27,82,0.0,16.4,E,72,< 8 km,Hujan Ringan
Kp.Ingramui,2025-09-02 20:00:00,27,82,0.0,16.4,E,63,< 8 km,Cerah Berawan
Kp.Ingramui,2025-09-02 21:00:00,27,83,0.1,16.4,E,39,< 8 km,Cerah
Kp.Ingramui,2025-09-02 22:00:00,27,83,0.1,22.4,E,33,< 8 km,Cerah
Kp.Ingramui,2025-09-02 23:00:00,27,83,0.1,22.4,E,32,< 8 km,Cerah
Kp.Ingramui,2025-09-03 00:00:00,26,87,0.8,22.4,E,76,< 8 km,Cerah Berawan
Kp.Ingramui,2025-09-03 01:00:00,26,87,0.8,27.7,E,84,< 8 km,Cerah Berawan
Kp.Ingramui,2025-09-03 02:00:00,25,90,0.8,27.7,E,89,< 8 km,Cerah Berawan
Kp.Ingramui,2025-09-03 03:00:00,25,91,0.2,27.7,E,82,< 8 km,Cerah Berawan
Kp.Ingramui,2025-09-03 04:00:00,25,90,0.2,18.9,E,42,< 8 km,Cerah
Kp.Ingramui,2025-09-03 05:00:00,25,89,0.2,18.9,E,32,< 8 km,Cerah
Kp.Ingramui,2025-09-03 06:00:00,26,86,0.1,18.9,E,38,< 8 km,Cerah
Kp.Ingramui,2025-09-03 07:00:00,26,83,0.1,24.1,SE,43,< 9 km,Cerah
Kp.Ingramui,2025-09-03 08:00:00,27,81,0.1,24.1,SE,43,< 9 km,Cerah
Kp.Ingramui,2025-09-03 09:00:00,26,83,0.2,24.1,SE,28,< 9 km,Cerah
Kp.Ingramui,2025-09-03 10:00:00,27,81,0.2,22.1,E,44,< 9 km,Cerah
Kp.Ingramui,2025-09-03 11:00:00,28,79,0.2,20.9,E,18,< 9 km,Cerah
Kp.Ingramui,2025-09-03 12:00:00,28,80,0.0,22.1,E,27,< 9 km,Cerah
Kp.Ingramui,2025-09-03 13:00:00,28,80,0.0,14.9,E,19,< 8 km,Cerah
Kp.Ingramui,2025-09-03 14:00:00,28,80,0.0,14.9,E,14,< 8 km,Hujan Ringan
Kp.Ingramui,2025-09-03 15:00:00,28,80,0.1,14.9,E,20,< 8 km,Hujan Ringan
Kp.Ingramui,2025-09-03 16:00:00,28,78,0.1,8.8,E,36,< 9 km,Cerah
Kp.Ingramui,2025-09-03 17:00:00,27,82,0.1,8.8,E,42,< 9 km,Cerah
Kp.Ingramui,2025-09-03 18:00:00,27,83,0.1,8.8,E,35,< 9 km,Cerah
Kp.Ingramui,2025-09-03 19:00:00,27,82,0.1,8.3,E,32,< 9 km,Cerah
Kp.Ingramui,2025-09-03 20:00:00,26,83,0.1,8.3,E,58,< 9 km,Cerah
Kp.Ingramui,2025-09-03 21:00:00,26,86,1.1,8.3,E,86,< 9 km,Hujan Ringan
Kp.Ingramui,2025-09-03 22:00:00,25,89,1.1,13.1,E,98,< 8 km,Hujan Ringan
Kp.Ingramui,2025-09-03 23:00:00,25,90,1.1,13.1,E,99,< 8 km,Hujan Ringan
Kp.Ingramui,2025-09-04 00:00:00,24,89,0.5,0.5,SE,99,< 7 km,Berawan
Kp.Ingramui,2025-09-04 01:00:00,24,90,0.5,8.7,E,99,< 6 km,Berawan
Kp.Ingramui,2025-09-04 02:00:00,25,89,0.5,16.6,SE,96,< 8 km,Berawan
Kp.Ingramui,2025-09-04 03:00:00,24,91,0.4,8.7,E,95,< 6 km,Berawan
Kp.Ingramui,2025-09-04 04:00:00,24,91,0.4,12.4,SE,83,< 6 km,Cerah Berawan
Kp.Ingramui,2025-09-04 05:00:00,25,90,1.3,17.7,SE,98,< 8 km,Hujan Ringan
Kp.Ingramui,2025-09-04 06:00:00,25,90,0.2,12.4,SE,98,< 6 km,Berawan
Kp.Ingramui,2025-09-04 07:00:00,26,87,0.2,15.6,SE,52,< 7 km,Cerah
Kp.Ingramui,2025-09-04 08:00:00,26,84,0.2,15.6,SE,55,< 7 km,Cerah
Kp.Ingramui,2025-09-04 09:00:00,27,81,0.1,15.6,SE,44,< 7 km,Cerah
Kp.Ingramui,2025-09-04 10:00:00,28,78,0.1,24.1,E,67,< 7 km,Cerah Berawan
Kp.Ingramui,2025-09-04 11:00:00,28,79,0.1,24.1,E,46,< 7 km,Hujan Ringan
Kp.Ingramui,2025-09-04 12:00:00,27,79,1.3,17.9,SE,36,< 7 km,Hujan Ringan
Kp.Ingramui,2025-09-04 13:00:00,28,78,0.1,20.0,SE,49,< 7 km,Cerah
Kp.Ingramui,2025-09-04 14:00:00,28,79,1.3,15.9,SE,95,< 6 km,Hujan Ringan
Kp.Ingramui,2025-09-04 15:00:00,28,79,1.3,15.9,SE,86,< 6 km,Hujan Ringan
Kp.Ingramui,2025-09-04 16:00:00,27,79,1.3,13.1,SE,92,< 7 km,Hujan Ringan
Kp.Ingramui,2025-09-04 17:00:00,27,83,1.3,13.1,SE,100,< 7 km,Hujan Ringan
Kp.Ingramui,2025-09-04 18:00:00,26,84,0.1,13.1,SE,100,< 7 km,Berawan
Kp.Ingramui,2025-09-04 19:00:00,26,83,0.1,18.3,SE,100,< 6 km,Berawan
Kp.Ingramui,2025-09-04 20:00:00,27,83,0.1,18.3,SE,100,< 6 km,Berawan
Kp.Ingramui,2025-09-04 21:00:00,27,83,0.3,18.3,SE,100,< 6 km,Berawan
Kp.Ingramui,2025-09-04 22:00:00,26,84,0.3,28.2,E,98,< 6 km,Berawan
Kp.Ingramui,2025-09-04 23:00:00,26,86,0.3,28.2,E,98,< 6 km,Berawan
Kp.Ingramui,2025-09-05 00:00:00,26,87,1.0,28.2,E,99,< 6 km,Berawan
Kp.Ingramui,2025-09-05 01:00:00,25,89,1.0,16.9,E,100,< 6 km,Berawan
Kp.Ingramui,2025-09-05 02:00:00,25,89,1.0,16.9,E,99,< 6 km,Berawan
Kp.Ingramui,2025-09-05 03:00:00,25,90,1.7,16.9,E,98,< 6 km,Hujan Ringan
Kp.Ingramui,2025-09-05 04:00:00,25,91,1.7,19.1,E,99,< 6 km,Hujan Ringan
Kp.Ingramui,2025-09-05 05:00:00,25,89,1.7,19.1,E,99,< 6 km,Hujan Ringan
Kp.Ingramui,2025-09-05 06:00:00,26,90,0.8,19.1,E,100,< 6 km,Berawan
Kp.Ingramui,2025-09-05 07:00:00,26,89,0.8,19.4,E,94,< 6 km,Berawan
Kp.Ingramui,2025-09-05 08:00:00,27,87,0.8,19.4,E,61,< 6 km,Cerah Berawan
Kp.Ingramui,2025-09-05 09:00:00,27,86,1.3,19.4,E,84,< 6 km,Hujan Ringan
Kp.Ingramui,2025-09-05 10:00:00,26,87,1.3,16.5,E,97,< 7 km,Hujan Ringan
Kp.Ingramui,2025-09-05 11:00:00,26,88,1.3,16.5,E,75,< 7 km,Hujan Ringan
Kp.Ingramui,2025-09-05 12:00:00,27,84,1.3,16.5,E,89,< 7 km,Hujan Ringan
Kp.Ingramui,2025-09-05 13:00:00,28,80,1.3,8.4,E,87,< 7 km,Hujan Ringan
Kp.Ingramui,2025-09-05 14:00:00,28,79,1.3,8.4,E,70,< 7 km,Hujan Ringan
Kp.Ingramui,2025-09-05 15:00:00,28,78,0.0,8.4,E,97,< 7 km,Berawan
Kp.Ingramui,2025-09-05 16:00:00,27,80,0.0,4.3,E,100,< 7 km,Berawan
Kp.Ingramui,2025-09-05 17:00:00,27,83,0.0,4.3,E,100,< 7 km,Berawan
Kp.Ingramui,2025-09-05 18:00:00,27,84,0.0,4.3,E,100,< 7 km,Berawan
Kp.Ingramui,2025-09-05 19:00:00,27,84,0.0,10.2,E,99,< 6 km,Berawan
Kp.Ingramui,2025-09-05 20:00:00,27,84,0.0,10.2,E,99,< 6 km,Berawan
Kp.Ingramui,2025-09-05 21:00:00,26,85,0.2,10.2,E,99,< 6 km,Berawan
Kp.Ingramui,2025-09-05 22:00:00,26,85,0.2,15.5,SE,99,< 7 km,Berawan
Kp.Ingramui,2025-09-05 23:00:00,25,87,0.2,15.5,SE,100,< 7 km,Berawan
Kp.Ingramui,2025-09-06 00:00:00,26,87,0.1,15.5,SE,100,< 7 km,Berawan
Kp.Ingramui,2025-09-06 01:00:00,26,85,0.1,17.6,E,100,< 7 km,Berawan
Kp.Ingramui,2025-09-06 02:00:00,26,86,0.1,17.6,E,100,< 7 km,Berawan
Kp.Ingramui,2025-09-06 03:00:00,25,90,0.9,17.6,E,97,< 7 km,Berawan
Kp.Ingramui,2025-09-06 04:00:00,25,89,0.9,21.2,E,91,< 6 km,Berawan
Kp.Ingramui,2025-09-06 05:00:00,26,88,0.9,21.2,E,76,< 6 km,Cerah Berawan
Kp.Ingramui,2025-09-06 06:00:00,26,89,0.0,21.2,E,44,< 6 km,Cerah
Kp.Ingramui,2025-09-06 07:00:00,27,85,0.0,21.2,E,41,< 6 km,Cerah
Kp.Ingramui,2025-09-06 08:00:00,28,83,0.0,21.2,E,20,< 6 km,Cerah
Kp.Ingramui,2025-09-06 09:00:00,28,79,0.1,21.2,E,49,< 6 km,Cerah
Kp.Ingramui,2025-09-06 10:00:00,28,81,0.1,21.2,E,27,< 6 km,Cerah
Kp.Ingramui,2025-09-06 11:00:00,29,78,0.1,21.2,E,25,< 6 km,Cerah
Kp.Ingramui,2025-09-06 12:00:00,29,76,0.1,11.7,E,19,< 6 km,Cerah
Kp.Ingramui,2025-09-06 13:00:00,29,76,0.1,11.7,E,18,< 6 km,Cerah
Kp.Ingramui,2025-09-06 14:00:00,29,77,0.1,11.7,E,68,< 6 km,Cerah Berawan
Kp.Ingramui,2025-09-06 15:00:00,28,78,0.6,11.7,E,96,< 6 km,Berawan
Kp.Ingramui,2025-09-06 16:00:00,28,79,0.6,11.7,E,95,< 6 km,Berawan
Kp.Ingramui,2025-09-06 17:00:00,27,83,0.6,11.7,E,96,< 6 km,Berawan
Kp.Ingramui,2025-09-06 18:00:00,27,85,0.6,8.1,NW,98,< 7 km,Berawan
Kp.Ingramui,2025-09-06 19:00:00,26,91,0.6,8.1,NW,100,< 7 km,Berawan
Kp.Ingramui,2025-09-06 20:00:00,26,90,0.6,8.1,NW,99,< 7 km,Berawan
Kp.Ingramui,2025-09-06 21:00:00,25,90,0.7,8.1,NW,95,< 7 km,Berawan
Kp.Ingramui,2025-09-06 22:00:00,25,91,0.7,8.1,NW,95,< 7 km,Berawan
Kp.Ingramui,2025-09-06 23:00:00,25,91,0.7,8.1,NW,94,< 7 km,Berawan
Kp.Soribo,2025-08-20 23:00:00,24,96,1.3,6.2,E,100,< 7 km,Hujan Ringan
Kp.Soribo,2025-08-21 00:00:00,24,97,1.3,6.2,E,100,< 7 km,Hujan Ringan
Kp.Soribo,2025-08-21 01:00:00,24,97,1.3,6.1,SE,100,< 6 km,Hujan Ringan
Kp.Soribo,2025-08-21 02:00:00,24,97,1.3,6.1,SE,100,< 6 km,Hujan Ringan
Kp.Soribo,2025-08-21 03:00:00,24,97,0.3,6.1,SE,100,< 6 km,Hujan Ringan
Kp.Soribo,2025-08-21 04:00:00,24,96,0.3,2.1,SW,100,< 6 km,Hujan Ringan
Kp.Soribo,2025-08-21 05:00:00,24,96,0.3,2.1,SW,100,< 6 km,Berawan
Kp.Soribo,2025-08-21 06:00:00,24,96,1.3,2.1,SW,100,< 6 km,Hujan Ringan
Kp.Soribo,2025-08-21 07:00:00,24,99,1.3,1.0,E,100,< 6 km,Hujan Ringan
Kp.Soribo,2025-08-21 08:00:00,25,98,1.3,1.0,E,100,< 6 km,Hujan Ringan
Kp.Soribo,2025-08-21 09:00:00,24,96,1.3,1.0,E,100,< 6 km,Hujan Ringan
Kp.Soribo,2025-08-21 10:00:00,25,97,1.3,1.6,S,100,< 6 km,Hujan Ringan
Kp.Soribo,2025-08-21 11:00:00,25,97,1.3,1.6,S,100,< 6 km,Hujan Ringan
Kp.Soribo,2025-08-21 12:00:00,25,92,0.8,9.1,E,100,< 6 km,Berawan
Kp.Soribo,2025-08-21 13:00:00,26,92,0.8,5.1,E,100,< 7 km,Berawan
Kp.Soribo,2025-08-21 14:00:00,26,91,0.8,5.1,E,100,< 7 km,Berawan
Kp.Soribo,2025-08-21 15:00:00,25,95,1.0,5.1,E,100,< 7 km,Hujan Ringan
Kp.Soribo,2025-08-21 16:00:00,25,96,1.0,0.9,SW,100,< 7 km,Hujan Ringan
Kp.Soribo,2025-08-21 17:00:00,25,97,1.0,0.9,SW,100,< 7 km,Hujan Ringan
Kp.Soribo,2025-08-21 18:00:00,24,98,0.0,0.9,SW,100,< 7 km,Hujan Ringan
Kp.Soribo,2025-08-21 19:00:00,24,97,0.0,6.3,W,100,< 8 km,Hujan Ringan
Kp.Soribo,2025-08-21 20:00:00,24,96,0.0,6.3,W,100,< 8 km,Berawan
Kp.Soribo,2025-08-21 21:00:00,24,96,0.8,6.3,W,100,< 8 km,Hujan Ringan
Kp.Soribo,2025-08-21 22:00:00,23,97,0.8,1.9,W,100,< 7 km,Hujan Ringan
Kp.Soribo,2025-08-21 23:00:00,23,97,0.7,6.3,W,100,< 6 km,Berawan
Kp.Soribo,2025-08-22 00:00:00,23,97,0.3,6.3,W,100,< 6 km,Berawan
Kp.Soribo,2025-08-22 01:00:00,23,97,0.3,1.9,SW,100,> 10 km,Berawan
Kp.Soribo,2025-08-22 02:00:00,23,95,0.3,1.9,SW,100,> 10 km,Berawan
Kp.Soribo,2025-08-22 03:00:00,23,96,0.1,1.9,SW,100,> 10 km,Berawan
Kp.Soribo,2025-08-22 04:00:00,23,93,0.1,1.6,SW,100,> 10 km,Berawan
Kp.Soribo,2025-08-22 05:00:00,23,93,0.1,1.6,SW,100,> 10 km,Berawan
Kp.Soribo,2025-08-22 06:00:00,24,92,0.0,1.6,SW,100,> 10 km,Berawan
Kp.Soribo,2025-08-22 07:00:00,25,94,0.0,1.3,E,100,> 10 km,Berawan
Kp.Soribo,2025-08-22 08:00:00,26,90,0.0,1.3,E,100,> 10 km,Berawan
Kp.Soribo,2025-08-22 09:00:00,26,90,0.2,1.3,E,100,> 10 km,Berawan
Kp.Soribo,2025-08-22 10:00:00,27,87,0.2,3.5,E,100,> 10 km,Berawan
Kp.Soribo,2025-08-22 11:00:00,28,78,0.2,1.4,SW,100,< 9 km,Berawan
Kp.Soribo,2025-08-22 12:00:00,28,75,0.2,1.4,SW,100,< 9 km,Hujan Ringan
Kp.Soribo,2025-08-22 13:00:00,28,74,0.2,4.0,SE,99,> 10 km,Berawan
Kp.Soribo,2025-08-22 14:00:00,28,77,0.2,3.5,S,98,< 8 km,Hujan Ringan
Kp.Soribo,2025-08-22 15:00:00,27,80,0.5,3.5,S,100,< 8 km,Berawan
Kp.Soribo,2025-08-22 16:00:00,26,86,0.5,8.1,W,100,< 9 km,Berawan
Kp.Soribo,2025-08-22 17:00:00,25,89,0.5,8.1,W,100,< 9 km,Berawan
Kp.Soribo,2025-08-22 18:00:00,25,91,0.0,8.1,W,100,< 9 km,Berawan
Kp.Soribo,2025-08-22 19:00:00,25,92,0.0,7.1,SW,99,< 8 km,Berawan
Kp.Soribo,2025-08-22 20:00:00,24,91,0.0,7.1,SW,100,< 8 km,Berawan
Kp.Soribo,2025-08-22 21:00:00,24,92,0.1,7.1,SW,100,< 8 km,Berawan
Kp.Soribo,2025-08-22 22:00:00,24,92,0.1,3.8,S,100,< 9 km,Berawan
Kp.Soribo,2025-08-22 23:00:00,24,92,0.1,3.8,S,99,< 9 km,Berawan
Kp.Soribo,2025-08-23 00:00:00,23,93,0.1,4.5,SW,100,< 9 km,Berawan
Kp.Soribo,2025-08-23 01:00:00,23,93,0.1,5.4,SW,98,< 8 km,Berawan
Kp.Soribo,2025-08-23 02:00:00,23,91,0.1,5.4,SW,99,< 8 km,Berawan
Kp.Soribo,2025-08-23 03:00:00,23,90,0.1,5.4,SW,100,< 8 km,Hujan Ringan
Kp.Soribo,2025-08-23 04:00:00,23,92,0.1,3.1,S,100,< 8 km,Berawan
Kp.Soribo,2025-08-23 05:00:00,23,90,0.1,3.1,S,100,< 8 km,Berawan
Kp.Soribo,2025-08-23 06:00:00,24,92,0.3,3.1,S,100,< 8 km,Berawan
Kp.Soribo,2025-08-23 07:00:00,25,89,0.3,4.8,NW,100,< 8 km,Hujan Ringan
Kp.Soribo,2025-08-23 08:00:00,26,88,0.3,4.8,NW,100,< 8 km,Hujan Ringan
Kp.Soribo,2025-08-23 09:00:00,26,87,0.2,4.8,NW,100,< 8 km,Hujan Ringan
Kp.Soribo,2025-08-23 10:00:00,27,82,0.2,8.3,NE,100,< 9 km,Hujan Ringan
Kp.Soribo,2025-08-23 11:00:00,26,96,1.3,1.6,NE,100,< 6 km,Hujan Ringan
Kp.Soribo,2025-08-23 12:00:00,26,94,1.3,1.6,NE,100,< 6 km,Hujan Ringan
Kp.Soribo,2025-08-23 13:00:00,25,96,1.3,1.5,NW,100,< 6 km,Hujan Ringan
Kp.Soribo,2025-08-23 14:00:00,26,94,1.3,1.5,NW,100,< 6 km,Hujan Ringan
Kp.Soribo,2025-08-23 15:00:00,26,95,1.5,1.5,NW,100,< 6 km,Hujan Ringan
Kp.Soribo,2025-08-23 16:00:00,24,96,1.5,1.0,S,100,< 6 km,Hujan Ringan
Kp.Soribo,2025-08-23 17:00:00,24,97,1.5,1.0,S,100,< 6 km,Hujan Ringan
Kp.Soribo,2025-08-23 18:00:00,24,98,0.7,1.0,S,100,< 6 km,Berawan
Kp.Soribo,2025-08-23 19:00:00,24,96,0.7,2.6,S,100,< 7 km,Berawan
Kp.Soribo,2025-08-23 20:00:00,24,94,0.7,2.6,S,100,< 7 km,Berawan
Kp.Soribo,2025-08-23 21:00:00,24,94,0.0,2.6,S,100,< 7 km,Berawan
Kp.Soribo,2025-08-23 22:00:00,24,94,0.0,4.7,SW,97,< 6 km,Berawan
Kp.Soribo,2025-08-23 23:00:00,23,94,0.0,4.7,SW,100,< 6 km,Berawan
Kp.Soribo,2025-08-24 00:00:00,23,93,0.0,4.7,SW,100,< 6 km,Berawan
Kp.Soribo,2025-08-24 01:00:00,25,94,0.1,5.9,SE,100,< 7 km,Berawan
Kp.Soribo,2025-08-24 02:00:00,24,94,0.1,5.9,SE,100,< 7 km,Berawan
Kp.Soribo,2025-08-24 03:00:00,24,96,0.0,3.6,S,100,< 7 km,Berawan
Kp.Soribo,2025-08-24 04:00:00,23,98,1.3,2.7,S,100,< 7 km,Hujan Ringan
Kp.Soribo,2025-08-24 05:00:00,23,96,1.3,2.7,S,100,< 7 km,Hujan Ringan
Kp.Soribo,2025-08-24 06:00:00,25,95,1.3,7.3,SE,100,< 7 km,Hujan Ringan
Kp.Soribo,2025-08-24 07:00:00,25,95,0.4,6.1,E,100,< 7 km,Berawan
Kp.Soribo,2025-08-24 08:00:00,26,92,0.4,6.1,E,100,< 7 km,Berawan
Kp.Soribo,2025-08-24 09:00:00,25,91,1.4,6.1,E,100,< 7 km,Hujan Ringan
Kp.Soribo,2025-08-24 10:00:00,26,88,1.4,11.9,E,100,< 6 km,Hujan Ringan
Kp.Soribo,2025-08-24 11:00:00,26,89,1.4,11.9,E,100,< 6 km,Hujan Ringan
Kp.Soribo,2025-08-24 12:00:00,26,85,0.0,11.9,E,63,< 6 km,Hujan Ringan
Kp.Soribo,2025-08-24 13:00:00,28,77,0.0,7.6,E,74,< 6 km,Cerah Berawan
Kp.Soribo,2025-08-24 14:00:00,27,80,0.0,7.6,E,32,< 6 km,Cerah
Kp.Soribo,2025-08-24 15:00:00,28,77,0.0,7.6,E,40,< 6 km,Cerah
Kp.Soribo,2025-08-24 16:00:00,27,81,0.0,2.3,SE,56,< 7 km,Cerah
Kp.Soribo,2025-08-24 17:00:00,26,88,0.3,3.7,E,60,< 8 km,Cerah Berawan
Kp.Soribo,2025-08-24 18:00:00,26,88,0.0,2.3,SE,96,< 7 km,Berawan
Kp.Soribo,2025-08-24 19:00:00,25,88,0.0,7.5,SE,94,< 8 km,Berawan
Kp.Soribo,2025-08-24 20:00:00,25,89,0.0,7.5,SE,69,< 8 km,Cerah Berawan
Kp.Soribo,2025-08-24 21:00:00,25,89,0.0,7.5,SE,93,< 8 km,Berawan
Kp.Soribo,2025-08-24 22:00:00,25,89,0.0,7.6,SE,71,< 8 km,Cerah Berawan
Kp.Soribo,2025-08-24 23:00:00,25,89,0.0,7.6,SE,34,< 8 km,Cerah
Kp.Soribo,2025-08-25 00:00:00,25,91,0.3,7.6,SE,63,< 8 km,Cerah Berawan
Kp.Soribo,2025-08-25 01:00:00,24,93,0.3,8.2,SE,90,< 8 km,Cerah Berawan
Kp.Soribo,2025-08-25 02:00:00,24,95,0.3,8.2,SE,100,< 8 km,Berawan
Kp.Soribo,2025-08-25 03:00:00,24,94,0.1,8.2,SE,67,< 8 km,Cerah Berawan
Kp.Soribo,2025-08-25 04:00:00,24,93,0.1,6.5,SE,75,< 8 km,Cerah Berawan
Kp.Soribo,2025-08-25 05:00:00,24,93,0.1,6.5,SE,68,< 8 km,Cerah Berawan
Kp.Soribo,2025-08-25 06:00:00,25,92,0.1,6.5,SE,55,< 8 km,Cerah
Kp.Soribo,2025-08-25 07:00:00,26,87,0.1,7.7,E,27,< 9 km,Cerah
Kp.Soribo,2025-08-25 08:00:00,27,84,0.1,7.7,E,55,< 9 km,Cerah
Kp.Soribo,2025-08-25 09:00:00,26,86,0.0,2.0,W,100,> 10 km,Berawan
Kp.Soribo,2025-08-25 10:00:00,28,76,2.0,10.1,E,38,< 8 km,Hujan Ringan
Kp.Soribo,2025-08-25 11:00:00,29,76,0.7,5.0,NW,94,< 9 km,Hujan Ringan
Kp.Soribo,2025-08-25 12:00:00,28,75,0.1,5.3,NE,99,> 10 km,Hujan Ringan
Kp.Soribo,2025-08-25 13:00:00,28,77,2.0,8.3,E,13,< 8 km,Hujan Ringan
Kp.Soribo,2025-08-25 14:00:00,29,77,0.7,9.8,NW,66,< 8 km,Cerah Berawan
Kp.Soribo,2025-08-25 15:00:00,27,79,0.4,5.7,SE,90,> 10 km,Berawan
Kp.Soribo,2025-08-25 16:00:00,27,82,2.0,6.0,W,59,< 9 km,Hujan Ringan
Kp.Soribo,2025-08-25 17:00:00,26,90,0.3,8.9,W,98,< 9 km,Berawan
Kp.Soribo,2025-08-25 18:00:00,25,93,0.0,8.8,W,85,> 10 km,Cerah Berawan
Kp.Soribo,2025-08-25 19:00:00,24,92,0.2,8.7,W,26,< 9 km,Cerah
Kp.Soribo,2025-08-25 20:00:00,24,93,0.0,2.5,SW,67,< 9 km,Cerah Berawan
Kp.Soribo,2025-08-25 21:00:00,24,91,0.0,3.4,SW,67,> 10 km,Cerah Berawan
Kp.Soribo,2025-08-25 22:00:00,24,90,0.0,2.7,SW,57,< 9 km,Cerah
Kp.Soribo,2025-08-25 23:00:00,23,91,0.0,4.9,SW,100,> 10 km,Berawan
Kp.Soribo,2025-08-26 00:00:00,23,92,0.0,3.7,SW,92,> 10 km,Berawan
Kp.Soribo,2025-08-26 01:00:00,23,92,0.0,5.5,SW,100,< 9 km,Berawan
Kp.Soribo,2025-08-26 02:00:00,22,92,0.0,5.5,SW,99,< 9 km,Berawan
Kp.Soribo,2025-08-26 03:00:00,22,90,0.0,3.3,SW,89,< 4 km,Udara Kabur
Kp.Soribo,2025-08-26 04:00:00,22,90,0.0,3.6,S,100,> 10 km,Berawan
Kp.Soribo,2025-08-26 05:00:00,23,89,0.0,3.6,S,100,> 10 km,Berawan
Kp.Soribo,2025-08-26 06:00:00,23,89,0.0,4.4,SW,92,< 7 km,Berawan
Kp.Soribo,2025-08-26 07:00:00,25,90,0.0,5.0,E,100,< 10 km,Berawan
Kp.Soribo,2025-08-26 08:00:00,27,84,0.0,5.0,E,100,< 10 km,Berawan
Kp.Soribo,2025-08-26 09:00:00,28,79,0.0,5.0,E,100,< 10 km,Berawan
Kp.Soribo,2025-08-26 10:00:00,29,73,0.0,7.9,E,99,> 10 km,Berawan
Kp.Soribo,2025-08-26 11:00:00,28,76,0.1,6.9,E,100,< 6 km,Hujan Ringan
Kp.Soribo,2025-08-26 12:00:00,28,80,1.3,6.9,E,100,< 6 km,Hujan Ringan
Kp.Soribo,2025-08-26 13:00:00,29,74,1.1,4.8,SW,67,< 10 km,Hujan Ringan
Kp.Soribo,2025-08-26 14:00:00,28,80,1.3,3.7,W,99,< 6 km,Hujan Ringan
Kp.Soribo,2025-08-26 15:00:00,27,86,1.3,3.7,W,97,< 6 km,Hujan Ringan
Kp.Soribo,2025-08-26 16:00:00,26,92,1.7,4.7,SW,100,< 9 km,Hujan Ringan
Kp.Soribo,2025-08-26 17:00:00,25,96,1.3,4.0,SE,96,< 7 km,Hujan Ringan
Kp.Soribo,2025-08-26 18:00:00,24,98,0.2,4.0,SE,99,< 7 km,Berawan
Kp.Soribo,2025-08-26 19:00:00,23,95,1.9,4.5,W,99,< 9 km,Hujan Ringan
Kp.Soribo,2025-08-26 20:00:00,24,95,0.2,6.4,SE,95,< 6 km,Berawan
Kp.Soribo,2025-08-26 21:00:00,24,94,0.0,6.4,SE,92,< 6 km,Berawan
Kp.Soribo,2025-08-26 22:00:00,24,93,0.0,4.5,S,98,< 7 km,Berawan
Kp.Soribo,2025-08-26 23:00:00,24,93,0.0,4.5,S,96,< 7 km,Berawan
Kp.Soribo,2025-08-27 00:00:00,24,94,0.0,4.5,S,99,< 7 km,Berawan
Kp.Soribo,2025-08-27 01:00:00,24,93,0.0,3.3,SE,100,< 7 km,Berawan
Kp.Soribo,2025-08-27 02:00:00,24,94,0.0,2.8,S,100,< 7 km,Berawan
Kp.Soribo,2025-08-27 03:00:00,24,93,0.0,2.8,S,100,< 7 km,Berawan
Kp.Soribo,2025-08-27 04:00:00,24,91,1.3,8.5,E,100,< 7 km,Hujan Ringan
Kp.Soribo,2025-08-27 05:00:00,23,91,0.0,1.9,SW,100,< 6 km,Berawan
Kp.Soribo,2025-08-27 06:00:00,24,93,0.1,1.9,SW,100,< 6 km,Berawan
Kp.Soribo,2025-08-27 07:00:00,26,89,0.1,11.6,E,100,< 7 km,Berawan
Kp.Soribo,2025-08-27 08:00:00,27,90,0.1,3.2,W,99,< 6 km,Berawan
Kp.Soribo,2025-08-27 09:00:00,27,87,0.9,3.2,W,100,< 6 km,Berawan
Kp.Soribo,2025-08-27 10:00:00,28,79,0.1,11.3,E,100,< 6 km,Hujan Ringan
Kp.Soribo,2025-08-27 11:00:00,28,82,0.9,5.6,NE,98,< 6 km,Berawan
Kp.Soribo,2025-08-27 12:00:00,28,81,1.3,5.6,NE,96,< 6 km,Hujan Ringan
Kp.Soribo,2025-08-27 13:00:00,28,82,2.8,9.7,W,100,< 7 km,Hujan Ringan
Kp.Soribo,2025-08-27 14:00:00,26,90,2.8,9.7,W,100,< 7 km,Hujan Ringan
Kp.Soribo,2025-08-27 15:00:00,25,97,0.9,9.7,W,100,< 7 km,Hujan Ringan
Kp.Soribo,2025-08-27 16:00:00,24,96,0.9,10.2,W,100,< 7 km,Berawan
Kp.Soribo,2025-08-27 17:00:00,24,96,0.9,10.2,W,100,< 7 km,Hujan Ringan
Kp.Soribo,2025-08-27 18:00:00,24,97,0.2,10.2,W,100,< 7 km,Berawan
Kp.Soribo,2025-08-27 19:00:00,24,97,0.2,9.3,SW,100,< 8 km,Berawan
Kp.Soribo,2025-08-27 20:00:00,24,96,0.2,9.3,SW,100,< 8 km,Hujan Ringan
Kp.Soribo,2025-08-27 21:00:00,23,98,0.5,9.3,SW,100,< 8 km,Berawan
Kp.Soribo,2025-08-27 22:00:00,23,97,0.5,2.0,S,100,< 8 km,Berawan
Kp.Soribo,2025-08-27 23:00:00,23,97,0.5,2.0,S,100,< 8 km,Hujan Ringan
Kp.Soribo,2025-08-28 00:00:00,23,97,0.0,2.0,S,97,< 8 km,Hujan Ringan
Kp.Soribo,2025-08-28 01:00:00,23,97,0.0,4.6,SE,100,< 8 km,Hujan Ringan
Kp.Soribo,2025-08-28 02:00:00,23,97,0.0,4.6,SE,99,< 8 km,Berawan
Kp.Soribo,2025-08-28 03:00:00,24,95,0.0,4.6,SE,100,< 8 km,Berawan
Kp.Soribo,2025-08-28 04:00:00,23,95,0.0,4.2,SW,100,< 8 km,Berawan
Kp.Soribo,2025-08-28 05:00:00,23,93,0.0,4.2,SW,100,< 8 km,Berawan
Kp.Soribo,2025-08-28 06:00:00,24,92,0.0,4.2,SW,100,< 8 km,Berawan
Kp.Soribo,2025-08-28 07:00:00,25,94,0.0,0.8,E,99,< 8 km,Berawan
Kp.Soribo,2025-08-28 08:00:00,27,84,0.0,0.8,E,99,< 8 km,Berawan
Kp.Soribo,2025-08-28 09:00:00,28,81,0.1,0.8,E,100,< 8 km,Berawan
Kp.Soribo,2025-08-28 10:00:00,29,75,0.1,6.7,E,98,< 9 km,Berawan
Kp.Soribo,2025-08-28 11:00:00,29,71,0.1,6.7,E,70,< 9 km,Cerah Berawan
Kp.Soribo,2025-08-28 12:00:00,30,69,2.0,6.7,E,86,< 9 km,Hujan Ringan
Kp.Soribo,2025-08-28 13:00:00,29,70,2.0,2.7,SW,93,< 9 km,Hujan Ringan
Kp.Soribo,2025-08-28 14:00:00,29,72,2.0,2.7,SW,72,< 9 km,Hujan Ringan
Kp.Soribo,2025-08-28 15:00:00,28,79,2.0,2.7,SW,99,< 9 km,Hujan Ringan
Kp.Soribo,2025-08-28 16:00:00,27,82,2.0,6.5,SW,98,< 9 km,Hujan Ringan
Kp.Soribo,2025-08-28 17:00:00,26,90,2.0,6.5,SW,98,< 9 km,Hujan Ringan
Kp.Soribo,2025-08-28 18:00:00,25,86,0.0,2.3,S,100,< 9 km,Berawan
Kp.Soribo,2025-08-28 19:00:00,24,95,1.3,2.3,S,73,< 8 km,Hujan Ringan
Kp.Soribo,2025-08-28 20:00:00,25,89,0.0,1.2,SW,40,< 8 km,Cerah
Kp.Soribo,2025-08-28 21:00:00,25,88,0.0,1.2,SW,26,< 8 km,Cerah
Kp.Soribo,2025-08-28 22:00:00,25,88,0.0,1.6,SW,43,< 8 km,Cerah
Kp.Soribo,2025-08-28 23:00:00,24,88,0.0,8.7,SW,100,< 6 km,Berawan
Kp.Soribo,2025-08-29 00:00:00,24,87,0.0,8.7,SW,100,< 6 km,Berawan
Kp.Soribo,2025-08-29 01:00:00,24,86,0.0,7.4,SW,100,< 6 km,Berawan
Kp.Soribo,2025-08-29 02:00:00,24,85,0.0,7.4,SW,100,< 6 km,Berawan
Kp.Soribo,2025-08-29 03:00:00,24,84,0.0,7.4,SW,100,< 6 km,Berawan
Kp.Soribo,2025-08-29 04:00:00,24,83,0.0,6.0,SW,100,< 7 km,Berawan
Kp.Soribo,2025-08-29 05:00:00,23,83,0.0,6.0,SW,100,< 7 km,Berawan
Kp.Soribo,2025-08-29 06:00:00,24,84,0.0,6.0,SW,84,< 7 km,Cerah Berawan
Kp.Soribo,2025-08-29 07:00:00,27,82,0.0,1.7,SW,97,< 7 km,Berawan
Kp.Soribo,2025-08-29 08:00:00,28,78,0.0,1.7,SW,99,< 7 km,Berawan
Kp.Soribo,2025-08-29 09:00:00,29,72,1.3,1.7,SW,100,< 7 km,Hujan Ringan
Kp.Soribo,2025-08-29 10:00:00,29,72,1.3,5.2,E,100,< 6 km,Hujan Ringan
Kp.Soribo,2025-08-29 11:00:00,29,74,1.3,5.2,E,100,< 6 km,Hujan Ringan
Kp.Soribo,2025-08-29 12:00:00,29,84,1.3,2.6,SE,100,< 6 km,Cerah Berawan
Kp.Soribo,2025-08-29 13:00:00,29,77,1.3,2.4,SW,100,< 7 km,Hujan Ringan
Kp.Soribo,2025-08-29 14:00:00,27,84,1.3,2.4,SW,100,< 7 km,Hujan Ringan
Kp.Soribo,2025-08-29 15:00:00,27,76,0.0,3.1,NW,100,< 6 km,Berawan
Kp.Soribo,2025-08-29 16:00:00,26,87,0.3,2.7,SW,100,< 7 km,Berawan
Kp.Soribo,2025-08-29 17:00:00,26,92,0.3,2.7,SW,100,< 7 km,Berawan
Kp.Soribo,2025-08-29 18:00:00,26,88,0.0,0.6,SW,97,< 6 km,Berawan
Kp.Soribo,2025-08-29 19:00:00,25,92,0.0,4.6,SE,100,< 7 km,Berawan
Kp.Soribo,2025-08-29 20:00:00,25,88,0.0,4.6,SE,98,< 7 km,Berawan
Kp.Soribo,2025-08-29 21:00:00,25,92,0.0,8.9,W,78,< 7 km,Cerah Berawan
Kp.Soribo,2025-08-29 22:00:00,25,86,0.0,3.8,SE,98,< 6 km,Berawan
Kp.Soribo,2025-08-29 23:00:00,25,85,0.0,3.8,SE,100,< 6 km,Berawan
Kp.Soribo,2025-08-30 00:00:00,24,93,0.0,2.7,S,100,< 9 km,Hujan Ringan
Kp.Soribo,2025-08-30 01:00:00,24,91,0.0,4.9,S,100,< 9 km,Hujan Ringan
Kp.Soribo,2025-08-30 02:00:00,25,90,0.0,5.9,S,66,< 7 km,Cerah Berawan
Kp.Soribo,2025-08-30 03:00:00,24,89,0.0,4.9,S,98,< 9 km,Berawan
Kp.Soribo,2025-08-30 04:00:00,24,89,0.0,4.6,SW,99,< 8 km,Berawan
Kp.Soribo,2025-08-30 05:00:00,25,91,0.0,12.2,SE,20,< 6 km,Cerah
Kp.Soribo,2025-08-30 06:00:00,24,89,0.0,4.6,SW,95,< 8 km,Berawan
Kp.Soribo,2025-08-30 07:00:00,26,87,0.0,2.9,NW,98,< 9 km,Berawan
Kp.Soribo,2025-08-30 08:00:00,28,77,0.0,15.1,E,4,> 10 km,Cerah
Kp.Soribo,2025-08-30 09:00:00,29,75,0.0,2.9,NW,93,< 9 km,Berawan
Kp.Soribo,2025-08-30 10:00:00,30,70,0.0,7.7,E,93,< 8 km,Berawan
Kp.Soribo,2025-08-30 11:00:00,30,67,0.0,7.7,E,21,< 8 km,Cerah
Kp.Soribo,2025-08-30 12:00:00,30,77,0.7,6.8,E,52,< 8 km,Hujan Ringan
Kp.Soribo,2025-08-30 13:00:00,29,76,0.7,5.3,SE,34,< 8 km,Cerah
Kp.Soribo,2025-08-30 14:00:00,28,79,0.7,5.3,SE,44,< 8 km,Cerah
Kp.Soribo,2025-08-30 15:00:00,27,84,0.6,5.3,SE,96,< 8 km,Berawan
Kp.Soribo,2025-08-30 16:00:00,26,87,0.6,5.8,S,88,< 8 km,Cerah Berawan
Kp.Soribo,2025-08-30 17:00:00,26,91,0.6,5.8,S,95,< 8 km,Berawan
Kp.Soribo,2025-08-30 18:00:00,25,93,0.0,5.8,S,46,< 8 km,Cerah
Kp.Soribo,2025-08-30 19:00:00,25,94,0.0,3.2,S,90,< 8 km,Berawan
Kp.Soribo,2025-08-30 20:00:00,24,94,0.0,3.2,S,68,< 8 km,Cerah Berawan
Kp.Soribo,2025-08-30 21:00:00,24,93,0.0,3.2,S,75,< 8 km,Cerah Berawan
Kp.Soribo,2025-08-30 22:00:00,23,93,0.0,5.8,SW,98,< 8 km,Berawan
Kp.Soribo,2025-08-30 23:00:00,24,91,0.0,6.2,SW,84,< 7 km,Cerah Berawan
Kp.Soribo,2025-08-31 00:00:00,24,90,0.0,6.2,SW,98,< 7 km,Berawan
Kp.Soribo,2025-08-31 01:00:00,24,92,0.0,5.3,SW,100,< 7 km,Berawan
Kp.Soribo,2025-08-31 02:00:00,24,92,0.0,5.3,SW,99,< 7 km,Berawan
Kp.Soribo,2025-08-31 03:00:00,23,90,0.0,5.3,SW,99,< 7 km,Berawan
Kp.Soribo,2025-08-31 04:00:00,24,90,0.0,5.0,S,100,< 7 km,Berawan
Kp.Soribo,2025-08-31 05:00:00,24,91,0.0,5.0,S,100,< 7 km,Berawan
Kp.Soribo,2025-08-31 06:00:00,24,93,0.0,5.0,S,100,< 7 km,Berawan
Kp.Soribo,2025-08-31 07:00:00,26,87,0.0,7.7,E,100,< 6 km,Berawan
Kp.Soribo,2025-08-31 08:00:00,27,81,0.0,7.7,E,100,< 6 km,Berawan
Kp.Soribo,2025-08-31 09:00:00,28,78,0.0,7.7,E,100,< 6 km,Berawan
Kp.Soribo,2025-08-31 10:00:00,29,75,0.0,9.5,E,100,< 7 km,Berawan
Kp.Soribo,2025-08-31 11:00:00,29,73,0.0,9.4,E,86,< 9 km,Hujan Ringan
Kp.Soribo,2025-08-31 12:00:00,29,75,0.1,9.4,E,99,< 9 km,Hujan Ringan
Kp.Soribo,2025-08-31 13:00:00,29,77,0.1,4.6,E,97,< 8 km,Berawan
Kp.Soribo,2025-08-31 14:00:00,29,74,0.1,4.6,E,86,< 8 km,Cerah Berawan
Kp.Soribo,2025-08-31 15:00:00,29,75,0.1,4.6,E,83,< 8 km,Cerah Berawan
Kp.Soribo,2025-08-31 16:00:00,28,79,0.1,2.7,SE,89,< 9 km,Cerah Berawan
Kp.Soribo,2025-08-31 17:00:00,27,90,0.1,2.7,SE,89,< 9 km,Cerah Berawan
Kp.Soribo,2025-08-31 18:00:00,26,91,0.0,2.7,SE,91,< 9 km,Berawan
Kp.Soribo,2025-08-31 19:00:00,26,91,0.0,2.0,S,92,< 8 km,Berawan
Kp.Soribo,2025-08-31 20:00:00,25,91,0.0,2.0,S,68,< 8 km,Cerah Berawan
Kp.Soribo,2025-08-31 21:00:00,25,90,0.0,2.0,S,46,< 8 km,Cerah
Kp.Soribo,2025-08-31 22:00:00,24,90,0.0,3.3,S,98,< 8 km,Berawan
Kp.Soribo,2025-08-31 23:00:00,24,90,0.0,3.3,S,99,< 8 km,Berawan
Kp.Soribo,2025-09-01 00:00:00,24,95,0.1,0.5,SW,98,< 7 km,Berawan
Kp.Soribo,2025-09-01 01:00:00,25,92,0.1,11.8,E,98,< 9 km,Berawan
Kp.Soribo,2025-09-01 02:00:00,25,90,0.1,11.8,E,100,< 9 km,Berawan
Kp.Soribo,2025-09-01 03:00:00,24,92,0.0,10.6,SE,97,< 7 km,Berawan
Kp.Soribo,2025-09-01 04:00:00,25,89,0.2,14.5,E,100,< 6 km,Berawan
Kp.Soribo,2025-09-01 05:00:00,25,89,0.2,14.5,E,100,< 6 km,Berawan
Kp.Soribo,2025-09-01 06:00:00,24,93,1.5,12.5,E,100,< 7 km,Hujan Ringan
Kp.Soribo,2025-09-01 07:00:00,25,91,0.8,14.5,E,100,< 7 km,Berawan
Kp.Soribo,2025-09-01 08:00:00,26,91,0.8,14.5,E,100,< 7 km,Berawan
Kp.Soribo,2025-09-01 09:00:00,25,91,0.3,19.2,E,100,< 7 km,Berawan
Kp.Soribo,2025-09-01 10:00:00,26,87,0.3,18.4,E,100,< 6 km,Hujan Ringan
Kp.Soribo,2025-09-01 11:00:00,26,91,0.9,15.0,E,100,< 5 km,Hujan Ringan
Kp.Soribo,2025-09-01 12:00:00,26,92,0.4,15.0,E,100,< 5 km,Hujan Ringan
Kp.Soribo,2025-09-01 13:00:00,26,90,0.4,15.6,E,100,< 7 km,Berawan
Kp.Soribo,2025-09-01 14:00:00,26,88,0.4,15.6,E,100,< 7 km,Berawan
Kp.Soribo,2025-09-01 15:00:00,26,87,0.0,15.6,E,100,< 7 km,Berawan
Kp.Soribo,2025-09-01 16:00:00,26,89,0.0,13.3,E,100,< 7 km,Berawan
Kp.Soribo,2025-09-01 17:00:00,26,91,0.0,13.3,E,100,< 7 km,Berawan
Kp.Soribo,2025-09-01 18:00:00,26,89,0.0,13.3,E,100,< 7 km,Berawan
Kp.Soribo,2025-09-01 19:00:00,26,89,0.0,12.5,E,100,< 7 km,Berawan
Kp.Soribo,2025-09-01 20:00:00,26,89,0.0,12.5,E,100,< 7 km,Berawan
Kp.Soribo,2025-09-01 21:00:00,26,88,0.1,12.5,E,99,< 7 km,Berawan
Kp.Soribo,2025-09-01 22:00:00,26,85,0.1,16.0,E,98,< 7 km,Hujan Ringan
Kp.Soribo,2025-09-01 23:00:00,26,88,0.1,16.0,E,94,< 7 km,Hujan Ringan
Kp.Soribo,2025-09-02 00:00:00,25,90,0.1,15.2,E,97,> 10 km,Berawan
Kp.Soribo,2025-09-02 01:00:00,25,90,0.1,10.7,E,99,< 9 km,Berawan
Kp.Soribo,2025-09-02 02:00:00,25,91,0.1,11.7,E,100,< 6 km,Berawan
Kp.Soribo,2025-09-02 03:00:00,25,90,0.4,10.7,E,100,< 9 km,Berawan
Kp.Soribo,2025-09-02 04:00:00,25,91,0.4,11.5,E,100,> 10 km,Berawan
Kp.Soribo,2025-09-02 05:00:00,25,90,0.1,9.9,E,100,< 6 km,Berawan
Kp.Soribo,2025-09-02 06:00:00,25,90,0.4,11.5,E,100,> 10 km,Berawan
Kp.Soribo,2025-09-02 07:00:00,26,90,0.4,15.7,E,100,< 10 km,Berawan
Kp.Soribo,2025-09-02 08:00:00,26,89,0.4,15.7,E,100,< 10 km,Berawan
Kp.Soribo,2025-09-02 09:00:00,26,90,0.4,15.7,E,100,< 10 km,Hujan Ringan
Kp.Soribo,2025-09-02 10:00:00,26,88,0.4,16.9,E,100,> 10 km,Hujan Ringan
Kp.Soribo,2025-09-02 11:00:00,28,77,0.2,17.2,E,100,< 9 km,Hujan Ringan
Kp.Soribo,2025-09-02 12:00:00,28,77,0.1,17.2,E,99,< 9 km,Hujan Ringan
Kp.Soribo,2025-09-02 13:00:00,28,78,0.1,11.1,E,100,< 9 km,Hujan Ringan
Kp.Soribo,2025-09-02 14:00:00,27,81,0.1,11.1,E,96,< 9 km,Hujan Ringan
Kp.Soribo,2025-09-02 15:00:00,27,82,0.1,11.1,E,91,< 9 km,Berawan
Kp.Soribo,2025-09-02 16:00:00,27,83,0.1,4.0,E,85,< 9 km,Cerah Berawan
Kp.Soribo,2025-09-02 17:00:00,26,87,0.1,4.0,E,75,< 9 km,Cerah Berawan
Kp.Soribo,2025-09-02 18:00:00,26,87,0.0,4.0,E,91,< 9 km,Berawan
Kp.Soribo,2025-09-02 19:00:00,26,86,0.0,9.3,E,62,< 8 km,Hujan Ringan
Kp.Soribo,2025-09-02 20:00:00,26,86,0.0,9.3,E,61,< 8 km,Cerah Berawan
Kp.Soribo,2025-09-02 21:00:00,26,86,0.0,9.3,E,38,< 8 km,Cerah
Kp.Soribo,2025-09-02 22:00:00,26,86,0.0,11.8,SE,31,< 8 km,Cerah
Kp.Soribo,2025-09-02 23:00:00,26,85,0.0,11.8,SE,22,< 8 km,Cerah
Kp.Soribo,2025-09-03 00:00:00,25,88,0.3,11.8,SE,73,< 8 km,Cerah Berawan
Kp.Soribo,2025-09-03 01:00:00,25,90,0.3,17.7,E,80,< 8 km,Cerah Berawan
Kp.Soribo,2025-09-03 02:00:00,24,92,0.3,17.7,E,95,< 8 km,Berawan
Kp.Soribo,2025-09-03 03:00:00,24,91,0.1,17.7,E,69,< 8 km,Cerah Berawan
Kp.Soribo,2025-09-03 04:00:00,24,90,0.1,8.8,E,24,< 8 km,Cerah
Kp.Soribo,2025-09-03 05:00:00,24,91,0.1,8.8,E,16,< 8 km,Cerah
Kp.Soribo,2025-09-03 06:00:00,25,88,0.0,8.8,E,29,< 8 km,Cerah
Kp.Soribo,2025-09-03 07:00:00,26,83,0.0,13.0,E,34,< 9 km,Cerah
Kp.Soribo,2025-09-03 08:00:00,27,78,0.0,13.0,E,35,< 9 km,Cerah
Kp.Soribo,2025-09-03 09:00:00,27,79,0.1,13.0,E,24,< 9 km,Cerah
Kp.Soribo,2025-09-03 10:00:00,28,78,0.1,15.9,E,35,< 9 km,Cerah
Kp.Soribo,2025-09-03 11:00:00,28,76,0.1,15.6,E,23,< 9 km,Cerah
Kp.Soribo,2025-09-03 12:00:00,28,77,0.0,15.9,E,22,< 9 km,Cerah
Kp.Soribo,2025-09-03 13:00:00,28,79,0.0,12.4,E,22,< 8 km,Cerah
Kp.Soribo,2025-09-03 14:00:00,28,78,0.0,12.4,E,16,< 8 km,Hujan Ringan
Kp.Soribo,2025-09-03 15:00:00,28,79,0.1,12.4,E,21,< 8 km,Hujan Ringan
Kp.Soribo,2025-09-03 16:00:00,27,79,0.1,4.7,SE,31,< 9 km,Berawan
Kp.Soribo,2025-09-03 17:00:00,26,86,0.1,4.7,SE,34,< 9 km,Hujan Ringan
Kp.Soribo,2025-09-03 18:00:00,26,87,0.0,4.7,SE,29,< 9 km,Cerah
Kp.Soribo,2025-09-03 19:00:00,26,88,0.0,2.1,S,24,< 9 km,Cerah
Kp.Soribo,2025-09-03 20:00:00,25,88,0.0,2.1,S,52,< 9 km,Cerah
Kp.Soribo,2025-09-03 21:00:00,25,90,0.6,2.1,S,79,< 9 km,Cerah Berawan
Kp.Soribo,2025-09-03 22:00:00,24,92,0.6,6.4,SE,97,< 8 km,Berawan
Kp.Soribo,2025-09-03 23:00:00,24,94,0.6,6.4,SE,98,< 8 km,Berawan
Kp.Soribo,2025-09-04 00:00:00,24,92,0.2,2.5,SW,98,< 7 km,Berawan
Kp.Soribo,2025-09-04 01:00:00,23,93,0.2,2.8,S,98,< 6 km,Berawan
Kp.Soribo,2025-09-04 02:00:00,24,94,0.2,7.1,SE,93,< 8 km,Berawan
Kp.Soribo,2025-09-04 03:00:00,23,96,0.8,2.8,S,96,< 6 km,Berawan
Kp.Soribo,2025-09-04 04:00:00,23,95,0.8,6.2,SE,72,< 6 km,Cerah Berawan
Kp.Soribo,2025-09-04 05:00:00,23,96,0.5,7.5,SE,96,< 8 km,Berawan
Kp.Soribo,2025-09-04 06:00:00,24,95,0.4,6.2,SE,98,< 6 km,Berawan
Kp.Soribo,2025-09-04 07:00:00,25,93,0.4,9.1,E,47,< 7 km,Cerah
Kp.Soribo,2025-09-04 08:00:00,26,87,0.4,9.1,E,52,< 7 km,Cerah
Kp.Soribo,2025-09-04 09:00:00,27,82,0.1,9.1,E,38,< 7 km,Cerah
Kp.Soribo,2025-09-04 10:00:00,28,78,0.1,18.0,E,58,< 7 km,Cerah
Kp.Soribo,2025-09-04 11:00:00,28,77,0.1,18.0,E,28,< 7 km,Hujan Ringan
Kp.Soribo,2025-09-04 12:00:00,28,76,1.3,12.1,E,39,< 7 km,Hujan Ringan
Kp.Soribo,2025-09-04 13:00:00,28,76,0.1,14.6,E,44,< 7 km,Cerah
Kp.Soribo,2025-09-04 14:00:00,28,79,1.3,9.5,E,86,< 6 km,Hujan Ringan
Kp.Soribo,2025-09-04 15:00:00,27,80,1.3,9.5,E,95,< 6 km,Hujan Ringan
Kp.Soribo,2025-09-04 16:00:00,27,82,1.3,5.7,SE,84,< 7 km,Berawan
Kp.Soribo,2025-09-04 17:00:00,26,88,1.3,5.7,SE,100,< 7 km,Hujan Ringan
Kp.Soribo,2025-09-04 18:00:00,26,89,0.0,5.7,SE,100,< 7 km,Hujan Ringan
Kp.Soribo,2025-09-04 19:00:00,26,88,0.0,8.3,SE,100,< 6 km,Berawan
Kp.Soribo,2025-09-04 20:00:00,26,88,0.0,8.3,SE,100,< 6 km,Berawan
Kp.Soribo,2025-09-04 21:00:00,26,88,0.0,8.3,SE,100,< 6 km,Berawan
Kp.Soribo,2025-09-04 22:00:00,25,88,0.0,12.8,E,98,< 6 km,Berawan
Kp.Soribo,2025-09-04 23:00:00,25,88,0.0,12.8,E,99,< 6 km,Berawan
Kp.Soribo,2025-09-05 00:00:00,25,91,0.8,12.8,E,100,< 6 km,Berawan
Kp.Soribo,2025-09-05 01:00:00,24,92,0.8,6.6,SE,100,< 6 km,Berawan
Kp.Soribo,2025-09-05 02:00:00,24,95,0.8,6.6,SE,99,< 6 km,Berawan
Kp.Soribo,2025-09-05 03:00:00,24,95,0.5,6.6,SE,99,< 6 km,Berawan
Kp.Soribo,2025-09-05 04:00:00,24,96,0.5,7.6,E,97,< 6 km,Berawan
Kp.Soribo,2025-09-05 05:00:00,24,96,0.5,7.6,E,99,< 6 km,Berawan
Kp.Soribo,2025-09-05 06:00:00,25,94,0.7,7.6,E,100,< 6 km,Berawan
Kp.Soribo,2025-09-05 07:00:00,26,92,0.7,11.7,E,94,< 6 km,Berawan
Kp.Soribo,2025-09-05 08:00:00,26,91,0.7,11.7,E,57,< 6 km,Cerah
Kp.Soribo,2025-09-05 09:00:00,27,89,1.3,11.7,E,86,< 6 km,Hujan Ringan
Kp.Soribo,2025-09-05 10:00:00,26,88,1.3,11.9,E,99,< 7 km,Hujan Ringan
Kp.Soribo,2025-09-05 11:00:00,26,89,1.3,11.9,E,80,< 7 km,Hujan Ringan
Kp.Soribo,2025-09-05 12:00:00,28,83,1.3,11.9,E,88,< 7 km,Hujan Ringan
Kp.Soribo,2025-09-05 13:00:00,28,78,1.3,9.1,E,92,< 7 km,Hujan Ringan
Kp.Soribo,2025-09-05 14:00:00,28,78,1.3,9.1,E,80,< 7 km,Hujan Ringan
Kp.Soribo,2025-09-05 15:00:00,28,78,0.0,9.1,E,98,< 7 km,Berawan
Kp.Soribo,2025-09-05 16:00:00,27,81,0.0,2.8,SE,100,< 7 km,Berawan
Kp.Soribo,2025-09-05 17:00:00,26,87,0.0,2.8,SE,100,< 7 km,Berawan
Kp.Soribo,2025-09-05 18:00:00,26,89,0.0,2.8,SE,100,< 7 km,Berawan
Kp.Soribo,2025-09-05 19:00:00,26,89,0.0,3.7,SE,100,< 6 km,Berawan
Kp.Soribo,2025-09-05 20:00:00,26,89,0.0,3.7,SE,100,< 6 km,Berawan
Kp.Soribo,2025-09-05 21:00:00,25,90,0.2,3.7,SE,99,< 6 km,Berawan
Kp.Soribo,2025-09-05 22:00:00,24,90,0.2,8.2,SE,99,< 7 km,Berawan
Kp.Soribo,2025-09-05 23:00:00,24,91,0.2,8.2,SE,100,< 7 km,Berawan
Kp.Soribo,2025-09-06 00:00:00,24,90,0.0,8.2,SE,100,< 7 km,Berawan
Kp.Soribo,2025-09-06 01:00:00,24,90,0.0,5.3,SE,100,< 7 km,Berawan
Kp.Soribo,2025-09-06 02:00:00,24,91,0.0,5.3,SE,100,< 7 km,Berawan
Kp.Soribo,2025-09-06 03:00:00,24,93,0.4,5.3,SE,96,< 7 km,Berawan
Kp.Soribo,2025-09-06 04:00:00,24,94,0.4,7.0,SE,90,< 6 km,Berawan
Kp.Soribo,2025-09-06 05:00:00,24,93,0.4,7.0,SE,75,< 6 km,Cerah Berawan
Kp.Soribo,2025-09-06 06:00:00,25,93,0.0,7.0,SE,55,< 6 km,Cerah
Kp.Soribo,2025-09-06 07:00:00,27,88,0.0,12.7,E,48,< 6 km,Cerah
Kp.Soribo,2025-09-06 08:00:00,27,83,0.0,12.7,E,19,< 6 km,Cerah
Kp.Soribo,2025-09-06 09:00:00,28,77,0.1,12.7,E,50,< 6 km,Cerah
Kp.Soribo,2025-09-06 10:00:00,28,80,0.1,12.7,E,35,< 6 km,Cerah
Kp.Soribo,2025-09-06 11:00:00,29,76,0.1,12.7,E,32,< 6 km,Cerah
Kp.Soribo,2025-09-06 12:00:00,29,74,0.1,11.0,E,19,< 6 km,Cerah
Kp.Soribo,2025-09-06 13:00:00,29,75,0.1,11.0,E,20,< 6 km,Cerah
Kp.Soribo,2025-09-06 14:00:00,29,77,0.1,11.0,E,54,< 6 km,Cerah
Kp.Soribo,2025-09-06 15:00:00,28,79,0.5,11.0,E,96,< 6 km,Berawan
Kp.Soribo,2025-09-06 16:00:00,28,82,0.5,11.0,E,96,< 6 km,Berawan
Kp.Soribo,2025-09-06 17:00:00,27,91,0.5,11.0,E,95,< 6 km,Berawan
Kp.Soribo,2025-09-06 18:00:00,26,92,0.5,3.7,W,97,< 7 km,Berawan
Kp.Soribo,2025-09-06 19:00:00,25,96,0.5,3.7,W,99,< 7 km,Berawan
Kp.Soribo,2025-09-06 20:00:00,25,94,0.5,3.7,W,99,< 7 km,Berawan
Kp.Soribo,2025-09-06 21:00:00,24,96,0.7,3.7,W,90,< 7 km,Berawan
Kp.Soribo,2025-09-06 22:00:00,24,96,0.7,3.7,W,98,< 7 km,Berawan
Kp.Soribo,2025-09-06 23:00:00,24,97,0.7,3.7,W,97,< 7 km,Berawan
Kp.Tanah Merah,2025-08-20 22:00:00,25,93,1.3,10.9,E,100,< 6 km,Hujan Ringan
Kp.Tanah Merah,2025-08-21 00:00:00,24,94,1.3,6.2,E,100,< 7 km,Hujan Ringan
Kp.Tanah Merah,2025-08-21 01:00:00,25,91,1.3,12.0,E,100,< 6 km,Hujan Ringan
Kp.Tanah Merah,2025-08-21 02:00:00,24,93,1.3,6.1,SE,100,< 6 km,Hujan Ringan
Kp.Tanah Merah,2025-08-21 03:00:00,24,93,0.4,6.1,SE,100,< 6 km,Hujan Ringan
Kp.Tanah Merah,2025-08-21 04:00:00,24,93,0.5,3.1,S,100,< 6 km,Berawan
Kp.Tanah Merah,2025-08-21 05:00:00,24,93,0.4,2.1,SW,100,< 6 km,Hujan Ringan
Kp.Tanah Merah,2025-08-21 06:00:00,24,94,1.3,2.1,SW,100,< 6 km,Hujan Ringan
Kp.Tanah Merah,2025-08-21 07:00:00,25,91,1.3,6.3,E,100,< 7 km,Hujan Ringan
Kp.Tanah Merah,2025-08-21 08:00:00,25,94,1.3,1.0,E,100,< 6 km,Hujan Ringan
Kp.Tanah Merah,2025-08-21 09:00:00,25,93,1.3,1.0,E,100,< 6 km,Hujan Ringan
Kp.Tanah Merah,2025-08-21 10:00:00,25,94,1.3,6.6,E,100,< 6 km,Hujan Ringan
Kp.Tanah Merah,2025-08-21 11:00:00,25,94,1.3,1.6,S,100,< 6 km,Hujan Ringan
Kp.Tanah Merah,2025-08-21 12:00:00,26,90,0.8,9.1,E,100,< 6 km,Berawan
Kp.Tanah Merah,2025-08-21 13:00:00,26,90,0.8,5.1,E,100,< 7 km,Berawan
Kp.Tanah Merah,2025-08-21 14:00:00,26,89,0.8,5.1,E,100,< 7 km,Berawan
Kp.Tanah Merah,2025-08-21 15:00:00,25,92,0.9,5.1,E,100,< 7 km,Hujan Ringan
Kp.Tanah Merah,2025-08-21 16:00:00,25,93,0.9,0.9,SW,100,< 8 km,Hujan Ringan
Kp.Tanah Merah,2025-08-21 17:00:00,25,94,0.9,0.9,SW,100,< 8 km,Hujan Ringan
Kp.Tanah Merah,2025-08-21 18:00:00,25,95,0.0,0.9,SW,99,< 8 km,Hujan Ringan
Kp.Tanah Merah,2025-08-21 19:00:00,25,94,0.0,6.3,W,100,< 8 km,Hujan Ringan
Kp.Tanah Merah,2025-08-21 20:00:00,24,94,0.0,6.3,W,100,< 8 km,Berawan
Kp.Tanah Merah,2025-08-21 21:00:00,24,94,1.3,6.3,W,100,< 8 km,Hujan Ringan
Kp.Tanah Merah,2025-08-21 22:00:00,24,95,1.3,1.9,W,100,< 7 km,Hujan Ringan
Kp.Tanah Merah,2025-08-21 23:00:00,24,94,1.3,1.9,W,100,< 7 km,Hujan Ringan
Kp.Tanah Merah,2025-08-22 00:00:00,24,94,0.3,6.3,W,100,< 7 km,Berawan
Kp.Tanah Merah,2025-08-22 01:00:00,23,94,0.3,1.9,SW,100,> 10 km,Berawan
Kp.Tanah Merah,2025-08-22 02:00:00,23,93,0.3,1.9,SW,100,> 10 km,Berawan
Kp.Tanah Merah,2025-08-22 03:00:00,23,93,0.1,1.9,SW,100,> 10 km,Berawan
Kp.Tanah Merah,2025-08-22 04:00:00,24,91,0.1,1.6,SW,100,> 10 km,Berawan
Kp.Tanah Merah,2025-08-22 05:00:00,24,91,0.1,1.6,SW,100,> 10 km,Berawan
Kp.Tanah Merah,2025-08-22 06:00:00,24,91,0.0,1.6,SW,100,> 10 km,Berawan
Kp.Tanah Merah,2025-08-22 07:00:00,25,92,0.0,1.3,E,100,> 10 km,Berawan
Kp.Tanah Merah,2025-08-22 08:00:00,26,87,0.0,1.3,E,100,> 10 km,Berawan
Kp.Tanah Merah,2025-08-22 09:00:00,26,88,0.2,1.3,E,100,> 10 km,Berawan
Kp.Tanah Merah,2025-08-22 10:00:00,27,85,0.2,3.5,E,100,> 10 km,Berawan
Kp.Tanah Merah,2025-08-22 11:00:00,28,78,0.2,1.4,SW,100,< 9 km,Berawan
Kp.Tanah Merah,2025-08-22 12:00:00,28,76,0.3,1.4,SW,100,< 9 km,Hujan Ringan
Kp.Tanah Merah,2025-08-22 13:00:00,28,76,0.2,4.0,SE,99,> 10 km,Berawan
Kp.Tanah Merah,2025-08-22 14:00:00,28,77,0.3,3.5,S,99,< 8 km,Hujan Ringan
Kp.Tanah Merah,2025-08-22 15:00:00,27,80,0.5,3.5,S,100,< 8 km,Hujan Ringan
Kp.Tanah Merah,2025-08-22 16:00:00,26,85,0.5,8.1,W,100,< 9 km,Berawan
Kp.Tanah Merah,2025-08-22 17:00:00,26,88,0.5,8.1,W,100,< 9 km,Berawan
Kp.Tanah Merah,2025-08-22 18:00:00,25,89,0.0,8.1,W,100,< 9 km,Berawan
Kp.Tanah Merah,2025-08-22 19:00:00,25,90,0.0,7.1,SW,99,< 8 km,Berawan
Kp.Tanah Merah,2025-08-22 20:00:00,25,90,0.0,7.1,SW,100,< 8 km,Berawan
Kp.Tanah Merah,2025-08-22 21:00:00,25,91,0.1,7.1,SW,100,< 8 km,Berawan
Kp.Tanah Merah,2025-08-22 22:00:00,24,91,0.1,3.8,S,100,< 9 km,Berawan
Kp.Tanah Merah,2025-08-22 23:00:00,24,91,0.1,3.8,S,99,< 9 km,Berawan
Kp.Tanah Merah,2025-08-23 00:00:00,24,91,0.1,4.5,SW,100,< 9 km,Berawan
Kp.Tanah Merah,2025-08-23 01:00:00,24,91,0.1,5.4,SW,98,< 8 km,Berawan
Kp.Tanah Merah,2025-08-23 02:00:00,24,89,0.1,5.4,SW,99,< 8 km,Berawan
Kp.Tanah Merah,2025-08-23 03:00:00,24,89,0.2,5.4,SW,99,< 8 km,Hujan Ringan
Kp.Tanah Merah,2025-08-23 04:00:00,23,90,0.2,3.1,S,100,< 8 km,Berawan
Kp.Tanah Merah,2025-08-23 05:00:00,24,89,0.2,3.1,S,100,< 8 km,Berawan
Kp.Tanah Merah,2025-08-23 06:00:00,24,90,0.4,3.1,S,100,< 8 km,Berawan
Kp.Tanah Merah,2025-08-23 07:00:00,25,88,0.4,4.8,NW,100,< 8 km,Hujan Ringan
Kp.Tanah Merah,2025-08-23 08:00:00,26,87,0.4,4.8,NW,100,< 8 km,Hujan Ringan
Kp.Tanah Merah,2025-08-23 09:00:00,26,86,0.1,4.8,NW,100,< 8 km,Hujan Ringan
Kp.Tanah Merah,2025-08-23 10:00:00,27,81,0.1,8.3,NE,100,< 9 km,Hujan Ringan
Kp.Tanah Merah,2025-08-23 11:00:00,26,93,1.3,1.6,NE,100,< 6 km,Hujan Ringan
Kp.Tanah Merah,2025-08-23 12:00:00,26,92,1.1,1.6,NE,100,< 6 km,Hujan Ringan
Kp.Tanah Merah,2025-08-23 13:00:00,26,93,1.1,1.5,NW,100,< 6 km,Hujan Ringan
Kp.Tanah Merah,2025-08-23 14:00:00,26,91,1.1,1.5,NW,100,< 6 km,Hujan Ringan
Kp.Tanah Merah,2025-08-23 15:00:00,26,92,1.4,1.5,NW,100,< 6 km,Hujan Ringan
Kp.Tanah Merah,2025-08-23 16:00:00,25,93,1.4,1.0,S,100,< 6 km,Hujan Ringan
Kp.Tanah Merah,2025-08-23 17:00:00,24,95,1.4,1.0,S,100,< 6 km,Hujan Ringan
Kp.Tanah Merah,2025-08-23 18:00:00,24,94,0.6,1.0,S,100,< 6 km,Berawan
Kp.Tanah Merah,2025-08-23 19:00:00,24,93,0.6,2.6,S,100,< 7 km,Berawan
Kp.Tanah Merah,2025-08-23 20:00:00,24,92,0.6,2.6,S,100,< 7 km,Berawan
Kp.Tanah Merah,2025-08-23 21:00:00,24,92,0.0,2.6,S,100,< 7 km,Berawan
Kp.Tanah Merah,2025-08-23 22:00:00,24,92,0.0,4.7,SW,97,< 6 km,Berawan
Kp.Tanah Merah,2025-08-23 23:00:00,24,92,0.0,4.7,SW,100,< 6 km,Berawan
Kp.Tanah Merah,2025-08-24 00:00:00,24,92,0.0,4.7,SW,100,< 6 km,Berawan
Kp.Tanah Merah,2025-08-24 01:00:00,25,91,0.1,5.9,SE,100,< 7 km,Berawan
Kp.Tanah Merah,2025-08-24 02:00:00,24,91,0.0,3.6,S,99,< 7 km,Berawan
Kp.Tanah Merah,2025-08-24 03:00:00,24,94,0.1,3.6,S,100,< 7 km,Berawan
Kp.Tanah Merah,2025-08-24 04:00:00,24,95,1.3,2.7,S,100,< 7 km,Cerah Berawan
Kp.Tanah Merah,2025-08-24 05:00:00,25,91,0.1,7.3,SE,100,< 7 km,Berawan
Kp.Tanah Merah,2025-08-24 06:00:00,25,91,1.3,7.3,SE,100,< 7 km,Hujan Ringan
Kp.Tanah Merah,2025-08-24 07:00:00,25,92,0.3,6.1,E,100,< 7 km,Berawan
Kp.Tanah Merah,2025-08-24 08:00:00,26,88,1.3,7.7,E,99,< 6 km,Hujan Ringan
Kp.Tanah Merah,2025-08-24 09:00:00,26,90,1.5,6.1,E,100,< 7 km,Hujan Ringan
Kp.Tanah Merah,2025-08-24 10:00:00,26,88,1.5,11.9,E,100,< 6 km,Hujan Ringan
Kp.Tanah Merah,2025-08-24 11:00:00,27,84,0.7,10.1,E,34,< 6 km,Cerah
Kp.Tanah Merah,2025-08-24 12:00:00,26,86,0.0,11.9,E,57,< 6 km,Hujan Ringan
Kp.Tanah Merah,2025-08-24 13:00:00,27,79,0.0,7.6,E,74,< 6 km,Cerah Berawan
Kp.Tanah Merah,2025-08-24 14:00:00,28,77,1.3,5.5,E,73,< 7 km,Hujan Ringan
Kp.Tanah Merah,2025-08-24 15:00:00,28,78,0.0,7.6,E,47,< 6 km,Cerah
Kp.Tanah Merah,2025-08-24 16:00:00,27,80,0.2,3.7,E,46,< 8 km,Cerah
Kp.Tanah Merah,2025-08-24 17:00:00,24,94,1.3,6.5,SW,99,< 7 km,Hujan Ringan
Kp.Tanah Merah,2025-08-24 18:00:00,26,86,0.0,2.3,SE,95,< 7 km,Berawan
Kp.Tanah Merah,2025-08-24 19:00:00,26,86,0.0,7.5,SE,90,< 8 km,Cerah Berawan
Kp.Tanah Merah,2025-08-24 20:00:00,26,86,0.0,7.5,SE,73,< 8 km,Cerah Berawan
Kp.Tanah Merah,2025-08-24 21:00:00,26,86,0.0,7.5,SE,92,< 8 km,Berawan
Kp.Tanah Merah,2025-08-24 22:00:00,26,86,0.0,7.6,SE,68,< 8 km,Cerah Berawan
Kp.Tanah Merah,2025-08-24 23:00:00,26,86,0.0,7.6,SE,35,< 8 km,Cerah
Kp.Tanah Merah,2025-08-25 00:00:00,25,88,0.8,7.6,SE,66,< 8 km,Cerah Berawan
Kp.Tanah Merah,2025-08-25 01:00:00,24,91,0.8,8.2,SE,91,< 9 km,Berawan
Kp.Tanah Merah,2025-08-25 02:00:00,24,92,0.8,8.2,SE,100,< 9 km,Berawan
Kp.Tanah Merah,2025-08-25 03:00:00,25,91,0.3,8.2,SE,70,< 9 km,Cerah Berawan
Kp.Tanah Merah,2025-08-25 04:00:00,24,91,0.3,6.5,SE,78,< 8 km,Cerah Berawan
Kp.Tanah Merah,2025-08-25 05:00:00,25,91,0.3,6.5,SE,68,< 8 km,Cerah Berawan
Kp.Tanah Merah,2025-08-25 06:00:00,26,90,0.1,6.5,SE,55,< 8 km,Cerah
Kp.Tanah Merah,2025-08-25 07:00:00,27,85,0.1,7.7,E,27,< 9 km,Cerah
Kp.Tanah Merah,2025-08-25 08:00:00,27,83,0.1,7.7,E,55,< 9 km,Cerah
Kp.Tanah Merah,2025-08-25 09:00:00,26,84,0.0,2.0,W,100,> 10 km,Berawan
Kp.Tanah Merah,2025-08-25 10:00:00,28,78,2.0,10.1,E,39,< 8 km,Hujan Ringan
Kp.Tanah Merah,2025-08-25 11:00:00,28,76,0.6,5.0,NW,82,< 9 km,Hujan Ringan
Kp.Tanah Merah,2025-08-25 12:00:00,28,76,0.0,5.3,NE,99,> 10 km,Hujan Ringan
Kp.Tanah Merah,2025-08-25 13:00:00,28,78,2.0,8.3,E,16,< 8 km,Hujan Ringan
Kp.Tanah Merah,2025-08-25 14:00:00,29,76,0.6,9.8,NW,69,< 8 km,Cerah Berawan
Kp.Tanah Merah,2025-08-25 15:00:00,28,78,0.3,5.7,SE,85,> 10 km,Cerah Berawan
Kp.Tanah Merah,2025-08-25 16:00:00,27,82,2.0,6.0,W,58,< 9 km,Hujan Ringan
Kp.Tanah Merah,2025-08-25 17:00:00,26,88,0.4,8.9,W,95,< 9 km,Berawan
Kp.Tanah Merah,2025-08-25 18:00:00,25,91,0.0,8.8,W,89,> 10 km,Cerah Berawan
Kp.Tanah Merah,2025-08-25 19:00:00,25,90,0.2,8.7,W,26,< 9 km,Cerah
Kp.Tanah Merah,2025-08-25 20:00:00,25,91,0.0,2.5,SW,68,< 9 km,Cerah Berawan
Kp.Tanah Merah,2025-08-25 21:00:00,24,91,0.0,3.4,SW,70,> 10 km,Cerah Berawan
Kp.Tanah Merah,2025-08-25 22:00:00,24,89,0.0,2.7,SW,56,< 9 km,Cerah
Kp.Tanah Merah,2025-08-25 23:00:00,24,90,0.0,4.9,SW,100,> 10 km,Berawan
Kp.Tanah Merah,2025-08-26 00:00:00,24,91,0.0,3.7,SW,90,> 10 km,Berawan
Kp.Tanah Merah,2025-08-26 01:00:00,23,91,0.0,5.5,SW,100,< 10 km,Berawan
Kp.Tanah Merah,2025-08-26 02:00:00,23,91,0.0,5.5,SW,99,< 10 km,Berawan
Kp.Tanah Merah,2025-08-26 03:00:00,23,89,0.0,3.3,SW,87,> 10 km,Cerah Berawan
Kp.Tanah Merah,2025-08-26 04:00:00,23,89,0.0,3.6,S,100,> 10 km,Berawan
Kp.Tanah Merah,2025-08-26 05:00:00,24,88,0.0,3.6,S,100,> 10 km,Berawan
Kp.Tanah Merah,2025-08-26 06:00:00,24,89,0.0,4.4,SW,92,> 10 km,Berawan
Kp.Tanah Merah,2025-08-26 07:00:00,26,88,0.0,5.0,E,100,> 10 km,Berawan
Kp.Tanah Merah,2025-08-26 08:00:00,27,83,0.0,5.0,E,100,> 10 km,Berawan
Kp.Tanah Merah,2025-08-26 09:00:00,28,79,0.0,5.0,E,100,> 10 km,Berawan
Kp.Tanah Merah,2025-08-26 10:00:00,28,75,0.0,7.9,E,99,> 10 km,Berawan
Kp.Tanah Merah,2025-08-26 11:00:00,29,74,0.0,7.9,E,97,> 10 km,Hujan Ringan
Kp.Tanah Merah,2025-08-26 12:00:00,28,79,1.3,6.9,E,100,< 6 km,Hujan Ringan
Kp.Tanah Merah,2025-08-26 13:00:00,29,75,0.8,4.8,SW,66,> 10 km,Cerah Berawan
Kp.Tanah Merah,2025-08-26 14:00:00,28,80,0.8,4.8,SW,91,> 10 km,Berawan
Kp.Tanah Merah,2025-08-26 15:00:00,27,86,1.3,3.7,W,97,< 6 km,Hujan Ringan
Kp.Tanah Merah,2025-08-26 16:00:00,26,89,1.4,4.7,SW,100,< 9 km,Hujan Ringan
Kp.Tanah Merah,2025-08-26 17:00:00,26,91,1.4,4.7,SW,100,< 9 km,Hujan Ringan
Kp.Tanah Merah,2025-08-26 18:00:00,25,95,0.2,4.0,SE,99,< 7 km,Berawan
Kp.Tanah Merah,2025-08-26 19:00:00,24,93,1.6,4.5,W,98,< 10 km,Hujan Ringan
Kp.Tanah Merah,2025-08-26 20:00:00,24,93,1.6,4.5,W,96,< 10 km,Hujan Ringan
Kp.Tanah Merah,2025-08-26 21:00:00,24,92,0.0,6.4,SE,93,< 6 km,Berawan
Kp.Tanah Merah,2025-08-26 22:00:00,25,91,0.0,4.5,S,98,< 7 km,Berawan
Kp.Tanah Merah,2025-08-26 23:00:00,25,91,0.0,4.5,S,96,< 7 km,Berawan
Kp.Tanah Merah,2025-08-27 00:00:00,24,91,0.0,4.5,S,99,< 7 km,Berawan
Kp.Tanah Merah,2025-08-27 01:00:00,25,91,0.0,3.3,SE,100,< 7 km,Berawan
Kp.Tanah Merah,2025-08-27 02:00:00,24,91,0.0,2.8,S,100,< 7 km,Berawan
Kp.Tanah Merah,2025-08-27 03:00:00,24,90,0.0,2.8,S,100,< 7 km,Berawan
Kp.Tanah Merah,2025-08-27 04:00:00,25,88,1.3,8.5,E,100,< 7 km,Hujan Ringan
Kp.Tanah Merah,2025-08-27 05:00:00,24,89,0.0,1.9,SW,100,< 6 km,Berawan
Kp.Tanah Merah,2025-08-27 06:00:00,25,91,0.1,1.9,SW,100,< 6 km,Berawan
Kp.Tanah Merah,2025-08-27 07:00:00,26,87,0.1,11.6,E,100,< 7 km,Berawan
Kp.Tanah Merah,2025-08-27 08:00:00,27,88,0.1,3.2,W,99,< 6 km,Berawan
Kp.Tanah Merah,2025-08-27 09:00:00,27,86,0.7,3.2,W,100,< 6 km,Berawan
Kp.Tanah Merah,2025-08-27 10:00:00,28,79,0.1,11.3,E,100,< 6 km,Hujan Ringan
Kp.Tanah Merah,2025-08-27 11:00:00,28,82,0.7,5.6,NE,98,< 6 km,Berawan
Kp.Tanah Merah,2025-08-27 12:00:00,28,80,1.3,5.6,NE,95,< 6 km,Hujan Ringan
Kp.Tanah Merah,2025-08-27 13:00:00,28,81,2.4,9.7,W,100,< 7 km,Hujan Ringan
Kp.Tanah Merah,2025-08-27 14:00:00,26,89,2.4,9.7,W,100,< 7 km,Cerah Berawan
Kp.Tanah Merah,2025-08-27 15:00:00,25,94,0.9,9.7,W,100,< 7 km,Hujan Ringan
Kp.Tanah Merah,2025-08-27 16:00:00,25,94,0.9,10.2,W,100,< 8 km,Berawan
Kp.Tanah Merah,2025-08-27 17:00:00,24,94,0.9,10.2,W,100,< 8 km,Hujan Ringan
Kp.Tanah Merah,2025-08-27 18:00:00,24,95,0.2,10.2,W,100,< 8 km,Berawan
Kp.Tanah Merah,2025-08-27 19:00:00,24,95,0.2,9.3,SW,100,< 8 km,Berawan
Kp.Tanah Merah,2025-08-27 20:00:00,24,94,0.2,9.3,SW,100,< 8 km,Hujan Ringan
Kp.Tanah Merah,2025-08-27 21:00:00,24,95,0.5,9.3,SW,100,< 8 km,Berawan
Kp.Tanah Merah,2025-08-27 22:00:00,24,95,0.5,2.0,S,100,< 8 km,Berawan
Kp.Tanah Merah,2025-08-27 23:00:00,24,95,0.5,2.0,S,100,< 8 km,Hujan Ringan
Kp.Tanah Merah,2025-08-28 00:00:00,24,95,0.0,2.0,S,97,< 8 km,Hujan Ringan
Kp.Tanah Merah,2025-08-28 01:00:00,24,94,0.0,4.6,SE,100,< 8 km,Hujan Ringan
Kp.Tanah Merah,2025-08-28 02:00:00,24,94,0.0,4.6,SE,99,< 8 km,Berawan
Kp.Tanah Merah,2025-08-28 03:00:00,24,92,0.0,4.6,SE,100,< 8 km,Berawan
Kp.Tanah Merah,2025-08-28 04:00:00,24,92,0.0,4.2,SW,100,< 8 km,Berawan
Kp.Tanah Merah,2025-08-28 05:00:00,24,91,0.0,4.2,SW,100,< 8 km,Berawan
Kp.Tanah Merah,2025-08-28 06:00:00,24,91,0.0,4.2,SW,100,< 8 km,Berawan
Kp.Tanah Merah,2025-08-28 07:00:00,26,92,0.0,0.8,E,99,< 8 km,Berawan
Kp.Tanah Merah,2025-08-28 08:00:00,27,83,0.0,0.8,E,99,< 8 km,Berawan
Kp.Tanah Merah,2025-08-28 09:00:00,28,79,0.1,0.8,E,100,< 8 km,Berawan
Kp.Tanah Merah,2025-08-28 10:00:00,28,75,0.1,6.7,E,96,< 9 km,Berawan
Kp.Tanah Merah,2025-08-28 11:00:00,29,72,0.1,6.7,E,61,< 9 km,Cerah Berawan
Kp.Tanah Merah,2025-08-28 12:00:00,29,70,2.0,6.7,E,84,< 9 km,Hujan Ringan
Kp.Tanah Merah,2025-08-28 13:00:00,29,70,2.0,2.7,SW,94,< 9 km,Hujan Ringan
Kp.Tanah Merah,2025-08-28 14:00:00,29,71,2.0,2.7,SW,77,< 9 km,Hujan Ringan
Kp.Tanah Merah,2025-08-28 15:00:00,28,77,2.0,2.7,SW,99,< 9 km,Hujan Ringan
Kp.Tanah Merah,2025-08-28 16:00:00,27,81,2.0,6.5,SW,99,< 9 km,Hujan Ringan
Kp.Tanah Merah,2025-08-28 17:00:00,26,87,2.0,6.5,SW,96,< 9 km,Hujan Ringan
Kp.Tanah Merah,2025-08-28 18:00:00,26,83,0.0,2.3,S,100,< 9 km,Berawan
Kp.Tanah Merah,2025-08-28 19:00:00,25,92,1.2,2.3,S,75,< 8 km,Hujan Ringan
Kp.Tanah Merah,2025-08-28 20:00:00,26,87,0.0,1.2,SW,38,< 8 km,Cerah
Kp.Tanah Merah,2025-08-28 21:00:00,25,86,0.0,1.2,SW,26,< 8 km,Cerah
Kp.Tanah Merah,2025-08-28 22:00:00,25,86,0.0,1.6,SW,40,< 8 km,Cerah
Kp.Tanah Merah,2025-08-28 23:00:00,25,87,0.0,8.7,SW,100,< 6 km,Berawan
Kp.Tanah Merah,2025-08-29 00:00:00,25,87,0.0,8.7,SW,100,< 6 km,Berawan
Kp.Tanah Merah,2025-08-29 01:00:00,24,86,0.0,7.4,SW,100,< 6 km,Berawan
Kp.Tanah Merah,2025-08-29 02:00:00,24,85,0.0,7.4,SW,100,< 6 km,Berawan
Kp.Tanah Merah,2025-08-29 03:00:00,24,84,0.0,7.4,SW,100,< 6 km,Berawan
Kp.Tanah Merah,2025-08-29 04:00:00,24,83,0.0,6.0,SW,100,< 7 km,Berawan
Kp.Tanah Merah,2025-08-29 05:00:00,24,83,0.0,6.0,SW,100,< 7 km,Berawan
Kp.Tanah Merah,2025-08-29 06:00:00,25,83,0.0,6.0,SW,86,< 7 km,Cerah Berawan
Kp.Tanah Merah,2025-08-29 07:00:00,27,82,0.0,1.7,SW,98,< 7 km,Berawan
Kp.Tanah Merah,2025-08-29 08:00:00,28,78,0.0,1.7,SW,99,< 7 km,Berawan
Kp.Tanah Merah,2025-08-29 09:00:00,29,74,1.3,1.7,SW,100,< 7 km,Hujan Ringan
Kp.Tanah Merah,2025-08-29 10:00:00,29,74,1.3,5.2,E,100,< 6 km,Hujan Ringan
Kp.Tanah Merah,2025-08-29 11:00:00,29,75,1.3,5.2,E,100,< 6 km,Hujan Ringan
Kp.Tanah Merah,2025-08-29 12:00:00,29,83,1.3,2.6,SE,100,< 6 km,Berawan
Kp.Tanah Merah,2025-08-29 13:00:00,28,76,1.3,2.4,SW,100,< 7 km,Hujan Ringan
Kp.Tanah Merah,2025-08-29 14:00:00,28,81,1.3,2.4,SW,100,< 7 km,Hujan Ringan
Kp.Tanah Merah,2025-08-29 15:00:00,27,75,0.0,3.1,NW,100,< 6 km,Berawan
Kp.Tanah Merah,2025-08-29 16:00:00,27,85,0.2,2.7,SW,100,< 7 km,Berawan
Kp.Tanah Merah,2025-08-29 17:00:00,26,89,0.2,2.7,SW,100,< 7 km,Berawan
Kp.Tanah Merah,2025-08-29 18:00:00,26,85,0.0,0.6,SW,96,< 6 km,Berawan
Kp.Tanah Merah,2025-08-29 19:00:00,26,88,0.0,4.6,SE,100,< 7 km,Berawan
Kp.Tanah Merah,2025-08-29 20:00:00,26,86,0.0,4.6,SE,95,< 7 km,Berawan
Kp.Tanah Merah,2025-08-29 21:00:00,26,91,0.0,8.9,W,80,< 7 km,Cerah Berawan
Kp.Tanah Merah,2025-08-29 22:00:00,26,84,0.0,3.8,SE,98,< 6 km,Berawan
Kp.Tanah Merah,2025-08-29 23:00:00,26,83,0.0,3.8,SE,100,< 6 km,Berawan
Kp.Tanah Merah,2025-08-30 00:00:00,24,90,0.0,2.7,S,100,< 9 km,Hujan Ringan
Kp.Tanah Merah,2025-08-30 01:00:00,24,87,0.0,4.9,S,99,< 9 km,Hujan Ringan
Kp.Tanah Merah,2025-08-30 02:00:00,26,87,0.0,5.9,S,61,< 7 km,Cerah Berawan
Kp.Tanah Merah,2025-08-30 03:00:00,25,86,0.0,4.9,S,98,< 9 km,Berawan
Kp.Tanah Merah,2025-08-30 04:00:00,24,86,0.0,4.6,SW,98,< 8 km,Berawan
Kp.Tanah Merah,2025-08-30 05:00:00,26,89,0.0,12.2,SE,22,< 6 km,Cerah
Kp.Tanah Merah,2025-08-30 06:00:00,25,89,0.0,4.6,SW,94,< 8 km,Berawan
Kp.Tanah Merah,2025-08-30 07:00:00,27,85,0.0,2.9,NW,98,< 9 km,Berawan
Kp.Tanah Merah,2025-08-30 08:00:00,28,78,0.0,15.1,E,6,> 10 km,Cerah
Kp.Tanah Merah,2025-08-30 09:00:00,29,75,0.0,2.9,NW,92,< 9 km,Berawan
Kp.Tanah Merah,2025-08-30 10:00:00,30,72,0.0,7.7,E,90,< 8 km,Cerah Berawan
Kp.Tanah Merah,2025-08-30 11:00:00,30,71,0.0,7.7,E,22,< 8 km,Cerah
Kp.Tanah Merah,2025-08-30 12:00:00,29,79,0.5,6.8,E,47,< 8 km,Cerah
Kp.Tanah Merah,2025-08-30 13:00:00,29,77,0.5,5.3,SE,30,< 8 km,Cerah
Kp.Tanah Merah,2025-08-30 14:00:00,28,79,0.5,5.3,SE,42,< 8 km,Cerah
Kp.Tanah Merah,2025-08-30 15:00:00,27,84,0.5,5.3,SE,92,< 8 km,Berawan
Kp.Tanah Merah,2025-08-30 16:00:00,27,86,0.5,5.8,S,89,< 8 km,Cerah Berawan
Kp.Tanah Merah,2025-08-30 17:00:00,26,90,0.5,5.8,S,96,< 8 km,Berawan
Kp.Tanah Merah,2025-08-30 18:00:00,26,90,0.1,5.8,S,49,< 8 km,Cerah
Kp.Tanah Merah,2025-08-30 19:00:00,25,92,0.1,3.2,S,88,< 8 km,Cerah Berawan
Kp.Tanah Merah,2025-08-30 20:00:00,25,91,0.1,3.2,S,67,< 8 km,Cerah Berawan
Kp.Tanah Merah,2025-08-30 21:00:00,25,91,0.0,3.2,S,72,< 8 km,Cerah Berawan
Kp.Tanah Merah,2025-08-30 22:00:00,24,93,0.0,5.8,SW,98,< 8 km,Berawan
Kp.Tanah Merah,2025-08-30 23:00:00,24,90,0.0,6.2,SW,87,< 7 km,Cerah Berawan
Kp.Tanah Merah,2025-08-31 00:00:00,24,89,0.0,6.2,SW,98,< 7 km,Berawan
Kp.Tanah Merah,2025-08-31 01:00:00,24,91,0.0,5.3,SW,100,< 7 km,Berawan
Kp.Tanah Merah,2025-08-31 02:00:00,24,91,0.0,5.3,SW,99,< 7 km,Berawan
Kp.Tanah Merah,2025-08-31 03:00:00,24,90,0.1,5.3,SW,99,< 7 km,Berawan
Kp.Tanah Merah,2025-08-31 04:00:00,24,89,0.1,5.0,S,100,< 7 km,Berawan
Kp.Tanah Merah,2025-08-31 05:00:00,24,90,0.1,5.0,S,100,< 7 km,Berawan
Kp.Tanah Merah,2025-08-31 06:00:00,25,91,0.0,5.0,S,100,< 7 km,Berawan
Kp.Tanah Merah,2025-08-31 07:00:00,26,86,0.0,7.7,E,100,< 6 km,Berawan
Kp.Tanah Merah,2025-08-31 08:00:00,27,81,0.0,7.7,E,100,< 6 km,Berawan
Kp.Tanah Merah,2025-08-31 09:00:00,28,78,0.0,7.7,E,100,< 6 km,Berawan
Kp.Tanah Merah,2025-08-31 10:00:00,29,76,0.0,9.5,E,100,< 7 km,Berawan
Kp.Tanah Merah,2025-08-31 11:00:00,29,74,0.0,9.4,E,88,< 9 km,Hujan Ringan
Kp.Tanah Merah,2025-08-31 12:00:00,29,76,0.1,9.4,E,98,< 9 km,Hujan Ringan
Kp.Tanah Merah,2025-08-31 13:00:00,28,78,0.1,4.6,E,96,< 8 km,Berawan
Kp.Tanah Merah,2025-08-31 14:00:00,29,75,0.1,4.6,E,84,< 8 km,Cerah Berawan
Kp.Tanah Merah,2025-08-31 15:00:00,29,76,0.0,4.6,E,83,< 8 km,Cerah Berawan
Kp.Tanah Merah,2025-08-31 16:00:00,28,79,0.0,2.7,SE,88,< 9 km,Cerah Berawan
Kp.Tanah Merah,2025-08-31 17:00:00,27,87,0.0,2.7,SE,87,< 9 km,Cerah Berawan
Kp.Tanah Merah,2025-08-31 18:00:00,26,89,0.0,2.7,SE,92,< 9 km,Berawan
Kp.Tanah Merah,2025-08-31 19:00:00,26,89,0.0,2.0,S,92,< 8 km,Berawan
Kp.Tanah Merah,2025-08-31 20:00:00,26,89,0.0,2.0,S,65,< 8 km,Cerah Berawan
Kp.Tanah Merah,2025-08-31 21:00:00,26,88,0.1,2.0,S,52,< 8 km,Cerah
Kp.Tanah Merah,2025-08-31 22:00:00,25,88,0.1,3.3,S,98,< 8 km,Berawan
Kp.Tanah Merah,2025-08-31 23:00:00,25,88,0.1,3.3,S,99,< 8 km,Berawan
Kp.Tanah Merah,2025-09-01 00:00:00,25,92,0.1,0.5,SW,98,< 7 km,Berawan
Kp.Tanah Merah,2025-09-01 01:00:00,25,89,0.4,11.8,E,98,< 9 km,Berawan
Kp.Tanah Merah,2025-09-01 02:00:00,25,88,0.4,11.8,E,100,< 9 km,Berawan
Kp.Tanah Merah,2025-09-01 03:00:00,25,90,0.2,10.6,SE,97,< 7 km,Berawan
Kp.Tanah Merah,2025-09-01 04:00:00,26,88,0.3,14.5,E,100,< 6 km,Berawan
Kp.Tanah Merah,2025-09-01 05:00:00,25,88,0.3,14.5,E,100,< 6 km,Berawan
Kp.Tanah Merah,2025-09-01 06:00:00,25,91,1.5,12.5,E,100,< 7 km,Hujan Ringan
Kp.Tanah Merah,2025-09-01 07:00:00,26,90,0.8,14.5,E,100,< 7 km,Berawan
Kp.Tanah Merah,2025-09-01 08:00:00,26,90,0.8,14.5,E,100,< 7 km,Berawan
Kp.Tanah Merah,2025-09-01 09:00:00,25,90,0.4,19.2,E,100,< 7 km,Berawan
Kp.Tanah Merah,2025-09-01 10:00:00,26,87,0.4,18.4,E,100,< 6 km,Hujan Ringan
Kp.Tanah Merah,2025-09-01 11:00:00,26,89,0.9,15.0,E,100,< 5 km,Hujan Ringan
Kp.Tanah Merah,2025-09-01 12:00:00,26,91,0.4,15.0,E,100,< 5 km,Hujan Ringan
Kp.Tanah Merah,2025-09-01 13:00:00,26,89,0.4,15.6,E,100,< 7 km,Berawan
Kp.Tanah Merah,2025-09-01 14:00:00,26,87,0.4,15.6,E,100,< 7 km,Berawan
Kp.Tanah Merah,2025-09-01 15:00:00,27,86,0.0,15.6,E,100,< 7 km,Berawan
Kp.Tanah Merah,2025-09-01 16:00:00,26,88,0.0,13.3,E,100,< 7 km,Berawan
Kp.Tanah Merah,2025-09-01 17:00:00,26,89,0.0,13.3,E,100,< 7 km,Berawan
Kp.Tanah Merah,2025-09-01 18:00:00,26,87,0.0,13.3,E,100,< 7 km,Berawan
Kp.Tanah Merah,2025-09-01 19:00:00,26,87,0.0,12.5,E,100,< 7 km,Berawan
Kp.Tanah Merah,2025-09-01 20:00:00,26,87,0.0,12.5,E,100,< 7 km,Berawan
Kp.Tanah Merah,2025-09-01 21:00:00,26,86,0.2,12.5,E,98,< 7 km,Berawan
Kp.Tanah Merah,2025-09-01 22:00:00,27,84,0.2,16.0,E,98,< 7 km,Hujan Ringan
Kp.Tanah Merah,2025-09-01 23:00:00,26,86,0.2,16.0,E,92,< 7 km,Berawan
Kp.Tanah Merah,2025-09-02 00:00:00,26,88,0.3,15.2,E,98,> 10 km,Berawan
Kp.Tanah Merah,2025-09-02 01:00:00,25,88,0.3,10.7,E,99,< 8 km,Berawan
Kp.Tanah Merah,2025-09-02 02:00:00,25,89,0.3,11.7,E,100,< 6 km,Berawan
Kp.Tanah Merah,2025-09-02 03:00:00,25,89,0.7,10.7,E,100,< 8 km,Berawan
Kp.Tanah Merah,2025-09-02 04:00:00,25,89,0.7,11.5,E,100,> 10 km,Berawan
Kp.Tanah Merah,2025-09-02 05:00:00,25,88,0.1,9.9,E,100,< 6 km,Berawan
Kp.Tanah Merah,2025-09-02 06:00:00,26,88,0.6,11.5,E,100,> 10 km,Berawan
Kp.Tanah Merah,2025-09-02 07:00:00,26,87,0.6,15.7,E,100,< 9 km,Berawan
Kp.Tanah Merah,2025-09-02 08:00:00,27,85,0.3,11.6,E,100,< 6 km,Berawan
Kp.Tanah Merah,2025-09-02 09:00:00,26,89,0.5,15.7,E,100,< 9 km,Hujan Ringan
Kp.Tanah Merah,2025-09-02 10:00:00,26,87,0.5,16.9,E,100,> 10 km,Hujan Ringan
Kp.Tanah Merah,2025-09-02 11:00:00,28,78,0.2,17.2,E,100,< 9 km,Hujan Ringan
Kp.Tanah Merah,2025-09-02 12:00:00,28,78,0.1,17.2,E,99,< 9 km,Hujan Ringan
Kp.Tanah Merah,2025-09-02 13:00:00,28,79,0.1,11.1,E,99,< 9 km,Hujan Ringan
Kp.Tanah Merah,2025-09-02 14:00:00,27,81,0.1,11.1,E,96,< 9 km,Hujan Ringan
Kp.Tanah Merah,2025-09-02 15:00:00,27,82,0.1,11.1,E,88,< 9 km,Cerah Berawan
Kp.Tanah Merah,2025-09-02 16:00:00,27,82,0.1,4.0,E,85,< 9 km,Cerah Berawan
Kp.Tanah Merah,2025-09-02 17:00:00,27,84,0.1,4.0,E,78,< 9 km,Cerah Berawan
Kp.Tanah Merah,2025-09-02 18:00:00,26,84,0.0,4.0,E,92,< 9 km,Berawan
Kp.Tanah Merah,2025-09-02 19:00:00,26,84,0.0,9.3,E,64,< 8 km,Hujan Ringan
Kp.Tanah Merah,2025-09-02 20:00:00,26,84,0.0,9.3,E,63,< 8 km,Cerah Berawan
Kp.Tanah Merah,2025-09-02 21:00:00,26,85,0.1,9.3,E,37,< 8 km,Cerah
Kp.Tanah Merah,2025-09-02 22:00:00,26,85,0.1,11.8,SE,31,< 8 km,Cerah
Kp.Tanah Merah,2025-09-02 23:00:00,26,84,0.1,11.8,SE,27,< 8 km,Cerah
Kp.Tanah Merah,2025-09-03 00:00:00,26,87,0.5,11.8,SE,74,< 8 km,Cerah Berawan
Kp.Tanah Merah,2025-09-03 01:00:00,26,88,0.5,17.7,E,81,< 8 km,Cerah Berawan
Kp.Tanah Merah,2025-09-03 02:00:00,25,91,0.5,17.7,E,93,< 8 km,Berawan
Kp.Tanah Merah,2025-09-03 03:00:00,24,90,0.1,17.7,E,74,< 8 km,Cerah Berawan
Kp.Tanah Merah,2025-09-03 04:00:00,24,90,0.1,8.8,E,29,< 8 km,Cerah
Kp.Tanah Merah,2025-09-03 05:00:00,24,89,0.1,8.8,E,20,< 8 km,Cerah
Kp.Tanah Merah,2025-09-03 06:00:00,25,87,0.0,8.8,E,32,< 8 km,Cerah
Kp.Tanah Merah,2025-09-03 07:00:00,26,82,0.0,13.0,E,34,< 9 km,Cerah
Kp.Tanah Merah,2025-09-03 08:00:00,27,79,0.0,13.0,E,36,< 9 km,Cerah
Kp.Tanah Merah,2025-09-03 09:00:00,27,81,0.1,13.0,E,24,< 9 km,Cerah
Kp.Tanah Merah,2025-09-03 10:00:00,28,79,0.1,15.9,E,38,< 9 km,Cerah
Kp.Tanah Merah,2025-09-03 11:00:00,28,78,0.1,15.6,E,22,< 9 km,Cerah
Kp.Tanah Merah,2025-09-03 12:00:00,28,79,0.0,15.9,E,24,< 9 km,Cerah
Kp.Tanah Merah,2025-09-03 13:00:00,28,80,0.0,12.4,E,20,< 8 km,Cerah
Kp.Tanah Merah,2025-09-03 14:00:00,28,79,0.0,12.4,E,15,< 8 km,Hujan Ringan
Kp.Tanah Merah,2025-09-03 15:00:00,28,79,0.1,12.4,E,20,< 8 km,Hujan Ringan
Kp.Tanah Merah,2025-09-03 16:00:00,27,79,0.1,4.7,SE,31,< 9 km,Cerah
Kp.Tanah Merah,2025-09-03 17:00:00,27,84,0.1,4.7,SE,37,< 9 km,Cerah
Kp.Tanah Merah,2025-09-03 18:00:00,26,85,0.0,4.7,SE,29,< 9 km,Cerah
Kp.Tanah Merah,2025-09-03 19:00:00,26,85,0.0,2.1,S,26,< 9 km,Cerah
Kp.Tanah Merah,2025-09-03 20:00:00,26,86,0.0,2.1,S,54,< 9 km,Cerah
Kp.Tanah Merah,2025-09-03 21:00:00,26,87,0.9,2.1,S,82,< 9 km,Cerah Berawan
Kp.Tanah Merah,2025-09-03 22:00:00,25,90,0.9,6.4,SE,97,< 8 km,Berawan
Kp.Tanah Merah,2025-09-03 23:00:00,25,92,0.9,6.4,SE,98,< 8 km,Berawan
Kp.Tanah Merah,2025-09-04 00:00:00,24,90,0.3,2.5,SW,99,< 7 km,Berawan
Kp.Tanah Merah,2025-09-04 01:00:00,24,91,0.3,2.8,S,99,< 6 km,Berawan
Kp.Tanah Merah,2025-09-04 02:00:00,25,91,0.3,7.1,SE,93,< 8 km,Berawan
Kp.Tanah Merah,2025-09-04 03:00:00,24,93,0.7,2.8,S,96,< 6 km,Berawan
Kp.Tanah Merah,2025-09-04 04:00:00,24,93,0.7,6.2,SE,78,< 6 km,Cerah Berawan
Kp.Tanah Merah,2025-09-04 05:00:00,24,94,0.9,7.5,SE,97,< 8 km,Berawan
Kp.Tanah Merah,2025-09-04 06:00:00,24,93,0.3,6.2,SE,98,< 6 km,Berawan
Kp.Tanah Merah,2025-09-04 07:00:00,26,90,0.3,9.1,E,46,< 7 km,Cerah
Kp.Tanah Merah,2025-09-04 08:00:00,26,86,0.3,9.1,E,54,< 7 km,Cerah
Kp.Tanah Merah,2025-09-04 09:00:00,27,82,0.1,9.1,E,41,< 7 km,Cerah
Kp.Tanah Merah,2025-09-04 10:00:00,28,78,0.1,18.0,E,64,< 7 km,Cerah Berawan
Kp.Tanah Merah,2025-09-04 11:00:00,28,79,0.1,18.0,E,32,< 7 km,Hujan Ringan
Kp.Tanah Merah,2025-09-04 12:00:00,28,78,1.3,12.1,E,36,< 7 km,Hujan Ringan
Kp.Tanah Merah,2025-09-04 13:00:00,28,77,0.1,14.6,E,47,< 7 km,Cerah
Kp.Tanah Merah,2025-09-04 14:00:00,28,79,1.3,9.5,E,89,< 6 km,Hujan Ringan
Kp.Tanah Merah,2025-09-04 15:00:00,27,79,1.3,9.5,E,92,< 6 km,Hujan Ringan
Kp.Tanah Merah,2025-09-04 16:00:00,27,81,1.3,5.7,SE,87,< 7 km,Berawan
Kp.Tanah Merah,2025-09-04 17:00:00,26,85,1.3,5.7,SE,100,< 7 km,Hujan Ringan
Kp.Tanah Merah,2025-09-04 18:00:00,26,86,0.0,5.7,SE,100,< 7 km,Berawan
Kp.Tanah Merah,2025-09-04 19:00:00,26,85,0.0,8.3,SE,100,< 6 km,Berawan
Kp.Tanah Merah,2025-09-04 20:00:00,26,85,0.0,8.3,SE,100,< 6 km,Berawan
Kp.Tanah Merah,2025-09-04 21:00:00,26,85,0.2,8.3,SE,100,< 6 km,Berawan
Kp.Tanah Merah,2025-09-04 22:00:00,26,86,0.2,12.8,E,98,< 6 km,Berawan
Kp.Tanah Merah,2025-09-04 23:00:00,26,87,0.2,12.8,E,99,< 6 km,Berawan
Kp.Tanah Merah,2025-09-05 00:00:00,26,89,0.8,12.8,E,99,< 6 km,Berawan
Kp.Tanah Merah,2025-09-05 01:00:00,25,90,0.8,6.6,SE,100,< 6 km,Berawan
Kp.Tanah Merah,2025-09-05 02:00:00,25,92,0.8,6.6,SE,99,< 6 km,Berawan
Kp.Tanah Merah,2025-09-05 03:00:00,25,92,1.2,6.6,SE,98,< 6 km,Hujan Ringan
Kp.Tanah Merah,2025-09-05 04:00:00,24,93,1.2,7.6,E,98,< 6 km,Hujan Ringan
Kp.Tanah Merah,2025-09-05 05:00:00,25,92,1.2,7.6,E,99,< 6 km,Hujan Ringan
Kp.Tanah Merah,2025-09-05 06:00:00,25,92,0.7,7.6,E,100,< 6 km,Berawan
Kp.Tanah Merah,2025-09-05 07:00:00,26,90,0.7,11.7,E,93,< 6 km,Berawan
Kp.Tanah Merah,2025-09-05 08:00:00,26,89,0.7,11.7,E,58,< 6 km,Cerah
Kp.Tanah Merah,2025-09-05 09:00:00,27,87,1.3,11.7,E,84,< 6 km,Hujan Ringan
Kp.Tanah Merah,2025-09-05 10:00:00,26,87,1.3,11.9,E,98,< 7 km,Hujan Ringan
Kp.Tanah Merah,2025-09-05 11:00:00,26,88,1.3,11.9,E,79,< 7 km,Hujan Ringan
Kp.Tanah Merah,2025-09-05 12:00:00,28,83,1.3,11.9,E,89,< 7 km,Hujan Ringan
Kp.Tanah Merah,2025-09-05 13:00:00,28,79,1.3,9.1,E,92,< 7 km,Hujan Ringan
Kp.Tanah Merah,2025-09-05 14:00:00,28,78,1.3,9.1,E,81,< 7 km,Hujan Ringan
Kp.Tanah Merah,2025-09-05 15:00:00,28,78,0.0,9.1,E,98,< 7 km,Berawan
Kp.Tanah Merah,2025-09-05 16:00:00,27,81,0.0,2.8,SE,100,< 7 km,Berawan
Kp.Tanah Merah,2025-09-05 17:00:00,27,85,0.0,2.8,SE,100,< 7 km,Berawan
Kp.Tanah Merah,2025-09-05 18:00:00,26,86,0.0,2.8,SE,100,< 7 km,Berawan
Kp.Tanah Merah,2025-09-05 19:00:00,26,86,0.0,3.7,SE,100,< 6 km,Berawan
Kp.Tanah Merah,2025-09-05 20:00:00,26,87,0.0,3.7,SE,100,< 6 km,Berawan
Kp.Tanah Merah,2025-09-05 21:00:00,26,87,0.2,3.7,SE,99,< 6 km,Berawan
Kp.Tanah Merah,2025-09-05 22:00:00,25,88,0.2,8.2,SE,99,< 7 km,Berawan
Kp.Tanah Merah,2025-09-05 23:00:00,25,89,0.2,8.2,SE,100,< 7 km,Berawan
Kp.Tanah Merah,2025-09-06 00:00:00,25,88,0.1,8.2,SE,100,< 7 km,Berawan
Kp.Tanah Merah,2025-09-06 01:00:00,25,88,0.1,5.3,SE,100,< 7 km,Berawan
Kp.Tanah Merah,2025-09-06 02:00:00,25,88,0.1,5.3,SE,100,< 7 km,Berawan
Kp.Tanah Merah,2025-09-06 03:00:00,25,91,0.6,5.3,SE,96,< 7 km,Berawan
Kp.Tanah Merah,2025-09-06 04:00:00,25,91,0.6,7.0,SE,90,< 6 km,Cerah Berawan
Kp.Tanah Merah,2025-09-06 05:00:00,25,91,0.6,7.0,SE,73,< 6 km,Cerah Berawan
Kp.Tanah Merah,2025-09-06 06:00:00,26,91,0.0,7.0,SE,48,< 6 km,Cerah
Kp.Tanah Merah,2025-09-06 07:00:00,27,86,0.0,12.7,E,43,< 6 km,Cerah
Kp.Tanah Merah,2025-09-06 08:00:00,28,83,0.0,12.7,E,19,< 6 km,Cerah
Kp.Tanah Merah,2025-09-06 09:00:00,28,78,0.1,12.7,E,48,< 6 km,Cerah
Kp.Tanah Merah,2025-09-06 10:00:00,28,80,0.1,12.7,E,31,< 6 km,Cerah
Kp.Tanah Merah,2025-09-06 11:00:00,29,77,0.1,12.7,E,28,< 6 km,Cerah
Kp.Tanah Merah,2025-09-06 12:00:00,29,75,0.1,11.0,E,18,< 6 km,Cerah
Kp.Tanah Merah,2025-09-06 13:00:00,29,75,0.1,11.0,E,19,< 6 km,Cerah
Kp.Tanah Merah,2025-09-06 14:00:00,29,77,0.1,11.0,E,58,< 6 km,Cerah
Kp.Tanah Merah,2025-09-06 15:00:00,28,78,0.6,11.0,E,96,< 6 km,Berawan
Kp.Tanah Merah,2025-09-06 16:00:00,28,80,0.6,11.0,E,96,< 6 km,Berawan
Kp.Tanah Merah,2025-09-06 17:00:00,27,87,0.6,11.0,E,95,< 6 km,Berawan
Kp.Tanah Merah,2025-09-06 18:00:00,26,88,0.6,3.7,W,98,< 7 km,Berawan
Kp.Tanah Merah,2025-09-06 19:00:00,26,93,0.6,3.7,W,99,< 7 km,Berawan
Kp.Tanah Merah,2025-09-06 20:00:00,25,92,0.6,3.7,W,99,< 7 km,Berawan
Kp.Tanah Merah,2025-09-06 21:00:00,25,93,0.8,3.7,W,92,< 7 km,Berawan
Kp.Tanah Merah,2025-09-06 22:00:00,25,93,0.8,3.7,W,97,< 7 km,Berawan
Kp.Tanah Merah,2025-09-06 23:00:00,24,94,0.8,3.7,W,97,< 7 km,Berawan
Kp.Udopi,2025-08-20 22:00:00,24,94,1.3,10.9,E,100,< 6 km,Hujan Ringan
Kp.Udopi,2025-08-21 00:00:00,24,94,1.3,6.2,E,100,< 7 km,Hujan Ringan
Kp.Udopi,2025-08-21 01:00:00,24,92,1.3,12.0,E,100,< 6 km,Hujan Ringan
Kp.Udopi,2025-08-21 02:00:00,24,93,1.3,6.1,SE,100,< 6 km,Hujan Ringan
Kp.Udopi,2025-08-21 03:00:00,24,93,0.5,6.1,SE,100,< 6 km,Hujan Ringan
Kp.Udopi,2025-08-21 04:00:00,24,93,0.5,3.1,S,100,< 6 km,Berawan
Kp.Udopi,2025-08-21 05:00:00,24,93,0.5,2.1,SW,100,< 6 km,Hujan Ringan
Kp.Udopi,2025-08-21 06:00:00,24,93,1.3,2.1,SW,100,< 6 km,Hujan Ringan
Kp.Udopi,2025-08-21 07:00:00,25,92,1.3,6.3,E,100,< 7 km,Hujan Ringan
Kp.Udopi,2025-08-21 08:00:00,25,94,1.3,1.0,E,100,< 5 km,Hujan Ringan
Kp.Udopi,2025-08-21 09:00:00,25,93,1.3,1.0,E,100,< 5 km,Hujan Ringan
Kp.Udopi,2025-08-21 10:00:00,25,94,1.3,6.6,E,100,< 6 km,Hujan Ringan
Kp.Udopi,2025-08-21 11:00:00,25,94,1.3,1.6,S,100,< 6 km,Hujan Ringan
Kp.Udopi,2025-08-21 12:00:00,26,90,0.8,9.1,E,100,< 6 km,Hujan Ringan
Kp.Udopi,2025-08-21 13:00:00,26,90,0.8,5.1,E,100,< 7 km,Berawan
Kp.Udopi,2025-08-21 14:00:00,26,90,0.8,5.1,E,100,< 7 km,Berawan
Kp.Udopi,2025-08-21 15:00:00,25,92,1.1,5.1,E,100,< 7 km,Hujan Ringan
Kp.Udopi,2025-08-21 16:00:00,25,93,1.1,0.9,SW,100,< 8 km,Hujan Ringan
Kp.Udopi,2025-08-21 17:00:00,25,93,1.1,0.9,SW,100,< 8 km,Hujan Ringan
Kp.Udopi,2025-08-21 18:00:00,25,94,0.0,0.9,SW,99,< 8 km,Hujan Ringan
Kp.Udopi,2025-08-21 19:00:00,24,95,0.0,6.3,W,100,< 8 km,Hujan Ringan
Kp.Udopi,2025-08-21 20:00:00,24,95,0.0,6.3,W,100,< 8 km,Berawan
Kp.Udopi,2025-08-21 21:00:00,24,94,1.2,6.3,W,100,< 8 km,Hujan Ringan
Kp.Udopi,2025-08-21 22:00:00,24,95,1.2,1.9,W,100,< 7 km,Hujan Ringan
Kp.Udopi,2025-08-21 23:00:00,24,95,1.2,1.9,W,100,< 7 km,Hujan Ringan
Kp.Udopi,2025-08-22 00:00:00,24,95,0.4,6.3,W,100,< 6 km,Berawan
Kp.Udopi,2025-08-22 01:00:00,23,95,0.4,1.9,SW,100,< 9 km,Berawan
Kp.Udopi,2025-08-22 02:00:00,23,94,0.4,1.9,SW,100,< 9 km,Berawan
Kp.Udopi,2025-08-22 03:00:00,23,94,0.1,1.9,SW,100,< 9 km,Berawan
Kp.Udopi,2025-08-22 04:00:00,24,92,0.1,1.6,SW,100,> 10 km,Berawan
Kp.Udopi,2025-08-22 05:00:00,24,92,0.1,1.6,SW,100,> 10 km,Berawan
Kp.Udopi,2025-08-22 06:00:00,24,92,0.0,1.6,SW,100,> 10 km,Berawan
Kp.Udopi,2025-08-22 07:00:00,25,92,0.0,1.3,E,100,> 10 km,Berawan
Kp.Udopi,2025-08-22 08:00:00,26,88,0.0,1.3,E,100,> 10 km,Berawan
Kp.Udopi,2025-08-22 09:00:00,26,89,0.2,1.3,E,100,> 10 km,Berawan
Kp.Udopi,2025-08-22 10:00:00,27,86,0.2,3.5,E,100,> 10 km,Berawan
Kp.Udopi,2025-08-22 11:00:00,28,77,0.2,1.4,SW,100,< 9 km,Berawan
Kp.Udopi,2025-08-22 12:00:00,28,76,0.2,1.4,SW,100,< 9 km,Hujan Ringan
Kp.Udopi,2025-08-22 13:00:00,28,75,0.1,4.0,SE,99,> 10 km,Berawan
Kp.Udopi,2025-08-22 14:00:00,28,76,0.2,3.5,S,98,< 8 km,Hujan Ringan
Kp.Udopi,2025-08-22 15:00:00,27,79,0.4,3.5,S,100,< 8 km,Hujan Ringan
Kp.Udopi,2025-08-22 16:00:00,26,84,0.4,8.1,W,100,< 9 km,Berawan
Kp.Udopi,2025-08-22 17:00:00,26,87,0.4,8.1,W,100,< 9 km,Berawan
Kp.Udopi,2025-08-22 18:00:00,25,89,0.1,8.1,W,100,< 9 km,Berawan
Kp.Udopi,2025-08-22 19:00:00,25,90,0.1,7.1,SW,99,< 8 km,Berawan
Kp.Udopi,2025-08-22 20:00:00,25,90,0.1,7.1,SW,100,< 8 km,Berawan
Kp.Udopi,2025-08-22 21:00:00,25,91,0.1,7.1,SW,100,< 8 km,Berawan
Kp.Udopi,2025-08-22 22:00:00,24,91,0.1,3.8,S,99,< 9 km,Berawan
Kp.Udopi,2025-08-22 23:00:00,24,92,0.1,3.8,S,99,< 9 km,Berawan
Kp.Udopi,2025-08-23 00:00:00,24,93,0.2,4.5,SW,100,< 9 km,Berawan
Kp.Udopi,2025-08-23 01:00:00,24,93,0.2,5.4,SW,98,< 8 km,Berawan
Kp.Udopi,2025-08-23 02:00:00,24,91,0.2,5.4,SW,99,< 8 km,Berawan
Kp.Udopi,2025-08-23 03:00:00,24,91,0.1,5.4,SW,99,< 8 km,Hujan Ringan
Kp.Udopi,2025-08-23 04:00:00,23,92,0.1,3.1,S,100,< 8 km,Berawan
Kp.Udopi,2025-08-23 05:00:00,24,90,0.1,3.1,S,100,< 8 km,Berawan
Kp.Udopi,2025-08-23 06:00:00,24,91,0.6,3.1,S,100,< 8 km,Berawan
Kp.Udopi,2025-08-23 07:00:00,25,90,0.6,4.8,NW,100,< 8 km,Hujan Ringan
Kp.Udopi,2025-08-23 08:00:00,25,88,0.6,4.8,NW,100,< 8 km,Hujan Ringan
Kp.Udopi,2025-08-23 09:00:00,26,87,0.1,4.8,NW,99,< 8 km,Hujan Ringan
Kp.Udopi,2025-08-23 10:00:00,27,81,0.1,8.3,NE,100,< 9 km,Hujan Ringan
Kp.Udopi,2025-08-23 11:00:00,26,93,1.3,1.6,NE,100,< 6 km,Hujan Ringan
Kp.Udopi,2025-08-23 12:00:00,26,92,1.0,1.6,NE,100,< 6 km,Cerah Berawan
Kp.Udopi,2025-08-23 13:00:00,26,93,1.0,1.5,NW,100,< 6 km,Hujan Ringan
Kp.Udopi,2025-08-23 14:00:00,26,91,1.0,1.5,NW,100,< 6 km,Hujan Ringan
Kp.Udopi,2025-08-23 15:00:00,26,92,1.4,1.5,NW,100,< 6 km,Hujan Ringan
Kp.Udopi,2025-08-23 16:00:00,25,93,1.4,1.0,S,100,< 6 km,Hujan Ringan
Kp.Udopi,2025-08-23 17:00:00,24,95,1.4,1.0,S,100,< 6 km,Hujan Ringan
Kp.Udopi,2025-08-23 18:00:00,24,95,0.6,1.0,S,100,< 6 km,Berawan
Kp.Udopi,2025-08-23 19:00:00,24,93,0.6,2.6,S,100,< 7 km,Berawan
Kp.Udopi,2025-08-23 20:00:00,24,92,0.6,2.6,S,100,< 7 km,Berawan
Kp.Udopi,2025-08-23 21:00:00,24,92,0.0,2.6,S,100,< 7 km,Berawan
Kp.Udopi,2025-08-23 22:00:00,24,93,0.0,4.7,SW,97,< 6 km,Berawan
Kp.Udopi,2025-08-23 23:00:00,24,93,0.0,4.7,SW,100,< 6 km,Berawan
Kp.Udopi,2025-08-24 00:00:00,24,93,0.0,4.7,SW,100,< 6 km,Berawan
Kp.Udopi,2025-08-24 01:00:00,25,91,0.1,5.9,SE,100,< 7 km,Berawan
Kp.Udopi,2025-08-24 02:00:00,24,92,0.0,3.6,S,100,< 7 km,Berawan
Kp.Udopi,2025-08-24 03:00:00,24,94,0.1,3.6,S,100,< 7 km,Berawan
Kp.Udopi,2025-08-24 04:00:00,24,95,1.3,2.7,S,100,< 7 km,Cerah Berawan
Kp.Udopi,2025-08-24 05:00:00,25,91,0.1,7.3,SE,100,< 7 km,Berawan
Kp.Udopi,2025-08-24 06:00:00,25,92,1.3,7.3,SE,100,< 7 km,Hujan Ringan
Kp.Udopi,2025-08-24 07:00:00,25,93,0.3,6.1,E,100,< 7 km,Berawan
Kp.Udopi,2025-08-24 08:00:00,26,89,1.3,7.7,E,100,< 6 km,Hujan Ringan
Kp.Udopi,2025-08-24 09:00:00,25,90,1.5,6.1,E,100,< 7 km,Hujan Ringan
Kp.Udopi,2025-08-24 10:00:00,26,89,1.5,11.9,E,100,< 6 km,Hujan Ringan
Kp.Udopi,2025-08-24 11:00:00,27,84,0.8,10.1,E,45,< 6 km,Cerah
Kp.Udopi,2025-08-24 12:00:00,26,86,0.0,11.9,E,63,< 6 km,Hujan Ringan
Kp.Udopi,2025-08-24 13:00:00,27,79,0.0,7.6,E,74,< 6 km,Cerah Berawan
Kp.Udopi,2025-08-24 14:00:00,28,78,1.3,5.5,E,79,< 7 km,Hujan Ringan
Kp.Udopi,2025-08-24 15:00:00,27,79,0.0,7.6,E,49,< 6 km,Cerah
Kp.Udopi,2025-08-24 16:00:00,27,82,0.0,2.3,SE,59,< 7 km,Cerah
Kp.Udopi,2025-08-24 17:00:00,26,87,0.4,3.7,E,64,< 8 km,Cerah Berawan
Kp.Udopi,2025-08-24 18:00:00,26,86,0.0,2.3,SE,96,< 7 km,Berawan
Kp.Udopi,2025-08-24 19:00:00,26,87,0.0,7.5,SE,93,< 8 km,Berawan
Kp.Udopi,2025-08-24 20:00:00,26,87,0.0,7.5,SE,74,< 8 km,Cerah Berawan
Kp.Udopi,2025-08-24 21:00:00,26,87,0.0,7.5,SE,92,< 8 km,Berawan
Kp.Udopi,2025-08-24 22:00:00,26,87,0.0,7.6,SE,68,< 8 km,Cerah Berawan
Kp.Udopi,2025-08-24 23:00:00,26,86,0.0,7.6,SE,34,< 8 km,Cerah
Kp.Udopi,2025-08-25 00:00:00,25,87,0.9,7.6,SE,66,< 8 km,Cerah Berawan
Kp.Udopi,2025-08-25 01:00:00,24,91,0.9,8.2,SE,93,< 9 km,Berawan
Kp.Udopi,2025-08-25 02:00:00,24,93,0.9,8.2,SE,99,< 9 km,Berawan
Kp.Udopi,2025-08-25 03:00:00,25,91,0.4,8.2,SE,73,< 9 km,Cerah Berawan
Kp.Udopi,2025-08-25 04:00:00,24,92,0.4,6.5,SE,76,< 8 km,Cerah Berawan
Kp.Udopi,2025-08-25 05:00:00,25,91,0.4,6.5,SE,62,< 8 km,Cerah Berawan
Kp.Udopi,2025-08-25 06:00:00,26,90,0.1,6.5,SE,54,< 8 km,Cerah
Kp.Udopi,2025-08-25 07:00:00,27,86,0.1,7.7,E,31,< 9 km,Cerah
Kp.Udopi,2025-08-25 08:00:00,27,83,0.1,7.7,E,52,< 9 km,Cerah
Kp.Udopi,2025-08-25 09:00:00,26,85,0.0,2.0,W,100,> 10 km,Berawan
Kp.Udopi,2025-08-25 10:00:00,28,78,2.0,10.1,E,41,< 8 km,Hujan Ringan
Kp.Udopi,2025-08-25 11:00:00,29,75,0.4,5.0,NW,81,< 9 km,Hujan Ringan
Kp.Udopi,2025-08-25 12:00:00,28,76,0.0,5.3,NE,98,> 10 km,Hujan Ringan
Kp.Udopi,2025-08-25 13:00:00,28,77,2.0,8.3,E,19,< 8 km,Hujan Ringan
Kp.Udopi,2025-08-25 14:00:00,28,77,0.5,9.8,NW,75,< 8 km,Cerah Berawan
Kp.Udopi,2025-08-25 15:00:00,28,78,0.3,5.7,SE,84,> 10 km,Cerah Berawan
Kp.Udopi,2025-08-25 16:00:00,27,82,2.0,6.0,W,58,< 9 km,Hujan Ringan
Kp.Udopi,2025-08-25 17:00:00,26,88,0.4,8.9,W,95,< 9 km,Berawan
Kp.Udopi,2025-08-25 18:00:00,25,91,0.0,8.8,W,89,> 10 km,Cerah Berawan
Kp.Udopi,2025-08-25 19:00:00,25,91,0.2,8.7,W,28,< 9 km,Cerah
Kp.Udopi,2025-08-25 20:00:00,25,92,0.0,2.5,SW,70,< 9 km,Cerah Berawan
Kp.Udopi,2025-08-25 21:00:00,24,92,0.0,3.4,SW,69,> 10 km,Cerah Berawan
Kp.Udopi,2025-08-25 22:00:00,24,90,0.0,2.7,SW,56,< 9 km,Cerah
Kp.Udopi,2025-08-25 23:00:00,24,92,0.0,4.9,SW,100,> 10 km,Berawan
Kp.Udopi,2025-08-26 00:00:00,24,92,0.0,3.7,SW,90,> 10 km,Cerah Berawan
Kp.Udopi,2025-08-26 01:00:00,23,92,0.0,5.5,SW,100,< 9 km,Berawan
Kp.Udopi,2025-08-26 02:00:00,23,92,0.0,5.5,SW,99,< 9 km,Berawan
Kp.Udopi,2025-08-26 03:00:00,23,91,0.0,3.3,SW,88,> 10 km,Cerah Berawan
Kp.Udopi,2025-08-26 04:00:00,23,91,0.0,3.6,S,100,> 10 km,Berawan
Kp.Udopi,2025-08-26 05:00:00,24,90,0.0,3.6,S,100,> 10 km,Berawan
Kp.Udopi,2025-08-26 06:00:00,24,90,0.0,4.4,SW,94,< 8 km,Berawan
Kp.Udopi,2025-08-26 07:00:00,26,89,0.0,5.0,E,100,> 10 km,Berawan
Kp.Udopi,2025-08-26 08:00:00,27,84,0.0,5.0,E,100,> 10 km,Berawan
Kp.Udopi,2025-08-26 09:00:00,28,79,0.0,5.0,E,100,> 10 km,Berawan
Kp.Udopi,2025-08-26 10:00:00,28,75,0.0,7.9,E,100,> 10 km,Berawan
Kp.Udopi,2025-08-26 11:00:00,29,74,0.0,7.9,E,96,> 10 km,Hujan Ringan
Kp.Udopi,2025-08-26 12:00:00,28,79,1.3,6.9,E,100,< 6 km,Hujan Ringan
Kp.Udopi,2025-08-26 13:00:00,29,74,0.6,4.8,SW,68,> 10 km,Cerah Berawan
Kp.Udopi,2025-08-26 14:00:00,28,78,0.6,4.8,SW,93,> 10 km,Berawan
Kp.Udopi,2025-08-26 15:00:00,27,84,1.3,3.7,W,98,< 6 km,Hujan Ringan
Kp.Udopi,2025-08-26 16:00:00,26,88,1.2,4.7,SW,100,< 9 km,Hujan Ringan
Kp.Udopi,2025-08-26 17:00:00,26,91,1.2,4.7,SW,100,< 9 km,Hujan Ringan
Kp.Udopi,2025-08-26 18:00:00,25,95,0.2,4.0,SE,99,< 7 km,Berawan
Kp.Udopi,2025-08-26 19:00:00,24,94,1.6,4.5,W,99,< 9 km,Hujan Ringan
Kp.Udopi,2025-08-26 20:00:00,24,94,1.6,4.5,W,96,< 9 km,Hujan Ringan
Kp.Udopi,2025-08-26 21:00:00,24,92,0.0,6.4,SE,93,< 6 km,Berawan
Kp.Udopi,2025-08-26 22:00:00,25,92,0.0,4.5,S,97,< 7 km,Berawan
Kp.Udopi,2025-08-26 23:00:00,25,92,0.0,4.5,S,96,< 7 km,Berawan
Kp.Udopi,2025-08-27 00:00:00,24,92,0.0,4.5,S,99,< 7 km,Berawan
Kp.Udopi,2025-08-27 01:00:00,24,91,0.0,3.3,SE,100,< 7 km,Berawan
Kp.Udopi,2025-08-27 02:00:00,24,92,0.0,2.8,S,100,< 7 km,Berawan
Kp.Udopi,2025-08-27 03:00:00,24,91,0.0,2.8,S,100,< 7 km,Berawan
Kp.Udopi,2025-08-27 04:00:00,25,89,1.3,8.5,E,100,< 7 km,Hujan Ringan
Kp.Udopi,2025-08-27 05:00:00,24,90,0.0,1.9,SW,100,< 6 km,Berawan
Kp.Udopi,2025-08-27 06:00:00,25,91,0.2,1.9,SW,100,< 6 km,Berawan
Kp.Udopi,2025-08-27 07:00:00,26,88,0.1,11.6,E,100,< 7 km,Berawan
Kp.Udopi,2025-08-27 08:00:00,27,88,0.2,3.2,W,99,< 6 km,Berawan
Kp.Udopi,2025-08-27 09:00:00,27,85,0.5,3.2,W,100,< 6 km,Berawan
Kp.Udopi,2025-08-27 10:00:00,28,79,0.1,11.3,E,100,< 6 km,Hujan Ringan
Kp.Udopi,2025-08-27 11:00:00,28,81,0.5,5.6,NE,97,< 6 km,Berawan
Kp.Udopi,2025-08-27 12:00:00,28,79,1.3,5.6,NE,91,< 6 km,Hujan Ringan
Kp.Udopi,2025-08-27 13:00:00,28,80,2.4,9.7,W,100,< 7 km,Hujan Ringan
Kp.Udopi,2025-08-27 14:00:00,26,90,2.4,9.7,W,100,< 7 km,Hujan Ringan
Kp.Udopi,2025-08-27 15:00:00,25,94,0.8,9.7,W,100,< 7 km,Hujan Ringan
Kp.Udopi,2025-08-27 16:00:00,25,94,0.8,10.2,W,100,< 8 km,Berawan
Kp.Udopi,2025-08-27 17:00:00,24,94,0.8,10.2,W,100,< 8 km,Hujan Ringan
Kp.Udopi,2025-08-27 18:00:00,24,95,0.2,10.2,W,100,< 8 km,Berawan
Kp.Udopi,2025-08-27 19:00:00,24,95,0.2,9.3,SW,100,< 8 km,Berawan
Kp.Udopi,2025-08-27 20:00:00,24,94,0.2,9.3,SW,100,< 8 km,Hujan Ringan
Kp.Udopi,2025-08-27 21:00:00,24,96,0.5,9.3,SW,100,< 8 km,Berawan
Kp.Udopi,2025-08-27 22:00:00,24,95,0.5,2.0,S,100,< 8 km,Berawan
Kp.Udopi,2025-08-27 23:00:00,24,95,0.5,2.0,S,100,< 8 km,Hujan Ringan
Kp.Udopi,2025-08-28 00:00:00,24,95,0.0,2.0,S,98,< 8 km,Hujan Ringan
Kp.Udopi,2025-08-28 01:00:00,24,94,0.0,4.6,SE,100,< 8 km,Hujan Ringan
Kp.Udopi,2025-08-28 02:00:00,24,94,0.0,4.6,SE,100,< 8 km,Berawan
Kp.Udopi,2025-08-28 03:00:00,24,93,0.0,4.6,SE,100,< 8 km,Berawan
Kp.Udopi,2025-08-28 04:00:00,24,93,0.0,4.2,SW,100,< 8 km,Berawan
Kp.Udopi,2025-08-28 05:00:00,24,93,0.0,4.2,SW,100,< 8 km,Berawan
Kp.Udopi,2025-08-28 06:00:00,24,93,0.0,4.2,SW,100,< 8 km,Berawan
Kp.Udopi,2025-08-28 07:00:00,26,93,0.0,0.8,E,99,< 8 km,Berawan
Kp.Udopi,2025-08-28 08:00:00,27,83,0.0,0.8,E,99,< 8 km,Berawan
Kp.Udopi,2025-08-28 09:00:00,28,81,0.1,0.8,E,100,< 8 km,Berawan
Kp.Udopi,2025-08-28 10:00:00,28,75,0.1,6.7,E,96,< 9 km,Berawan
Kp.Udopi,2025-08-28 11:00:00,29,72,0.1,6.7,E,60,< 9 km,Cerah
Kp.Udopi,2025-08-28 12:00:00,29,70,2.0,6.7,E,83,< 9 km,Hujan Ringan
Kp.Udopi,2025-08-28 13:00:00,29,69,2.0,2.7,SW,94,< 9 km,Hujan Ringan
Kp.Udopi,2025-08-28 14:00:00,29,70,2.0,2.7,SW,76,< 9 km,Hujan Ringan
Kp.Udopi,2025-08-28 15:00:00,28,77,2.0,2.7,SW,99,< 9 km,Hujan Ringan
Kp.Udopi,2025-08-28 16:00:00,27,81,2.0,6.5,SW,99,< 9 km,Hujan Ringan
Kp.Udopi,2025-08-28 17:00:00,26,88,2.0,6.5,SW,97,< 9 km,Hujan Ringan
Kp.Udopi,2025-08-28 18:00:00,26,84,0.0,2.3,S,99,< 9 km,Berawan
Kp.Udopi,2025-08-28 19:00:00,25,92,1.0,2.3,S,71,< 8 km,Hujan Ringan
Kp.Udopi,2025-08-28 20:00:00,26,88,0.0,1.2,SW,36,< 8 km,Cerah
Kp.Udopi,2025-08-28 21:00:00,25,87,0.0,1.2,SW,26,< 8 km,Cerah
Kp.Udopi,2025-08-28 22:00:00,25,87,0.0,1.6,SW,46,< 8 km,Cerah
Kp.Udopi,2025-08-28 23:00:00,25,89,0.0,8.7,SW,100,< 6 km,Berawan
Kp.Udopi,2025-08-29 00:00:00,25,89,0.0,8.7,SW,100,< 6 km,Berawan
Kp.Udopi,2025-08-29 01:00:00,24,88,0.0,7.4,SW,100,< 6 km,Berawan
Kp.Udopi,2025-08-29 02:00:00,24,87,0.0,7.4,SW,100,< 6 km,Berawan
Kp.Udopi,2025-08-29 03:00:00,24,87,0.0,7.4,SW,100,< 6 km,Berawan
Kp.Udopi,2025-08-29 04:00:00,24,86,0.0,6.0,SW,100,< 7 km,Berawan
Kp.Udopi,2025-08-29 05:00:00,24,84,0.0,6.0,SW,100,< 7 km,Berawan
Kp.Udopi,2025-08-29 06:00:00,25,85,0.0,6.0,SW,86,< 7 km,Cerah Berawan
Kp.Udopi,2025-08-29 07:00:00,27,83,0.0,1.7,SW,95,< 7 km,Berawan
Kp.Udopi,2025-08-29 08:00:00,28,78,0.0,1.7,SW,99,< 7 km,Berawan
Kp.Udopi,2025-08-29 09:00:00,29,73,1.3,1.7,SW,100,< 7 km,Hujan Ringan
Kp.Udopi,2025-08-29 10:00:00,29,73,1.3,5.2,E,100,< 6 km,Hujan Ringan
Kp.Udopi,2025-08-29 11:00:00,29,74,1.3,5.2,E,100,< 6 km,Hujan Ringan
Kp.Udopi,2025-08-29 12:00:00,29,83,1.3,2.6,SE,100,< 6 km,Berawan
Kp.Udopi,2025-08-29 13:00:00,29,76,1.3,2.4,SW,100,< 7 km,Hujan Ringan
Kp.Udopi,2025-08-29 14:00:00,28,81,1.3,2.4,SW,100,< 7 km,Hujan Ringan
Kp.Udopi,2025-08-29 15:00:00,27,75,0.0,3.1,NW,100,< 6 km,Berawan
Kp.Udopi,2025-08-29 16:00:00,27,86,0.4,2.7,SW,100,< 7 km,Berawan
Kp.Udopi,2025-08-29 17:00:00,26,90,0.4,2.7,SW,100,< 7 km,Berawan
Kp.Udopi,2025-08-29 18:00:00,26,86,0.0,0.6,SW,95,< 6 km,Berawan
Kp.Udopi,2025-08-29 19:00:00,26,90,0.0,4.6,SE,100,< 7 km,Berawan
Kp.Udopi,2025-08-29 20:00:00,26,88,0.0,4.6,SE,96,< 7 km,Berawan
Kp.Udopi,2025-08-29 21:00:00,26,91,0.0,8.9,W,83,< 7 km,Cerah Berawan
Kp.Udopi,2025-08-29 22:00:00,26,85,0.0,3.8,SE,99,< 6 km,Berawan
Kp.Udopi,2025-08-29 23:00:00,26,85,0.0,3.8,SE,100,< 6 km,Berawan
Kp.Udopi,2025-08-30 00:00:00,24,91,0.0,2.7,S,100,< 9 km,Hujan Ringan
Kp.Udopi,2025-08-30 01:00:00,24,88,0.0,4.9,S,98,< 9 km,Hujan Ringan
Kp.Udopi,2025-08-30 02:00:00,26,88,0.0,5.9,S,66,< 7 km,Cerah Berawan
Kp.Udopi,2025-08-30 03:00:00,25,86,0.0,4.9,S,99,< 9 km,Berawan
Kp.Udopi,2025-08-30 04:00:00,24,87,0.0,4.6,SW,98,< 8 km,Berawan
Kp.Udopi,2025-08-30 05:00:00,26,89,0.0,12.2,SE,26,< 6 km,Cerah
Kp.Udopi,2025-08-30 06:00:00,25,90,0.0,4.6,SW,94,< 8 km,Berawan
Kp.Udopi,2025-08-30 07:00:00,27,86,0.0,2.9,NW,98,< 9 km,Berawan
Kp.Udopi,2025-08-30 08:00:00,28,78,0.0,15.1,E,9,> 10 km,Cerah
Kp.Udopi,2025-08-30 09:00:00,29,75,0.0,2.9,NW,91,< 9 km,Berawan
Kp.Udopi,2025-08-30 10:00:00,30,72,0.0,7.7,E,90,< 8 km,Berawan
Kp.Udopi,2025-08-30 11:00:00,30,71,0.0,7.7,E,20,< 8 km,Cerah
Kp.Udopi,2025-08-30 12:00:00,29,78,0.4,6.8,E,42,< 8 km,Berawan
Kp.Udopi,2025-08-30 13:00:00,29,77,0.4,5.3,SE,28,< 8 km,Cerah
Kp.Udopi,2025-08-30 14:00:00,28,79,0.4,5.3,SE,47,< 8 km,Cerah
Kp.Udopi,2025-08-30 15:00:00,27,83,0.3,5.3,SE,94,< 8 km,Berawan
Kp.Udopi,2025-08-30 16:00:00,27,86,0.3,5.8,S,86,< 8 km,Cerah Berawan
Kp.Udopi,2025-08-30 17:00:00,26,90,0.3,5.8,S,93,< 8 km,Berawan
Kp.Udopi,2025-08-30 18:00:00,26,90,0.1,5.8,S,55,< 8 km,Cerah
Kp.Udopi,2025-08-30 19:00:00,25,92,0.1,3.2,S,88,< 8 km,Cerah Berawan
Kp.Udopi,2025-08-30 20:00:00,25,92,0.1,3.2,S,70,< 8 km,Cerah Berawan
Kp.Udopi,2025-08-30 21:00:00,25,92,0.0,3.2,S,76,< 8 km,Cerah Berawan
Kp.Udopi,2025-08-30 22:00:00,24,94,0.0,5.8,SW,99,< 8 km,Berawan
Kp.Udopi,2025-08-30 23:00:00,24,92,0.0,6.2,SW,88,< 7 km,Cerah Berawan
Kp.Udopi,2025-08-31 00:00:00,24,90,0.0,6.2,SW,98,< 7 km,Berawan
Kp.Udopi,2025-08-31 01:00:00,24,92,0.0,5.3,SW,100,< 7 km,Berawan
Kp.Udopi,2025-08-31 02:00:00,24,93,0.0,5.3,SW,99,< 7 km,Berawan
Kp.Udopi,2025-08-31 03:00:00,24,92,0.2,5.3,SW,100,< 7 km,Berawan
Kp.Udopi,2025-08-31 04:00:00,24,90,0.2,5.0,S,100,< 7 km,Berawan
Kp.Udopi,2025-08-31 05:00:00,24,90,0.2,5.0,S,100,< 7 km,Berawan
Kp.Udopi,2025-08-31 06:00:00,25,91,0.0,5.0,S,100,< 7 km,Berawan
Kp.Udopi,2025-08-31 07:00:00,26,86,0.0,7.7,E,100,< 6 km,Berawan
Kp.Udopi,2025-08-31 08:00:00,27,81,0.0,7.7,E,100,< 6 km,Berawan
Kp.Udopi,2025-08-31 09:00:00,28,78,0.0,7.7,E,100,< 6 km,Berawan
Kp.Udopi,2025-08-31 10:00:00,29,76,0.0,9.5,E,100,< 7 km,Berawan
Kp.Udopi,2025-08-31 11:00:00,29,74,0.0,9.4,E,88,< 9 km,Hujan Ringan
Kp.Udopi,2025-08-31 12:00:00,29,76,0.1,9.4,E,99,< 9 km,Hujan Ringan
Kp.Udopi,2025-08-31 13:00:00,29,77,0.1,4.6,E,96,< 8 km,Berawan
Kp.Udopi,2025-08-31 14:00:00,29,74,0.1,4.6,E,86,< 8 km,Cerah Berawan
Kp.Udopi,2025-08-31 15:00:00,29,76,0.0,4.6,E,84,< 8 km,Cerah Berawan
Kp.Udopi,2025-08-31 16:00:00,28,79,0.0,2.7,SE,89,< 9 km,Cerah Berawan
Kp.Udopi,2025-08-31 17:00:00,27,88,0.0,2.7,SE,88,< 9 km,Cerah Berawan
Kp.Udopi,2025-08-31 18:00:00,26,89,0.0,2.7,SE,91,< 9 km,Berawan
Kp.Udopi,2025-08-31 19:00:00,26,90,0.0,2.0,S,92,< 8 km,Berawan
Kp.Udopi,2025-08-31 20:00:00,26,90,0.0,2.0,S,67,< 8 km,Cerah Berawan
Kp.Udopi,2025-08-31 21:00:00,26,89,0.1,2.0,S,54,< 8 km,Cerah
Kp.Udopi,2025-08-31 22:00:00,25,89,0.1,3.3,S,98,< 8 km,Berawan
Kp.Udopi,2025-08-31 23:00:00,25,89,0.1,3.3,S,99,< 8 km,Berawan
Kp.Udopi,2025-09-01 00:00:00,25,93,0.1,0.5,SW,98,< 7 km,Berawan
Kp.Udopi,2025-09-01 01:00:00,25,90,0.4,11.8,E,98,< 9 km,Berawan
Kp.Udopi,2025-09-01 02:00:00,25,89,0.4,11.8,E,100,< 9 km,Berawan
Kp.Udopi,2025-09-01 03:00:00,25,91,0.2,10.6,SE,98,< 7 km,Berawan
Kp.Udopi,2025-09-01 04:00:00,25,89,0.3,14.5,E,100,< 6 km,Berawan
Kp.Udopi,2025-09-01 05:00:00,25,89,0.3,14.5,E,100,< 6 km,Berawan
Kp.Udopi,2025-09-01 06:00:00,25,91,1.7,12.5,E,100,< 7 km,Hujan Ringan
Kp.Udopi,2025-09-01 07:00:00,26,90,0.8,14.5,E,100,< 7 km,Berawan
Kp.Udopi,2025-09-01 08:00:00,26,90,0.8,14.5,E,100,< 7 km,Berawan
Kp.Udopi,2025-09-01 09:00:00,25,90,0.4,19.2,E,100,< 7 km,Berawan
Kp.Udopi,2025-09-01 10:00:00,26,87,0.4,18.4,E,100,< 6 km,Hujan Ringan
Kp.Udopi,2025-09-01 11:00:00,26,89,0.9,15.0,E,100,< 5 km,Hujan Ringan
Kp.Udopi,2025-09-01 12:00:00,26,91,0.4,15.0,E,100,< 5 km,Hujan Ringan
Kp.Udopi,2025-09-01 13:00:00,26,90,0.4,15.6,E,100,< 7 km,Berawan
Kp.Udopi,2025-09-01 14:00:00,26,88,0.4,15.6,E,100,< 7 km,Berawan
Kp.Udopi,2025-09-01 15:00:00,26,86,0.0,15.6,E,100,< 7 km,Berawan
Kp.Udopi,2025-09-01 16:00:00,26,87,0.0,13.3,E,100,< 7 km,Berawan
Kp.Udopi,2025-09-01 17:00:00,26,88,0.0,13.3,E,100,< 7 km,Berawan
Kp.Udopi,2025-09-01 18:00:00,26,87,0.0,13.3,E,100,< 7 km,Berawan
Kp.Udopi,2025-09-01 19:00:00,26,87,0.0,12.5,E,100,< 7 km,Berawan
Kp.Udopi,2025-09-01 20:00:00,26,87,0.0,12.5,E,100,< 7 km,Berawan
Kp.Udopi,2025-09-01 21:00:00,26,86,0.1,12.5,E,98,< 7 km,Berawan
Kp.Udopi,2025-09-01 22:00:00,27,83,0.1,16.0,E,99,< 7 km,Hujan Ringan
Kp.Udopi,2025-09-01 23:00:00,26,86,0.1,16.0,E,94,< 7 km,Cerah Berawan
Kp.Udopi,2025-09-02 00:00:00,26,88,0.3,15.2,E,98,> 10 km,Berawan
Kp.Udopi,2025-09-02 01:00:00,25,88,0.3,10.7,E,99,< 8 km,Berawan
Kp.Udopi,2025-09-02 02:00:00,25,88,0.3,11.7,E,100,< 6 km,Berawan
Kp.Udopi,2025-09-02 03:00:00,25,90,0.6,10.7,E,100,< 8 km,Berawan
Kp.Udopi,2025-09-02 04:00:00,25,90,0.6,11.5,E,100,> 10 km,Berawan
Kp.Udopi,2025-09-02 05:00:00,25,88,0.2,9.9,E,100,< 6 km,Berawan
Kp.Udopi,2025-09-02 06:00:00,26,88,0.8,11.5,E,100,> 10 km,Berawan
Kp.Udopi,2025-09-02 07:00:00,26,88,0.8,15.7,E,100,< 8 km,Berawan
Kp.Udopi,2025-09-02 08:00:00,26,89,0.8,15.7,E,100,< 8 km,Berawan
Kp.Udopi,2025-09-02 09:00:00,26,90,0.5,15.7,E,100,< 8 km,Hujan Ringan
Kp.Udopi,2025-09-02 10:00:00,26,87,0.5,16.9,E,100,> 10 km,Hujan Ringan
Kp.Udopi,2025-09-02 11:00:00,28,78,0.2,17.2,E,100,< 9 km,Hujan Ringan
Kp.Udopi,2025-09-02 12:00:00,28,79,0.2,17.2,E,99,< 9 km,Hujan Ringan
Kp.Udopi,2025-09-02 13:00:00,28,80,0.2,11.1,E,99,< 9 km,Hujan Ringan
Kp.Udopi,2025-09-02 14:00:00,27,81,0.2,11.1,E,94,< 9 km,Hujan Ringan
Kp.Udopi,2025-09-02 15:00:00,27,81,0.1,11.1,E,87,< 9 km,Cerah Berawan
Kp.Udopi,2025-09-02 16:00:00,27,82,0.1,4.0,E,85,< 9 km,Cerah Berawan
Kp.Udopi,2025-09-02 17:00:00,27,84,0.1,4.0,E,77,< 9 km,Cerah Berawan
Kp.Udopi,2025-09-02 18:00:00,26,85,0.0,4.0,E,91,< 9 km,Berawan
Kp.Udopi,2025-09-02 19:00:00,26,84,0.0,9.3,E,70,< 8 km,Hujan Ringan
Kp.Udopi,2025-09-02 20:00:00,26,84,0.0,9.3,E,60,< 8 km,Cerah Berawan
Kp.Udopi,2025-09-02 21:00:00,26,85,0.1,9.3,E,39,< 8 km,Cerah
Kp.Udopi,2025-09-02 22:00:00,26,85,0.1,11.8,SE,34,< 8 km,Cerah
Kp.Udopi,2025-09-02 23:00:00,26,84,0.1,11.8,SE,28,< 8 km,Cerah
Kp.Udopi,2025-09-03 00:00:00,26,88,0.6,11.8,SE,76,< 8 km,Cerah Berawan
Kp.Udopi,2025-09-03 01:00:00,25,88,0.6,17.7,E,83,< 8 km,Cerah Berawan
Kp.Udopi,2025-09-03 02:00:00,25,91,0.6,17.7,E,92,< 8 km,Berawan
Kp.Udopi,2025-09-03 03:00:00,24,91,0.2,17.7,E,77,< 8 km,Cerah Berawan
Kp.Udopi,2025-09-03 04:00:00,24,91,0.2,8.8,E,37,< 8 km,Cerah
Kp.Udopi,2025-09-03 05:00:00,24,90,0.2,8.8,E,28,< 8 km,Cerah
Kp.Udopi,2025-09-03 06:00:00,25,88,0.1,8.8,E,36,< 8 km,Cerah
Kp.Udopi,2025-09-03 07:00:00,26,83,0.1,13.0,E,42,< 9 km,Cerah
Kp.Udopi,2025-09-03 08:00:00,27,80,0.1,13.0,E,42,< 9 km,Cerah
Kp.Udopi,2025-09-03 09:00:00,27,82,0.2,13.0,E,27,< 9 km,Cerah
Kp.Udopi,2025-09-03 10:00:00,28,80,0.2,15.9,E,41,< 9 km,Cerah
Kp.Udopi,2025-09-03 11:00:00,28,77,0.2,15.6,E,19,< 9 km,Cerah
Kp.Udopi,2025-09-03 12:00:00,28,78,0.0,15.9,E,26,< 9 km,Cerah
Kp.Udopi,2025-09-03 13:00:00,28,79,0.0,12.4,E,21,< 8 km,Cerah
Kp.Udopi,2025-09-03 14:00:00,28,79,0.0,12.4,E,16,< 8 km,Hujan Ringan
Kp.Udopi,2025-09-03 15:00:00,28,80,0.1,12.4,E,22,< 8 km,Hujan Ringan
Kp.Udopi,2025-09-03 16:00:00,27,79,0.1,4.7,SE,36,< 9 km,Cerah
Kp.Udopi,2025-09-03 17:00:00,27,84,0.1,4.7,SE,39,< 9 km,Hujan Ringan
Kp.Udopi,2025-09-03 18:00:00,26,85,0.1,4.7,SE,34,< 9 km,Cerah
Kp.Udopi,2025-09-03 19:00:00,26,85,0.1,2.1,S,30,< 9 km,Cerah
Kp.Udopi,2025-09-03 20:00:00,26,86,0.1,2.1,S,56,< 9 km,Cerah
Kp.Udopi,2025-09-03 21:00:00,26,88,0.9,2.1,S,83,< 9 km,Cerah Berawan
Kp.Udopi,2025-09-03 22:00:00,25,91,0.9,6.4,SE,98,< 8 km,Berawan
Kp.Udopi,2025-09-03 23:00:00,25,93,0.9,6.4,SE,99,< 8 km,Berawan
Kp.Udopi,2025-09-04 00:00:00,24,91,0.4,2.5,SW,99,< 7 km,Berawan
Kp.Udopi,2025-09-04 01:00:00,24,92,0.4,2.8,S,99,< 6 km,Berawan
Kp.Udopi,2025-09-04 02:00:00,25,92,0.4,7.1,SE,95,< 8 km,Berawan
Kp.Udopi,2025-09-04 03:00:00,24,94,0.5,2.8,S,95,< 6 km,Berawan
Kp.Udopi,2025-09-04 04:00:00,24,93,0.5,6.2,SE,78,< 6 km,Cerah Berawan
Kp.Udopi,2025-09-04 05:00:00,24,93,0.9,7.5,SE,98,< 8 km,Berawan
Kp.Udopi,2025-09-04 06:00:00,24,93,0.2,6.2,SE,98,< 6 km,Berawan
Kp.Udopi,2025-09-04 07:00:00,25,90,0.2,9.1,E,54,< 7 km,Cerah
Kp.Udopi,2025-09-04 08:00:00,26,86,0.2,9.1,E,53,< 7 km,Cerah
Kp.Udopi,2025-09-04 09:00:00,27,82,0.1,9.1,E,41,< 7 km,Cerah
Kp.Udopi,2025-09-04 10:00:00,28,78,0.1,18.0,E,61,< 7 km,Cerah Berawan
Kp.Udopi,2025-09-04 11:00:00,28,78,0.1,18.0,E,41,< 7 km,Hujan Ringan
Kp.Udopi,2025-09-04 12:00:00,28,78,1.3,12.1,E,38,< 7 km,Hujan Ringan
Kp.Udopi,2025-09-04 13:00:00,28,77,0.1,14.6,E,46,< 7 km,Cerah
Kp.Udopi,2025-09-04 14:00:00,28,80,1.3,9.5,E,93,< 6 km,Hujan Ringan
Kp.Udopi,2025-09-04 15:00:00,27,79,1.3,9.5,E,90,< 6 km,Hujan Ringan
Kp.Udopi,2025-09-04 16:00:00,27,80,1.3,5.7,SE,89,< 7 km,Hujan Ringan
Kp.Udopi,2025-09-04 17:00:00,26,85,1.3,5.7,SE,100,< 7 km,Hujan Ringan
Kp.Udopi,2025-09-04 18:00:00,26,86,0.0,5.7,SE,100,< 7 km,Berawan
Kp.Udopi,2025-09-04 19:00:00,26,86,0.0,8.3,SE,100,< 6 km,Berawan
Kp.Udopi,2025-09-04 20:00:00,26,86,0.0,8.3,SE,100,< 6 km,Berawan
Kp.Udopi,2025-09-04 21:00:00,26,85,0.2,8.3,SE,100,< 6 km,Berawan
Kp.Udopi,2025-09-04 22:00:00,26,86,0.2,12.8,E,98,< 6 km,Berawan
Kp.Udopi,2025-09-04 23:00:00,26,87,0.2,12.8,E,98,< 6 km,Berawan
Kp.Udopi,2025-09-05 00:00:00,26,89,0.9,12.8,E,99,< 6 km,Berawan
Kp.Udopi,2025-09-05 01:00:00,25,91,0.9,6.6,SE,100,< 6 km,Berawan
Kp.Udopi,2025-09-05 02:00:00,25,92,0.9,6.6,SE,99,< 6 km,Berawan
Kp.Udopi,2025-09-05 03:00:00,25,93,1.1,6.6,SE,99,< 6 km,Hujan Ringan
Kp.Udopi,2025-09-05 04:00:00,24,93,1.1,7.6,E,98,< 6 km,Hujan Ringan
Kp.Udopi,2025-09-05 05:00:00,25,92,1.1,7.6,E,99,< 6 km,Hujan Ringan
Kp.Udopi,2025-09-05 06:00:00,25,92,0.8,7.6,E,100,< 6 km,Berawan
Kp.Udopi,2025-09-05 07:00:00,26,91,0.8,11.7,E,94,< 6 km,Berawan
Kp.Udopi,2025-09-05 08:00:00,26,89,0.8,11.7,E,60,< 6 km,Cerah Berawan
Kp.Udopi,2025-09-05 09:00:00,27,87,1.3,11.7,E,86,< 6 km,Hujan Ringan
Kp.Udopi,2025-09-05 10:00:00,26,89,1.3,11.9,E,98,< 7 km,Hujan Ringan
Kp.Udopi,2025-09-05 11:00:00,26,89,1.3,11.9,E,77,< 7 km,Hujan Ringan
Kp.Udopi,2025-09-05 12:00:00,27,84,1.3,11.9,E,89,< 7 km,Hujan Ringan
Kp.Udopi,2025-09-05 13:00:00,28,79,1.3,9.1,E,88,< 7 km,Hujan Ringan
Kp.Udopi,2025-09-05 14:00:00,28,78,1.3,9.1,E,70,< 7 km,Hujan Ringan
Kp.Udopi,2025-09-05 15:00:00,28,78,0.0,9.1,E,97,< 7 km,Berawan
Kp.Udopi,2025-09-05 16:00:00,27,81,0.0,2.8,SE,100,< 7 km,Berawan
Kp.Udopi,2025-09-05 17:00:00,27,85,0.0,2.8,SE,100,< 7 km,Berawan
Kp.Udopi,2025-09-05 18:00:00,26,87,0.0,2.8,SE,100,< 7 km,Berawan
Kp.Udopi,2025-09-05 19:00:00,26,86,0.0,3.7,SE,100,< 6 km,Berawan
Kp.Udopi,2025-09-05 20:00:00,26,87,0.0,3.7,SE,100,< 6 km,Berawan
Kp.Udopi,2025-09-05 21:00:00,26,88,0.2,3.7,SE,99,< 6 km,Berawan
Kp.Udopi,2025-09-05 22:00:00,25,88,0.2,8.2,SE,99,< 7 km,Berawan
Kp.Udopi,2025-09-05 23:00:00,25,89,0.2,8.2,SE,100,< 7 km,Berawan
Kp.Udopi,2025-09-06 00:00:00,25,89,0.1,8.2,SE,100,< 7 km,Berawan
Kp.Udopi,2025-09-06 01:00:00,25,88,0.1,5.3,SE,100,< 7 km,Berawan
Kp.Udopi,2025-09-06 02:00:00,25,88,0.1,5.3,SE,100,< 7 km,Berawan
Kp.Udopi,2025-09-06 03:00:00,25,92,0.7,5.3,SE,97,< 7 km,Berawan
Kp.Udopi,2025-09-06 04:00:00,25,92,0.7,7.0,SE,91,< 6 km,Berawan
Kp.Udopi,2025-09-06 05:00:00,25,91,0.7,7.0,SE,77,< 6 km,Cerah Berawan
Kp.Udopi,2025-09-06 06:00:00,26,91,0.1,7.0,SE,51,< 6 km,Cerah
Kp.Udopi,2025-09-06 07:00:00,27,87,0.1,12.7,E,47,< 6 km,Cerah
Kp.Udopi,2025-09-06 08:00:00,27,83,0.1,12.7,E,20,< 6 km,Cerah
Kp.Udopi,2025-09-06 09:00:00,28,78,0.2,12.7,E,53,< 6 km,Cerah
Kp.Udopi,2025-09-06 10:00:00,28,81,0.2,12.7,E,32,< 6 km,Cerah
Kp.Udopi,2025-09-06 11:00:00,29,77,0.2,12.7,E,29,< 6 km,Cerah
Kp.Udopi,2025-09-06 12:00:00,29,75,0.2,11.0,E,20,< 6 km,Cerah
Kp.Udopi,2025-09-06 13:00:00,29,75,0.2,11.0,E,20,< 6 km,Cerah
Kp.Udopi,2025-09-06 14:00:00,29,77,0.2,11.0,E,64,< 6 km,Cerah Berawan
Kp.Udopi,2025-09-06 15:00:00,28,79,0.6,11.0,E,95,< 6 km,Berawan
Kp.Udopi,2025-09-06 16:00:00,28,81,0.6,11.0,E,95,< 6 km,Berawan
Kp.Udopi,2025-09-06 17:00:00,27,87,0.6,11.0,E,96,< 6 km,Berawan
Kp.Udopi,2025-09-06 18:00:00,26,89,0.6,3.7,W,98,< 7 km,Berawan
Kp.Udopi,2025-09-06 19:00:00,25,94,0.6,3.7,W,100,< 7 km,Berawan
Kp.Udopi,2025-09-06 20:00:00,25,91,0.6,3.7,W,99,< 7 km,Berawan
Kp.Udopi,2025-09-06 21:00:00,25,93,0.7,3.7,W,93,< 7 km,Berawan
Kp.Udopi,2025-09-06 22:00:00,25,93,0.7,3.7,W,96,< 7 km,Berawan
Kp.Udopi,2025-09-06 23:00:00,24,94,0.7,3.7,W,95,< 7 km,Berawan
